"celltype","region","contrast","type","log2_OR","odds.ratio","SE","p.value","p_adj","estimate"
"Astrocytes1","Arteries","Amyloid_effect","Amyloid",-0.374685015608049,0.771273786947543,0.124824393543055,0.108554114467534,0.293734662676857,NA
"Astrocytes2","Arteries","Amyloid_effect","Amyloid",0.675921290783557,1.59761666923383,0.437172429748994,0.0868693230660336,0.249749303814847,NA
"Astrocytes3","Arteries","Amyloid_effect","Amyloid",0.0825802894630902,1.05891023046023,0.205591104604393,0.768131519973199,0.920063065304656,NA
"Astrocytes4","Arteries","Amyloid_effect","Amyloid",0.886142662039131,1.84822789933388,0.280410238436029,5.15538769567105e-05,0.000910193777029606,NA
"Astrocytes5","Arteries","Amyloid_effect","Amyloid",0.148531559019087,1.10844067609082,0.18928998730381,0.546590243081485,0.848164750597573,NA
"Endothelial","Arteries","Amyloid_effect","Amyloid",0.173952466909756,1.12814496736968,0.201136655632082,0.498859730364982,0.819555271313899,NA
"ExNeuron1","Arteries","Amyloid_effect","Amyloid",0.264710114198157,1.20139462481414,0.298711053730231,0.460541271002339,0.815867169635772,NA
"ExNeuron10","Arteries","Amyloid_effect","Amyloid",0.859699922433273,1.81466082570161,0.487699269004698,0.0266056484283739,0.0874185591217998,NA
"ExNeuron11","Arteries","Amyloid_effect","Amyloid",1.60498421005566,3.04192421318338,0.644455426166261,1.51179257940963e-07,6.95424586528429e-06,NA
"ExNeuron12","Arteries","Amyloid_effect","Amyloid",0.202400137304,1.15061097570647,0.319721372820887,0.613639088285824,0.848164750597573,NA
"ExNeuron13","Arteries","Amyloid_effect","Amyloid",0.0841861539315568,1.06008956012611,0.288257682025971,0.830079933659432,0.920063065304656,NA
"ExNeuron14","Arteries","Amyloid_effect","Amyloid",0.958884567057814,1.94380644186366,0.525699451710895,0.0139877492733515,0.0584942242340154,NA
"ExNeuron2","Arteries","Amyloid_effect","Amyloid",0.147814985879108,1.10789026067352,0.223115534459191,0.610922181456287,0.848164750597573,NA
"ExNeuron3","Arteries","Amyloid_effect","Amyloid",0.136666422350105,1.09936192721117,0.204676655147409,0.61088209958156,0.848164750597573,NA
"ExNeuron4","Arteries","Amyloid_effect","Amyloid",0.0128788830537596,1.00896692562905,0.240730764150135,0.970153889748848,0.978282487500314,NA
"ExNeuron5","Arteries","Amyloid_effect","Amyloid",-0.052445279340859,0.964300512966275,0.173692247122063,0.84005758136512,0.920063065304656,NA
"ExNeuron6","Arteries","Amyloid_effect","Amyloid",-0.506227410700036,0.704061124197517,0.220702683518441,0.26298209757457,0.582581258578318,NA
"ExNeuron7","Arteries","Amyloid_effect","Amyloid",0.306614742321781,1.23680215859812,0.328419769813861,0.423497915505348,0.815867169635772,NA
"ExNeuron8","Arteries","Amyloid_effect","Amyloid",0.00741717746006495,1.00515443426821,0.189833680897409,0.978282487500314,0.978282487500314,NA
"ExNeuron9","Arteries","Amyloid_effect","Amyloid",0.144534220570691,1.10537372171109,0.30751319309417,0.718760939221701,0.893594681194547,NA
"Fibroblast","Arteries","Amyloid_effect","Amyloid",0.438060855192466,1.3547821231646,0.262623161524174,0.117260348445351,0.299665334915896,NA
"InhNeuron1","Arteries","Amyloid_effect","Amyloid",0.416907750182552,1.33506293303676,0.346817871191248,0.265961009350971,0.582581258578318,NA
"InhNeuron2","Arteries","Amyloid_effect","Amyloid",0.911048727653824,1.88041191567775,0.482989527011814,0.0139492086219981,0.0584942242340154,NA
"InhNeuron3","Arteries","Amyloid_effect","Amyloid",-0.241576864627316,0.845820325950597,0.181554151848523,0.435329419942198,0.815867169635772,NA
"InhNeuron4","Arteries","Amyloid_effect","Amyloid",0.295177886191119,1.22703626310765,0.340657954712488,0.461142313272393,0.815867169635772,NA
"InhNeuron5","Arteries","Amyloid_effect","Amyloid",0.0471534356785793,1.03322426886645,0.193790221501077,0.861659925130911,0.921775733860975,NA
"Microglia1","Arteries","Amyloid_effect","Amyloid",0.126942313242625,1.09197688172584,0.22057886375569,0.66313166769797,0.848164750597573,NA
"Microglia2","Arteries","Amyloid_effect","Amyloid",-0.103377934405182,0.930850938296498,0.278341104061863,0.81061072342956,0.920063065304656,NA
"Microglia3","Arteries","Amyloid_effect","Amyloid",0.581077054480237,1.49596565589759,0.244527235612739,0.013736812534384,0.0584942242340154,NA
"Microglia4","Arteries","Amyloid_effect","Amyloid",0.145003752664815,1.10573352949423,0.210336171148691,0.597239966185799,0.848164750597573,NA
"Microglia5","Arteries","Amyloid_effect","Amyloid",-0.0868694317527463,0.941563675034253,0.244654712747164,0.816745122182181,0.920063065304656,NA
"Oligodendrocytes1","Arteries","Amyloid_effect","Amyloid",-0.691066579033651,0.619395763694248,0.142861482914636,0.0378183650610662,0.115976319520603,NA
"Oligodendrocytes2","Arteries","Amyloid_effect","Amyloid",0.89723946557714,1.86249876065628,0.345451025823884,0.000799188974307215,0.00919067320453298,NA
"Oligodendrocytes3","Arteries","Amyloid_effect","Amyloid",1.0374579277207,2.05260770818367,0.507438190924255,0.00362780812514508,0.03174456931112,NA
"Oligodendrocytes4","Arteries","Amyloid_effect","Amyloid",0.300322531611486,1.23141968106954,0.267772448791427,0.33840971734944,0.70758395445792,NA
"Oligodendrocytes5","Arteries","Amyloid_effect","Amyloid",1.10918422534848,2.15723631469876,0.588530013939607,0.00483069532995305,0.03174456931112,NA
"Oligodendrocytes6","Arteries","Amyloid_effect","Amyloid",0.602460500701861,1.51830381026096,0.277839601851576,0.0224884302879157,0.0795744456341631,NA
"Oligodendrocytes7","Arteries","Amyloid_effect","Amyloid",0.185375859767982,1.13711318235562,0.303765414475349,0.630517339464343,0.848164750597573,NA
"Oligodendrocytes8","Arteries","Amyloid_effect","Amyloid",0.920070868146136,1.89220824032685,0.512159392210234,0.0184634117254306,0.0707764116141506,NA
"OPC1","Arteries","Amyloid_effect","Amyloid",1.29915103355626,2.46084029765712,0.551882140919869,5.93604637193222e-05,0.000910193777029606,NA
"OPC2","Arteries","Amyloid_effect","Amyloid",0.0246480315818295,1.01723149201429,0.2038574628369,0.932061627056428,0.974428064649902,NA
"OPC3","Arteries","Amyloid_effect","Amyloid",0.56478464447203,1.47916669300458,0.378775534828459,0.126320259594272,0.305827996912449,NA
"Pericytes","Arteries","Amyloid_effect","Amyloid",1.07617054424168,2.10843207437145,0.580140503595208,0.00670762430018139,0.038568839726043,NA
"SMC","Arteries","Amyloid_effect","Amyloid",0.254483770833621,1.19290881669186,0.299203124100243,0.481882876424972,0.819555271313899,NA
"VLMC1","Arteries","Amyloid_effect","Amyloid",0.673729117552038,1.59519093620607,0.262432117188128,0.0045309813062793,0.03174456931112,NA
"VLMC2","Arteries","Amyloid_effect","Amyloid",0.166564631563278,1.12238266460187,0.298099201757016,0.663781109163318,0.848164750597573,NA
"Astrocytes1","Capillaries","Amyloid_effect","Amyloid",-0.612558982509132,0.654035575867912,0.140725873073361,0.0484574205674361,0.089119280587161,NA
"Astrocytes2","Capillaries","Amyloid_effect","Amyloid",-0.253912840473247,0.838618847548448,0.210115868678989,0.482398095251456,0.516053776315511,NA
"Astrocytes3","Capillaries","Amyloid_effect","Amyloid",-0.948410117384057,0.518203219055361,0.105850877001904,0.00128950334212796,0.0059317153737886,NA
"Astrocytes4","Capillaries","Amyloid_effect","Amyloid",-0.306611364235184,0.808538645054934,0.155240533881454,0.268336090481177,0.308586504053354,NA
"Astrocytes5","Capillaries","Amyloid_effect","Amyloid",-0.935032721615606,0.523030606959142,0.159041192700444,0.0330542683714504,0.0686771479825837,NA
"Endothelial","Capillaries","Amyloid_effect","Amyloid",-0.147240441570749,0.902976006368038,0.0816538794779171,0.259053544745168,0.305550334827634,NA
"ExNeuron1","Capillaries","Amyloid_effect","Amyloid",0.228746437572448,1.17181631173115,0.288273323263894,0.51923974906087,0.530778410151112,NA
"ExNeuron10","Capillaries","Amyloid_effect","Amyloid",-0.701770244727045,0.61481733808665,0.155181621234383,0.0539550164592036,0.0919233613749394,NA
"ExNeuron11","Capillaries","Amyloid_effect","Amyloid",0.312328858031276,1.24171050347449,0.397311599606347,0.498665028212127,0.521331620403587,NA
"ExNeuron12","Capillaries","Amyloid_effect","Amyloid",1.14948750333167,2.21835076693805,0.806252695144813,0.0283619425219856,0.0652324678005669,NA
"ExNeuron13","Capillaries","Amyloid_effect","Amyloid",1.13488551244836,2.19601135239325,0.626791070403485,0.00585015546525908,0.0192219393858513,NA
"ExNeuron14","Capillaries","Amyloid_effect","Amyloid",1.73766129194818,3.33494112414438,1.23254456269285,0.00111830013485921,0.00582586225226759,NA
"ExNeuron2","Capillaries","Amyloid_effect","Amyloid",-0.619605762333702,0.650848757430496,0.146274191719859,0.0560087682520465,0.092014404985505,NA
"ExNeuron3","Capillaries","Amyloid_effect","Amyloid",-0.593905678102626,0.662546823727088,0.12889284432499,0.0343385739912918,0.0686771479825837,NA
"ExNeuron4","Capillaries","Amyloid_effect","Amyloid",0.429636284677544,1.34689397097642,0.293953811019517,0.172403152056635,0.214339053908249,NA
"ExNeuron5","Capillaries","Amyloid_effect","Amyloid",-0.390107045261697,0.76307298379789,0.139612136196719,0.139428068245199,0.188637974684681,NA
"ExNeuron6","Capillaries","Amyloid_effect","Amyloid",1.01203187273939,2.01674946433344,0.639873558201206,0.0270398227732603,0.0652324678005669,NA
"ExNeuron7","Capillaries","Amyloid_effect","Amyloid",1.23348908350345,2.35134964537961,0.855364671364216,0.0187573648358357,0.0539274239030276,NA
"ExNeuron8","Capillaries","Amyloid_effect","Amyloid",-0.489635412658465,0.712205058313014,0.12352599700177,0.0503717672883953,0.089119280587161,NA
"ExNeuron9","Capillaries","Amyloid_effect","Amyloid",0.826828836647067,1.77378215383008,0.592438583441182,0.0861759725962349,0.123877960607088,NA
"Fibroblast","Capillaries","Amyloid_effect","Amyloid",0.912398389598861,1.8821718911628,0.535535513603786,0.0262359914077769,0.0652324678005669,NA
"InhNeuron1","Capillaries","Amyloid_effect","Amyloid",1.6012531384299,3.03406740815567,1.11424106489527,0.00250896696302156,0.0102118104355035,NA
"InhNeuron2","Capillaries","Amyloid_effect","Amyloid",0.113600898786271,1.08192530376378,0.464350790277726,0.854431490806479,0.854431490806479,NA
"InhNeuron3","Capillaries","Amyloid_effect","Amyloid",0.624902585728031,1.54210669510419,0.46349486899142,0.149544102000314,0.196543676914699,NA
"InhNeuron4","Capillaries","Amyloid_effect","Amyloid",2.76098398496873,6.77858423162123,2.32578970750789,2.4367004222704e-08,1.12088219424438e-06,NA
"InhNeuron5","Capillaries","Amyloid_effect","Amyloid",-0.708721020496745,0.611862327304492,0.0841251324631632,0.000352962326214943,0.00231946671512677,NA
"Microglia1","Capillaries","Amyloid_effect","Amyloid",0.813984386496116,1.75806009519225,0.536503970789257,0.0644790855832453,0.0971361226470878,NA
"Microglia2","Capillaries","Amyloid_effect","Amyloid",0.376103166048308,1.29783157059038,0.471676652124889,0.473183327192689,0.516053776315511,NA
"Microglia3","Capillaries","Amyloid_effect","Amyloid",1.49385094720825,2.81639746121752,0.80740602164646,0.000303971827045838,0.00231946671512677,NA
"Microglia4","Capillaries","Amyloid_effect","Amyloid",-0.558418588710475,0.679046092822139,0.123449697923623,0.0332465997474858,0.0686771479825837,NA
"Microglia5","Capillaries","Amyloid_effect","Amyloid",-0.621015209258571,0.650213218524751,0.149055252093685,0.0604162976016752,0.0958327479198986,NA
"Oligodendrocytes1","Capillaries","Amyloid_effect","Amyloid",1.74435535821996,3.35045111660755,1.24511677283395,0.00113984261457409,0.00582586225226759,NA
"Oligodendrocytes2","Capillaries","Amyloid_effect","Amyloid",-0.342298631076383,0.788783549474291,0.165576841860907,0.25835515651192,0.305550334827634,NA
"Oligodendrocytes3","Capillaries","Amyloid_effect","Amyloid",2.31882126269505,4.98924412562842,1.81761655737259,1.02469558953681e-05,0.000157119990395644,NA
"Oligodendrocytes4","Capillaries","Amyloid_effect","Amyloid",0.70621066326733,1.63151320390347,0.569187367911898,0.160580811025805,0.205186591866306,NA
"Oligodendrocytes5","Capillaries","Amyloid_effect","Amyloid",0.920311519860461,1.89252390034161,0.655374804134975,0.0654613000447766,0.0971361226470878,NA
"Oligodendrocytes6","Capillaries","Amyloid_effect","Amyloid",-0.913245407093931,0.530989262573689,0.14664292519271,0.0218986492869786,0.0592551686588833,NA
"Oligodendrocytes7","Capillaries","Amyloid_effect","Amyloid",-0.559359059745618,0.678603577214496,0.173923582721605,0.130337289836995,0.181682282803083,NA
"Oligodendrocytes8","Capillaries","Amyloid_effect","Amyloid",1.64287180502999,3.12286846631048,1.18378532343083,0.00266395054839223,0.0102118104355035,NA
"OPC1","Capillaries","Amyloid_effect","Amyloid",-0.604564712691352,0.65766978109373,0.133042184757939,0.0383112764074975,0.0734299464477036,NA
"OPC2","Capillaries","Amyloid_effect","Amyloid",-0.742133603538391,0.597854530360128,0.084613051780573,0.000278330020205617,0.00231946671512677,NA
"OPC3","Capillaries","Amyloid_effect","Amyloid",1.26270056428796,2.39944470106794,0.830708181420219,0.0114693387346706,0.0351726387863231,NA
"Pericytes","Capillaries","Amyloid_effect","Amyloid",-0.379519367233834,0.768693637697079,0.249587569585597,0.417827917616234,0.468782541715775,NA
"SMC","Capillaries","Amyloid_effect","Amyloid",1.8744060709602,3.66650643382875,1.29555806995971,0.000236062883353535,0.00231946671512677,NA
"VLMC1","Capillaries","Amyloid_effect","Amyloid",1.26673878055756,2.4061703428826,0.745008567970248,0.0045709162970789,0.0161740115127407,NA
"VLMC2","Capillaries","Amyloid_effect","Amyloid",2.21181745096321,4.63258501119018,1.56081751203225,5.35535356887114e-06,0.000123173132084036,NA
"Astrocytes1","Parenchyma","Amyloid_effect","Amyloid",0.152270952029024,1.11131742517685,0.229356216536023,0.609063238661192,0.817659976013557,NA
"Astrocytes2","Parenchyma","Amyloid_effect","Amyloid",0.728224580135535,1.65659918056859,0.345956352269568,0.0156465582389626,0.10282023985604,NA
"Astrocytes3","Parenchyma","Amyloid_effect","Amyloid",0.034552180034396,1.0242388446756,0.186181143370696,0.895178234729048,0.953520702122678,NA
"Astrocytes4","Parenchyma","Amyloid_effect","Amyloid",0.812473797398933,1.75622026315626,0.368351772078664,0.0072520743966734,0.0667190844493952,NA
"Astrocytes5","Parenchyma","Amyloid_effect","Amyloid",0.0532534168508361,1.0376021807524,0.187561817190467,0.838195871886465,0.940414880653107,NA
"Endothelial","Parenchyma","Amyloid_effect","Amyloid",0.190149586568029,1.14088200266588,0.227727627333068,0.509056884644817,0.731769271676924,NA
"ExNeuron1","Parenchyma","Amyloid_effect","Amyloid",0.0969356750493131,1.0694994014179,0.19235642858318,0.708717249283067,0.886638413775213,NA
"ExNeuron10","Parenchyma","Amyloid_effect","Amyloid",0.401328312993914,1.32072336281248,0.287297154119732,0.200964206868261,0.486544921891579,NA
"ExNeuron11","Parenchyma","Amyloid_effect","Amyloid",0.990544044922138,1.98693412883991,0.429066593725373,0.00147532387690358,0.0339324491687824,NA
"ExNeuron12","Parenchyma","Amyloid_effect","Amyloid",-0.704569947072637,0.613625376939676,0.163432916060834,0.0667078997360594,0.236043337527595,NA
"ExNeuron13","Parenchyma","Amyloid_effect","Amyloid",-0.299425119646959,0.812576124502125,0.174607600854245,0.33411376761903,0.548901189659834,NA
"ExNeuron14","Parenchyma","Amyloid_effect","Amyloid",0.371984590497034,1.29413183171766,0.344541637412715,0.332808531719039,0.548901189659834,NA
"ExNeuron2","Parenchyma","Amyloid_effect","Amyloid",0.189723884964167,1.14054540786477,0.190872698242239,0.43198019996566,0.663017822765444,NA
"ExNeuron3","Parenchyma","Amyloid_effect","Amyloid",-0.085255060269359,0.942617871713034,0.1683009017618,0.74066356365569,0.896592734951624,NA
"ExNeuron4","Parenchyma","Amyloid_effect","Amyloid",0.358227548994832,1.28185008795024,0.311622054173742,0.307067593264703,0.543273434237551,NA
"ExNeuron5","Parenchyma","Amyloid_effect","Amyloid",-0.213983941008487,0.862153141801765,0.110220370214478,0.245971376230655,0.520181501324815,NA
"ExNeuron6","Parenchyma","Amyloid_effect","Amyloid",-0.428060936242254,0.743260097892648,0.191216413005639,0.248782457155346,0.520181501324815,NA
"ExNeuron7","Parenchyma","Amyloid_effect","Amyloid",-0.610880159690588,0.654797101295618,0.169259373465295,0.101404697583177,0.316373224532977,NA
"ExNeuron8","Parenchyma","Amyloid_effect","Amyloid",-0.0751160452648436,0.949265762313287,0.176419819724666,0.779358470030063,0.919243323625202,NA
"ExNeuron9","Parenchyma","Amyloid_effect","Amyloid",-0.518532459335692,0.698081575840233,0.168405259437013,0.13625521036753,0.348207759828133,NA
"Fibroblast","Parenchyma","Amyloid_effect","Amyloid",0.370062430771777,1.2924087567536,0.32299789455791,0.304720877686253,0.543273434237551,NA
"InhNeuron1","Parenchyma","Amyloid_effect","Amyloid",0.144331380527398,1.10521831929691,0.300780416507094,0.71316568064528,0.886638413775213,NA
"InhNeuron2","Parenchyma","Amyloid_effect","Amyloid",1.07945640033344,2.11323967384383,0.539185689281237,0.00336223393122871,0.0482028721635388,NA
"InhNeuron3","Parenchyma","Amyloid_effect","Amyloid",-0.418123669743317,0.748397337028582,0.177608171291079,0.221996776184348,0.510592585224001,NA
"InhNeuron4","Parenchyma","Amyloid_effect","Amyloid",-0.0137611472680115,0.990506846769175,0.258373193589377,0.970830202368336,0.970830202368336,NA
"InhNeuron5","Parenchyma","Amyloid_effect","Amyloid",0.156238221201757,1.11437764428845,0.244876917869888,0.622132590445098,0.817659976013557,NA
"Microglia1","Parenchyma","Amyloid_effect","Amyloid",-0.51858618220275,0.698055581264542,0.156044518744355,0.107833684227254,0.316373224532977,NA
"Microglia2","Parenchyma","Amyloid_effect","Amyloid",0.041085607627554,1.02888775892953,0.29426626764698,0.920683129424411,0.953520702122678,NA
"Microglia3","Parenchyma","Amyloid_effect","Amyloid",0.725916786153588,1.6539513351434,0.414203192397781,0.0445167046243477,0.208730355219169,NA
"Microglia4","Parenchyma","Amyloid_effect","Amyloid",-0.213399633770744,0.862502393954791,0.178257779799886,0.474176682381242,0.703617012565714,NA
"Microglia5","Parenchyma","Amyloid_effect","Amyloid",0.238649211534615,1.17988742114647,0.24860427694798,0.432402927890507,0.663017822765444,NA
"Oligodendrocytes1","Parenchyma","Amyloid_effect","Amyloid",0.063923483917247,1.04530465900895,0.272390982869059,0.864983309964412,0.947362672818165,NA
"Oligodendrocytes2","Parenchyma","Amyloid_effect","Amyloid",0.487850232523659,1.40235366348428,0.236968031123726,0.0453761641780803,0.208730355219169,NA
"Oligodendrocytes3","Parenchyma","Amyloid_effect","Amyloid",0.382532732073244,1.30362844059581,0.336178242611926,0.303854992544177,0.543273434237551,NA
"Oligodendrocytes4","Parenchyma","Amyloid_effect","Amyloid",0.675930359497912,1.59762671180994,0.395155474808836,0.0581933224952073,0.236043337527595,NA
"Oligodendrocytes5","Parenchyma","Amyloid_effect","Amyloid",0.579639197697749,1.49447544987733,0.382977006047753,0.116920539501318,0.316373224532977,NA
"Oligodendrocytes6","Parenchyma","Amyloid_effect","Amyloid",-0.129233843298819,0.914316877856065,0.144311519794018,0.57034648716053,0.795028436648012,NA
"Oligodendrocytes7","Parenchyma","Amyloid_effect","Amyloid",0.275387352319819,1.21031900677297,0.22359944928379,0.301494531308877,0.543273434237551,NA
"Oligodendrocytes8","Parenchyma","Amyloid_effect","Amyloid",1.07240670886506,2.10293857214691,0.545925630529719,0.00419155410117729,0.0482028721635388,NA
"OPC1","Parenchyma","Amyloid_effect","Amyloid",1.21368445360481,2.31929197777136,0.513406828361311,0.000144484514613756,0.00664628767223278,NA
"OPC2","Parenchyma","Amyloid_effect","Amyloid",-0.0657111420291639,0.955474223320572,0.177691122272165,0.80652122679877,0.927499410818586,NA
"OPC3","Parenchyma","Amyloid_effect","Amyloid",0.0307319810009999,1.02153028864759,0.258030925027695,0.932791991206968,0.953520702122678,NA
"Pericytes","Parenchyma","Amyloid_effect","Amyloid",0.914454087943982,1.88485571237273,0.479190529568785,0.0126597243926343,0.0970578870101962,NA
"SMC","Parenchyma","Amyloid_effect","Amyloid",-0.702655278120831,0.614440288888972,0.160838760708825,0.0627984302413497,0.236043337527595,NA
"VLMC1","Parenchyma","Amyloid_effect","Amyloid",0.788355072774678,1.72710413572925,0.406052372284668,0.0201118237333864,0.115642986466972,NA
"VLMC2","Parenchyma","Amyloid_effect","Amyloid",-0.571069462943479,0.673117624561539,0.167243477091071,0.111126952485461,0.316373224532977,NA
"Astrocytes1","Arteries","Disease_effect","Disease",0.320230787784811,1.24853026019109,0.219893650838347,0.207560122567982,0.454655506577484,NA
"Astrocytes2","Arteries","Disease_effect","Disease",-1.5571865637862,0.339813114307397,0.103241030078079,0.000381353831665701,0.00252131715186005,NA
"Astrocytes3","Arteries","Disease_effect","Disease",-0.0527454442929856,0.964099902927415,0.203348508628354,0.862386483190288,0.995732776934036,NA
"Astrocytes4","Arteries","Disease_effect","Disease",-0.872563654596931,0.546175439521966,0.115102595641962,0.00410577044725691,0.0188865440573818,NA
"Astrocytes5","Arteries","Disease_effect","Disease",-0.314483299428693,0.804138941170666,0.16483646489671,0.28759593764073,0.551225547144732,NA
"Endothelial","Arteries","Disease_effect","Disease",-0.0187231119793713,0.98710597718349,0.207822087262616,0.950848058893938,0.995732776934036,NA
"ExNeuron1","Arteries","Disease_effect","Disease",-0.484560510278155,0.714714761027499,0.181284381519046,0.18544446876078,0.426522278149795,NA
"ExNeuron10","Arteries","Disease_effect","Disease",-1.73271355932031,0.30088549004473,0.0887351697014836,4.6517564471321e-05,0.00136691647269665,NA
"ExNeuron11","Arteries","Disease_effect","Disease",-1.76843493234739,0.293526989256648,0.0896129452458807,5.94311509868111e-05,0.00136691647269665,NA
"ExNeuron12","Arteries","Disease_effect","Disease",-0.0109746835358549,0.992421789586056,0.304250777365318,0.980203994791527,0.995732776934036,NA
"ExNeuron13","Arteries","Disease_effect","Disease",-0.155199275562311,0.898008324856868,0.277262694296155,0.727524183398754,0.984297424598314,NA
"ExNeuron14","Arteries","Disease_effect","Disease",-0.71251029588561,0.610257363928754,0.323326432458497,0.351256105531342,0.646311234177669,NA
"ExNeuron2","Arteries","Disease_effect","Disease",-0.0451155642496698,0.969212176989705,0.206139705463923,0.883107510579512,0.995732776934036,NA
"ExNeuron3","Arteries","Disease_effect","Disease",-0.00353140928810841,0.997555206994765,0.206494936455827,0.990565237123154,0.995732776934036,NA
"ExNeuron4","Arteries","Disease_effect","Disease",-0.843955421189698,0.557114039787405,0.162329936972455,0.044679293788558,0.120896912604333,NA
"ExNeuron5","Arteries","Disease_effect","Disease",-0.00161478231333797,0.998881344354535,0.209047988154248,0.995732776934036,0.995732776934036,NA
"ExNeuron6","Arteries","Disease_effect","Disease",0.505936367046506,1.42004472324623,0.418519535331496,0.234088733103561,0.468177466207122,NA
"ExNeuron7","Arteries","Disease_effect","Disease",0.231882749648128,1.17436652451159,0.357270014681436,0.59727392104114,0.886277431222337,NA
"ExNeuron8","Arteries","Disease_effect","Disease",-0.121343067049528,0.91933140686419,0.188623392174819,0.68185226192995,0.980162626524302,NA
"ExNeuron9","Arteries","Disease_effect","Disease",-0.17148041726366,0.887931065675048,0.281419082299298,0.707638353911608,0.984297424598314,NA
"Fibroblast","Arteries","Disease_effect","Disease",-1.13120133853774,0.456535407738635,0.130150471425371,0.00595245898054245,0.0248921011913593,NA
"InhNeuron1","Arteries","Disease_effect","Disease",-0.273476432908325,0.827323557178381,0.241354669547856,0.51583558384026,0.836207137391878,NA
"InhNeuron2","Arteries","Disease_effect","Disease",-1.58738536593163,0.332774002405749,0.0934487362934881,8.92220520423292e-05,0.00136807146464905,NA
"InhNeuron3","Arteries","Disease_effect","Disease",0.0296441728508893,1.02076033373138,0.230945490733408,0.927636017047583,0.995732776934036,NA
"InhNeuron4","Arteries","Disease_effect","Disease",-0.940485258143295,0.521057590452977,0.165136123048239,0.0396922381356408,0.114115184639967,NA
"InhNeuron5","Arteries","Disease_effect","Disease",-0.00656927846111449,0.995456874514531,0.21511111602441,0.983188337918103,0.995732776934036,NA
"Microglia1","Arteries","Disease_effect","Disease",0.0629057390905169,1.04456751205753,0.246445994551335,0.853376390618011,0.995732776934036,NA
"Microglia2","Arteries","Disease_effect","Disease",0.102264689892274,1.07345721450589,0.36641048407846,0.83548878997217,0.995732776934036,NA
"Microglia3","Arteries","Disease_effect","Disease",-0.614866189271627,0.652990455946104,0.131604831915045,0.0344587191460031,0.105673405381076,NA
"Microglia4","Arteries","Disease_effect","Disease",-0.0673100300940494,0.954415891479577,0.204733132300252,0.827820457073726,0.995732776934036,NA
"Microglia5","Arteries","Disease_effect","Disease",-1.11329240791461,0.462237942379927,0.148921452752207,0.0166109886212582,0.0545789626127055,NA
"Oligodendrocytes1","Arteries","Disease_effect","Disease",0.554386914987425,1.46854443073632,0.721127445067357,0.433889928202833,0.767651411435781,NA
"Oligodendrocytes2","Arteries","Disease_effect","Disease",-1.29709885060113,0.406943708604632,0.112589371768902,0.0011555049694691,0.00664415357444734,NA
"Oligodendrocytes3","Arteries","Disease_effect","Disease",-1.47808606416291,0.358964712929831,0.0965761574520452,0.000140045219097099,0.00161052001961664,NA
"Oligodendrocytes4","Arteries","Disease_effect","Disease",-0.417276517353749,0.748836925961531,0.181365821494849,0.232395287145879,0.468177466207122,NA
"Oligodendrocytes5","Arteries","Disease_effect","Disease",-1.19646657284888,0.436342657935608,0.134279862124584,0.00704095457590724,0.0269903258743111,NA
"Oligodendrocytes6","Arteries","Disease_effect","Disease",-0.73575454534561,0.600503872499847,0.154661832900684,0.0476902695646129,0.121875133331789,NA
"Oligodendrocytes7","Arteries","Disease_effect","Disease",-1.2737481512527,0.413583876533397,0.121549568303563,0.00266338562188533,0.0136128598451917,NA
"Oligodendrocytes8","Arteries","Disease_effect","Disease",-0.579156019775789,0.669355237375216,0.424949046598542,0.527174064877488,0.836207137391878,NA
"OPC1","Arteries","Disease_effect","Disease",-1.29389380046537,0.407848768090522,0.103006559534795,0.000383678697022182,0.00252131715186005,NA
"OPC2","Arteries","Disease_effect","Disease",0.0828054197968704,1.05907548466036,0.247769788931848,0.806195619619037,0.995732776934036,NA
"OPC3","Arteries","Disease_effect","Disease",0.312637514214284,1.24197618860875,0.371378864227635,0.468631615895855,0.79840941967442,NA
"Pericytes","Arteries","Disease_effect","Disease",-1.61578615505447,0.326287097576198,0.0993068180512725,0.000233370708189009,0.00214701051533888,NA
"SMC","Arteries","Disease_effect","Disease",-0.613387556468299,0.653660055579063,0.178711581116456,0.119921103510407,0.290335303235722,NA
"VLMC1","Arteries","Disease_effect","Disease",-0.834883578377161,0.560628278388255,0.132575847145626,0.0143987796099875,0.0509495278507251,NA
"VLMC2","Arteries","Disease_effect","Disease",0.290747576271462,1.22327399007614,0.430337435384371,0.56673263043917,0.868990033340061,NA
"Astrocytes1","Capillaries","Disease_effect","Disease",0.48384676252156,1.39846753504542,0.302239174385764,0.120710780766591,0.241421561533183,NA
"Astrocytes2","Capillaries","Disease_effect","Disease",-0.587454459129254,0.665516131312667,0.187396503702633,0.148150610192383,0.250634322562008,NA
"Astrocytes3","Capillaries","Disease_effect","Disease",0.816420778176475,1.76103157682607,0.364198687046838,0.00621289180969296,0.0238160852704897,NA
"Astrocytes4","Capillaries","Disease_effect","Disease",0.404597443380949,1.32371950010268,0.271292707494277,0.171193433264631,0.254028965489452,NA
"Astrocytes5","Capillaries","Disease_effect","Disease",0.775555683976308,1.71184927872392,0.377436775713263,0.0147627990487395,0.0452725837494677,NA
"Endothelial","Capillaries","Disease_effect","Disease",0.284909039622697,1.21833344663454,0.170835022419422,0.159017523761744,0.252234692863455,NA
"ExNeuron1","Capillaries","Disease_effect","Disease",0.173970219094388,1.12815884913984,0.327604512723655,0.677951124525562,0.749758648433352,NA
"ExNeuron10","Capillaries","Disease_effect","Disease",-0.643158765956737,0.64030946189958,0.222624400969621,0.19976728053091,0.278463481952178,NA
"ExNeuron11","Capillaries","Disease_effect","Disease",-0.145970098171221,0.903771458457082,0.273738185633738,0.738341177447935,0.789853352618721,NA
"ExNeuron12","Capillaries","Disease_effect","Disease",-0.679896444431556,0.624210078174238,0.253394970482819,0.245675822230983,0.326836335484758,NA
"ExNeuron13","Capillaries","Disease_effect","Disease",-0.648688525332533,0.637859893514215,0.252378222020789,0.255784958205463,0.326836335484758,NA
"ExNeuron14","Capillaries","Disease_effect","Disease",-0.790932562398034,0.577970369399072,0.216365454643604,0.14306365008736,0.250634322562008,NA
"ExNeuron2","Capillaries","Disease_effect","Disease",0.501861028230134,1.41603902759224,0.307854408791515,0.10958322196553,0.241421561533183,NA
"ExNeuron3","Capillaries","Disease_effect","Disease",0.43093999015756,1.34811165498606,0.259239503236412,0.120341574157971,0.241421561533183,NA
"ExNeuron4","Capillaries","Disease_effect","Disease",-0.536085929880218,0.689639383351882,0.187228652796224,0.17109174460806,0.254028965489452,NA
"ExNeuron5","Capillaries","Disease_effect","Disease",0.29722724633465,1.22878051675778,0.222209009420658,0.254590479454294,0.326836335484758,NA
"ExNeuron6","Capillaries","Disease_effect","Disease",-0.307191113868962,0.808213797600219,0.371212495788051,0.64293867189467,0.739379472678871,NA
"ExNeuron7","Capillaries","Disease_effect","Disease",-1.61791399975022,0.325806208340682,0.120775304123937,0.00248422880047404,0.0142843156027257,NA
"ExNeuron8","Capillaries","Disease_effect","Disease",0.372305655746675,1.29441986694699,0.233506011598567,0.152560022429048,0.250634322562008,NA
"ExNeuron9","Capillaries","Disease_effect","Disease",-0.730058120940172,0.602879625527005,0.233843270136347,0.192017570382628,0.276025257425028,NA
"Fibroblast","Capillaries","Disease_effect","Disease",-1.17415743323744,0.443142489298515,0.117761916551706,0.00219422927459303,0.0142843156027257,NA
"InhNeuron1","Capillaries","Disease_effect","Disease",-2.92466853992681,0.131700384263002,0.049561291375923,7.16455731336653e-08,3.2956963641486e-06,NA
"InhNeuron2","Capillaries","Disease_effect","Disease",-1.12588707026138,0.458220189003517,0.229212207563997,0.11873257462798,0.241421561533183,NA
"InhNeuron3","Capillaries","Disease_effect","Disease",0.539258054239342,1.45322496404743,0.373094996125239,0.145416576183776,0.250634322562008,NA
"InhNeuron4","Capillaries","Disease_effect","Disease",-2.4221461120485,0.186578400825693,0.0665204830374651,2.48894285805839e-06,5.72456857353431e-05,NA
"InhNeuron5","Capillaries","Disease_effect","Disease",0.417702550854879,1.33579864032775,0.182120329303909,0.0337026062395685,0.0908144377119887,NA
"Microglia1","Capillaries","Disease_effect","Disease",-1.1630886628908,0.446555481626128,0.135890459531996,0.00806680137620024,0.0285440664080932,NA
"Microglia2","Capillaries","Disease_effect","Disease",-0.16195032091276,0.893815940306598,0.330317830308747,0.761314596791871,0.795919805736956,NA
"Microglia3","Capillaries","Disease_effect","Disease",-1.44220960291152,0.368003246060844,0.10838424154512,0.000688256313836867,0.00618536588214961,NA
"Microglia4","Capillaries","Disease_effect","Disease",0.51054536803085,1.42458861725842,0.266901603335956,0.0589115704758031,0.142628012730892,NA
"Microglia5","Capillaries","Disease_effect","Disease",-0.167404261239495,0.890443352253019,0.254337108545965,0.684562244221756,0.749758648433352,NA
"Oligodendrocytes1","Capillaries","Disease_effect","Disease",-1.12874155832552,0.457314459864349,0.238979946411297,0.134346935916491,0.250634322562008,NA
"Oligodendrocytes2","Capillaries","Disease_effect","Disease",0.133849632268161,1.09721757195709,0.208891381549021,0.62603106786085,0.738395618502541,NA
"Oligodendrocytes3","Capillaries","Disease_effect","Disease",-2.11619757865857,0.230654032679106,0.0851783434537938,7.12599603988791e-05,0.00109265272611615,NA
"Oligodendrocytes4","Capillaries","Disease_effect","Disease",-0.564150611394137,0.676353503331578,0.314856452324426,0.400905800786404,0.485307022004595,NA
"Oligodendrocytes5","Capillaries","Disease_effect","Disease",-2.21973680771004,0.21468051991784,0.0927879673571837,0.00037111042713484,0.00426776991205066,NA
"Oligodendrocytes6","Capillaries","Disease_effect","Disease",0.68388212235441,1.6064567301021,0.362245065351777,0.0355360843220825,0.0908144377119887,NA
"Oligodendrocytes7","Capillaries","Disease_effect","Disease",-0.0205835757339649,0.985833850217582,0.251592020343629,0.955417231823432,0.955417231823432,NA
"Oligodendrocytes8","Capillaries","Disease_effect","Disease",-1.24516163681569,0.421860630952348,0.329062925671398,0.268521386598766,0.333837399555222,NA
"OPC1","Capillaries","Disease_effect","Disease",0.025983903997323,1.01817384003868,0.201418715961229,0.927457521760792,0.948067688911032,NA
"OPC2","Capillaries","Disease_effect","Disease",0.606877626388518,1.5229595523423,0.223802739213326,0.00420277734098629,0.0193327757685369,NA
"OPC3","Capillaries","Disease_effect","Disease",-1.62270352364951,0.324726375663502,0.126603826935446,0.00391499940503634,0.0193327757685369,NA
"Pericytes","Capillaries","Disease_effect","Disease",-1.20658860641886,0.433291966519711,0.157900252057619,0.0217331833579482,0.0624829021541012,NA
"SMC","Capillaries","Disease_effect","Disease",-1.55053153452158,0.341384264246213,0.148472156810242,0.0134667661327878,0.0442479458648741,NA
"VLMC1","Capillaries","Disease_effect","Disease",-1.22224309715646,0.428615789567585,0.128638874385565,0.00476073401243356,0.0199085240519949,NA
"VLMC2","Capillaries","Disease_effect","Disease",-2.00703209725748,0.248784395407488,0.10329969116766,0.000806786854193428,0.00618536588214961,NA
"Astrocytes1","Parenchyma","Disease_effect","Disease",0.0424502212467457,1.02986142172081,0.250493568153613,0.903712602092104,0.923795104360818,NA
"Astrocytes2","Parenchyma","Disease_effect","Disease",-0.692603779668825,0.61873614509066,0.169183697465899,0.079134823284091,0.202233437281566,NA
"Astrocytes3","Parenchyma","Disease_effect","Disease",0.0703839137960741,1.04999605960424,0.263890770684951,0.846084700950132,0.923795104360818,NA
"Astrocytes4","Parenchyma","Disease_effect","Disease",-0.679152163919552,0.624532188698914,0.147662137897047,0.0464773769830363,0.147306469282602,NA
"Astrocytes5","Parenchyma","Disease_effect","Disease",0.0991429207302383,1.07113693022402,0.248374030658197,0.766951838682938,0.923795104360818,NA
"Endothelial","Parenchyma","Disease_effect","Disease",-0.656972533338098,0.634207773874175,0.151142047368861,0.0560281939616005,0.161081057639601,NA
"ExNeuron1","Parenchyma","Disease_effect","Disease",-0.212196571468067,0.863221934018576,0.210294858961729,0.54600941226029,0.770205615605285,NA
"ExNeuron10","Parenchyma","Disease_effect","Disease",-0.857374706498442,0.551956047211109,0.165913040189761,0.0480347182443267,0.147306469282602,NA
"ExNeuron11","Parenchyma","Disease_effect","Disease",-0.86388068159425,0.549472551155577,0.144617157101108,0.0228983874427971,0.0877771518640556,NA
"ExNeuron12","Parenchyma","Disease_effect","Disease",-0.304167632332647,0.809909361654372,0.280444228040173,0.542607083742245,0.770205615605285,NA
"ExNeuron13","Parenchyma","Disease_effect","Disease",-0.0632530107509877,0.957103592688615,0.215746378716756,0.845783522948626,0.923795104360818,NA
"ExNeuron14","Parenchyma","Disease_effect","Disease",-0.0840345936084216,0.943415628968198,0.29454991768281,0.852002534837686,0.923795104360818,NA
"ExNeuron2","Parenchyma","Disease_effect","Disease",-0.137451511789095,0.909123684176264,0.214850587336618,0.68684146848327,0.902705930006583,NA
"ExNeuron3","Parenchyma","Disease_effect","Disease",-0.0519742619161024,0.96461539343962,0.222215499705689,0.875729975089909,0.923795104360818,NA
"ExNeuron4","Parenchyma","Disease_effect","Disease",-0.234903766855123,0.849741678190339,0.243112438227837,0.569282411534341,0.770205615605285,NA
"ExNeuron5","Parenchyma","Disease_effect","Disease",0.380471923674064,1.30176761034415,0.230774064748504,0.136848850408183,0.299764148513163,NA
"ExNeuron6","Parenchyma","Disease_effect","Disease",-0.812715012878891,0.569309463694518,0.170694075706952,0.0602640386275162,0.163067398639162,NA
"ExNeuron7","Parenchyma","Disease_effect","Disease",-0.568615116464076,0.674263722584505,0.216244528095892,0.219096584733975,0.41993512074012,NA
"ExNeuron8","Parenchyma","Disease_effect","Disease",0.0756302370252473,1.05382129410524,0.270660697105738,0.838268122549797,0.923795104360818,NA
"ExNeuron9","Parenchyma","Disease_effect","Disease",-0.0236311164704789,0.983753578392734,0.22322067296295,0.942452744075832,0.942452744075832,NA
"Fibroblast","Parenchyma","Disease_effect","Disease",-0.783239260413012,0.581060681106927,0.186920279588007,0.0914764998549671,0.221469420701499,NA
"InhNeuron1","Parenchyma","Disease_effect","Disease",-2.56326045194879,0.169192737499819,0.0519780386578011,7.32242861496792e-09,3.36831716288524e-07,NA
"InhNeuron2","Parenchyma","Disease_effect","Disease",-1.97243034747318,0.254823397085907,0.142865086985285,0.0147443339217576,0.0678239360400848,NA
"InhNeuron3","Parenchyma","Disease_effect","Disease",-0.358354909793858,0.780053559708146,0.223113068657148,0.385155239630069,0.636924730181072,NA
"InhNeuron4","Parenchyma","Disease_effect","Disease",-1.8289377653144,0.281471788345131,0.095873654710777,0.000197761033073543,0.00181940150427659,NA
"InhNeuron5","Parenchyma","Disease_effect","Disease",-0.52722708670578,0.693887129947826,0.204782816184338,0.21561263940929,0.41993512074012,NA
"Microglia1","Parenchyma","Disease_effect","Disease",-0.313694245427204,0.804578869623407,0.202527200818221,0.387693314023261,0.636924730181072,NA
"Microglia2","Parenchyma","Disease_effect","Disease",0.0624413336618282,1.0442313185168,0.329751833630272,0.89098426761635,0.923795104360818,NA
"Microglia3","Parenchyma","Disease_effect","Disease",-1.65951250275877,0.31654609367073,0.0919651687366254,7.51664176577734e-05,0.000864413803064394,NA
"Microglia4","Parenchyma","Disease_effect","Disease",-0.120446789958298,0.919902720729641,0.249527054969762,0.758247282783548,0.923795104360818,NA
"Microglia5","Parenchyma","Disease_effect","Disease",-0.441238823699818,0.736501912308778,0.224751069579868,0.316228184441805,0.559480634012425,NA
"Oligodendrocytes1","Parenchyma","Disease_effect","Disease",-1.64706271401164,0.319289559967117,0.135652485937896,0.00720637169621919,0.0414366372532603,NA
"Oligodendrocytes2","Parenchyma","Disease_effect","Disease",-0.461462115077845,0.726249859699101,0.149590082063962,0.120445929398608,0.277025637616799,NA
"Oligodendrocytes3","Parenchyma","Disease_effect","Disease",-1.19120796470502,0.437936024440199,0.13345299158831,0.00673767822011773,0.0414366372532603,NA
"Oligodendrocytes4","Parenchyma","Disease_effect","Disease",-1.7630202197634,0.294630722594269,0.0822866724392617,1.21134316446112e-05,0.000234591160332863,NA
"Oligodendrocytes5","Parenchyma","Disease_effect","Disease",-0.51399001170522,0.700283008737046,0.217243328707144,0.250788092256093,0.461450089751211,NA
"Oligodendrocytes6","Parenchyma","Disease_effect","Disease",0.507770457893443,1.42185116687787,0.243473825410379,0.0398411171091718,0.140976260540146,NA
"Oligodendrocytes7","Parenchyma","Disease_effect","Disease",-0.241193606352648,0.846045051683829,0.22055069877863,0.521313339669297,0.770205615605285,NA
"Oligodendrocytes8","Parenchyma","Disease_effect","Disease",-0.260644416560526,0.834714989391574,0.261252932606743,0.563782270305275,0.770205615605285,NA
"OPC1","Parenchyma","Disease_effect","Disease",-1.05949538533928,0.479799850980067,0.140233442032905,0.0119826093109716,0.0612444475894104,NA
"OPC2","Parenchyma","Disease_effect","Disease",-0.0640067501434911,0.956603682283029,0.216648155413845,0.844690606969994,0.923795104360818,NA
"OPC3","Parenchyma","Disease_effect","Disease",-0.958085908945872,0.514739389338133,0.246131630388569,0.1648836729907,0.344756770798736,NA
"Pericytes","Parenchyma","Disease_effect","Disease",-1.12363962462887,0.458934565559966,0.152217263792136,0.0188632165038681,0.0788825417434486,NA
"SMC","Parenchyma","Disease_effect","Disease",-1.37883211354573,0.384529952973272,0.123298172625577,0.00287641178137056,0.022052490323841,NA
"VLMC1","Parenchyma","Disease_effect","Disease",-1.60387459312107,0.328992227803428,0.0845789723419316,1.52994234999693e-05,0.000234591160332863,NA
"VLMC2","Parenchyma","Disease_effect","Disease",-0.226754977020845,0.85455486358919,0.234451187225578,0.566720460691174,0.770205615605285,NA
"Astrocytes1","Arteries","AD_overall_vs_Control","Overall",0.142532982180639,NA,0.1560443002609,0.526648723967774,0.865208617947057,0.0987963347353111
"Astrocytes2","Arteries","AD_overall_vs_Control","Overall",-1.27306466388877,NA,0.277489081362221,0.00147264239839725,0.0135483100652547,-0.882421182444994
"Astrocytes3","Arteries","AD_overall_vs_Control","Overall",-0.0626991447304826,NA,0.179917589137553,0.80912610495051,0.954353867377524,-0.043459735393454
"Astrocytes4","Arteries","AD_overall_vs_Control","Overall",-0.557435040635266,NA,0.150169276195356,0.0100823188127022,0.0463786665384301,-0.386384526761653
"Astrocytes5","Arteries","AD_overall_vs_Control","Overall",-0.22531205933773,NA,0.156784990263774,0.319198802438426,0.543820181932134,-0.156174418676102
"Endothelial","Arteries","AD_overall_vs_Control","Overall",0.0664461830957605,NA,0.171217485926402,0.787932016389422,0.954353867377524,0.0460569844717963
"ExNeuron1","Arteries","AD_overall_vs_Control","Overall",-0.615115763909783,NA,0.221283828291451,0.0540067696918186,0.165620760388244,-0.426365757472043
"ExNeuron10","Arteries","AD_overall_vs_Control","Overall",-1.30584683574646,NA,0.267294311845623,0.000708367507992975,0.0135483100652547,-0.905144052440788
"ExNeuron11","Arteries","AD_overall_vs_Control","Overall",-1.02886479574404,NA,0.196117852302311,0.000276519901933626,0.0127199154889468,-0.713154732347364
"ExNeuron12","Arteries","AD_overall_vs_Control","Overall",0.731392562616854,NA,0.397169335451178,0.201800143024945,0.386783607464478,0.506962692660385
"ExNeuron13","Arteries","AD_overall_vs_Control","Overall",-0.122332912226328,NA,0.27785234449431,0.760229791136246,0.954353867377524,-0.0847947131993665
"ExNeuron14","Arteries","AD_overall_vs_Control","Overall",-0.165558146603562,NA,0.367760038724999,0.755009462944247,0.954353867377524,-0.114756162536989
"ExNeuron2","Arteries","AD_overall_vs_Control","Overall",-0.0151881834930369,NA,0.181642111777405,0.95378193846266,0.963391462187811,-0.0105276465660256
"ExNeuron3","Arteries","AD_overall_vs_Control","Overall",0.0165876072048252,NA,0.173677889759955,0.947217786032359,0.963391462187811,0.0114976531662604
"ExNeuron4","Arteries","AD_overall_vs_Control","Overall",-0.569463079678236,NA,0.253613183327609,0.119614720376635,0.293355734927329,-0.394721728111952
"ExNeuron5","Arteries","AD_overall_vs_Control","Overall",-0.0278525902445069,NA,0.169959303202131,0.909561568803978,0.963391462187811,-0.0193059443992714
"ExNeuron6","Arteries","AD_overall_vs_Control","Overall",0.112093062428427,NA,0.259922973992134,0.764998694719949,0.954353867377524,0.0776969901825944
"ExNeuron7","Arteries","AD_overall_vs_Control","Overall",0.772265838043422,NA,0.397776996044106,0.178394918970187,0.356789837940375,0.535293888282562
"ExNeuron8","Arteries","AD_overall_vs_Control","Overall",-0.144263091218218,NA,0.170483910961231,0.557512997657705,0.884330961801877,-0.0999955549367698
"ExNeuron9","Arteries","AD_overall_vs_Control","Overall",-0.10954213606003,NA,0.283669242985346,0.788955850109908,0.954353867377524,-0.0759288227625237
"Fibroblast","Arteries","AD_overall_vs_Control","Overall",-0.686252516246245,NA,0.225222706010373,0.0346850624475902,0.13033595761211,-0.475673996788253
"InhNeuron1","Arteries","AD_overall_vs_Control","Overall",-0.0538949270630436,NA,0.258737935848176,0.885198780702219,0.963391462187811,-0.0373571167402326
"InhNeuron2","Arteries","AD_overall_vs_Control","Overall",-0.915819676742342,NA,0.262563243653208,0.0156191649838655,0.0653165081143466,-0.634797826835275
"InhNeuron3","Arteries","AD_overall_vs_Control","Overall",-0.0929046766961126,NA,0.204753739219797,0.753135516957851,0.954353867377524,-0.0643966147127437
"InhNeuron4","Arteries","AD_overall_vs_Control","Overall",-0.841749895892813,NA,0.289691748762519,0.0440032331743588,0.144582051858607,-0.583456567074731
"InhNeuron5","Arteries","AD_overall_vs_Control","Overall",0.0116307147126203,NA,0.175645521404252,0.963391462187811,0.963391462187811,0.00806179711094981
"Microglia1","Arteries","AD_overall_vs_Control","Overall",0.132275621815846,NA,0.198392907008326,0.64397667549682,0.954353867377524,0.0916864743184674
"Microglia2","Arteries","AD_overall_vs_Control","Overall",0.0553469906297102,NA,0.302328877490402,0.899024583726138,0.963391462187811,0.0383636105074614
"Microglia3","Arteries","AD_overall_vs_Control","Overall",-0.311162974806132,NA,0.153683194523505,0.160492272745134,0.335574752103461,-0.215681738681516
"Microglia4","Arteries","AD_overall_vs_Control","Overall",-0.029812062589124,NA,0.178009582906273,0.907585600999917,0.963391462187811,-0.0206641471303279
"Microglia5","Arteries","AD_overall_vs_Control","Overall",-1.01462283699872,NA,0.268546727282931,0.00882273473209914,0.0463786665384301,-0.703282958797399
"Oligodendrocytes1","Arteries","AD_overall_vs_Control","Overall",0.948780045334906,NA,0.31502429213522,0.0368340749773355,0.13033595761211,0.657644213395427
"Oligodendrocytes2","Arteries","AD_overall_vs_Control","Overall",-0.689377852826986,NA,0.18495627881561,0.00977946243294542,0.0463786665384301,-0.477840315027494
"Oligodendrocytes3","Arteries","AD_overall_vs_Control","Overall",-1.01850739468296,NA,0.221855516326643,0.00146190641157246,0.0135483100652547,-0.705975529003948
"Oligodendrocytes4","Arteries","AD_overall_vs_Control","Overall",-0.297598400011318,NA,0.202831256683496,0.309153185821685,0.543820181932134,-0.206279491906996
"Oligodendrocytes5","Arteries","AD_overall_vs_Control","Overall",-0.635739901516004,NA,0.289176147414214,0.127545971707535,0.293355734927329,-0.440661320305275
"Oligodendrocytes6","Arteries","AD_overall_vs_Control","Overall",-0.42808027979938,NA,0.183855852007203,0.106551856856757,0.288316789141813,-0.296722638996253
"Oligodendrocytes7","Arteries","AD_overall_vs_Control","Overall",-1.22443298926078,NA,0.259657160089534,0.00108085565538278,0.0135483100652547,-0.848712274290698
"Oligodendrocytes8","Arteries","AD_overall_vs_Control","Overall",-0.286495341349235,NA,0.372313209189064,0.593772383598025,0.910450988183639,-0.198583438099781
"OPC1","Arteries","AD_overall_vs_Control","Overall",-0.789813700632352,NA,0.19320285214584,0.00460287398814057,0.0352887005757444,-0.547457139760931
"OPC2","Arteries","AD_overall_vs_Control","Overall",0.102571442552971,NA,0.195870457675307,0.716619643497638,0.954353867377524,0.0710971062115584
"OPC3","Arteries","AD_overall_vs_Control","Overall",0.594688156180006,NA,0.268517641277066,0.124754704445861,0.293355734927329,0.412206418768563
"Pericytes","Arteries","AD_overall_vs_Control","Overall",-1.07558089818186,NA,0.283036521798661,0.00843699745528485,0.0463786665384301,-0.745535867038893
"SMC","Arteries","AD_overall_vs_Control","Overall",-0.505949290600013,NA,0.240832253842273,0.14534032743436,0.318364526760979,-0.350697324285704
"VLMC1","Arteries","AD_overall_vs_Control","Overall",-0.403420910195502,NA,0.168059443817737,0.0961372223813706,0.276394514346441,-0.279630066480939
"VLMC2","Arteries","AD_overall_vs_Control","Overall",0.443704950053195,NA,0.251972016846901,0.222243833572617,0.408928653773615,0.307552835129863
"Astrocytes1","Capillaries","AD_overall_vs_Control","Overall",0.227335876504995,NA,0.182019326434358,0.386645385248655,0.68493607227796,0.157577221839561
"Astrocytes2","Capillaries","AD_overall_vs_Control","Overall",-0.433460047334686,NA,0.230185368119835,0.191804542386858,0.490167163877527,-0.300451609695418
"Astrocytes3","Capillaries","AD_overall_vs_Control","Overall",0.42188807449541,NA,0.175915098737897,0.0964448222153955,0.299031734761502,0.292430529348358
"Astrocytes4","Capillaries","AD_overall_vs_Control","Overall",0.284442492719036,NA,0.167938635674988,0.240393705309719,0.526576687821288,0.197160511859642
"Astrocytes5","Capillaries","AD_overall_vs_Control","Overall",0.377712902097576,NA,0.194344398538885,0.177932628940195,0.481464760661703,0.261810633150049
"Endothelial","Capillaries","AD_overall_vs_Control","Overall",0.154024952944949,NA,0.102502781330027,0.297619500665886,0.595239001331772,0.10676196186967
"ExNeuron1","Capillaries","AD_overall_vs_Control","Overall",0.0504455576290381,NA,0.227542812826602,0.877871007651178,0.932289241571601,0.034966196042342
"ExNeuron10","Capillaries","AD_overall_vs_Control","Overall",-0.524051816201908,NA,0.287743472996989,0.20680779083088,0.49432332481333,-0.363245038867671
"ExNeuron11","Capillaries","AD_overall_vs_Control","Overall",-0.0467461487117906,NA,0.238102763414888,0.891754926720661,0.932289241571601,-0.0324019611816136
"ExNeuron12","Capillaries","AD_overall_vs_Control","Overall",-0.248076834902659,NA,0.331971497498599,0.604473983993321,0.774931915835608,-0.171953758675013
"ExNeuron13","Capillaries","AD_overall_vs_Control","Overall",-0.229114835486496,NA,0.374179545356857,0.671257550505662,0.795900228668911,-0.15881030224192
"ExNeuron14","Capillaries","AD_overall_vs_Control","Overall",-0.186331152548057,NA,0.388587033694762,0.739609421114488,0.836632377481653,-0.129154913039171
"ExNeuron2","Capillaries","AD_overall_vs_Control","Overall",0.220333238589041,NA,0.179112069761454,0.393842720306906,0.68493607227796,0.152723363111636
"ExNeuron3","Capillaries","AD_overall_vs_Control","Overall",0.160208403176604,NA,0.156937206927962,0.479196719474747,0.702643520295721,0.111048002963874
"ExNeuron4","Capillaries","AD_overall_vs_Control","Overall",-0.232758950642327,NA,0.21396411304907,0.450828821966586,0.691270860348766,-0.16133621038782
"ExNeuron5","Capillaries","AD_overall_vs_Control","Overall",0.108457497720668,NA,0.14594048005004,0.606468455871346,0.774931915835608,0.0751770087556679
"ExNeuron6","Capillaries","AD_overall_vs_Control","Overall",-0.455713477701746,NA,0.386909040257178,0.414265527412934,0.68493607227796,-0.315876512212133
"ExNeuron7","Capillaries","AD_overall_vs_Control","Overall",-1.08860463770976,NA,0.320757775542972,0.0186507275310068,0.0714944555355261,-0.754563235372997
"ExNeuron8","Capillaries","AD_overall_vs_Control","Overall",0.166793502988778,NA,0.148367605805177,0.435844412250995,0.691270860348766,0.115612446332388
"ExNeuron9","Capillaries","AD_overall_vs_Control","Overall",-0.394891358239528,NA,0.337182084314284,0.416917609212671,0.68493607227796,-0.273717831591216
"Fibroblast","Capillaries","AD_overall_vs_Control","Overall",-0.816875253231195,NA,0.194098636831448,0.00353246197730017,0.0259999797698124,-0.566214778646394
"InhNeuron1","Capillaries","AD_overall_vs_Control","Overall",-2.03199429664542,NA,0.308141545982109,4.8573235070043e-06,0.000223436881322198,-1.40847111763366
"InhNeuron2","Capillaries","AD_overall_vs_Control","Overall",-0.772526647428717,NA,0.376403768465229,0.154850089188855,0.445194006417958,-0.535474667572642
"InhNeuron3","Capillaries","AD_overall_vs_Control","Overall",0.155343612303344,NA,0.256621893818543,0.674784976480164,0.795900228668911,0.10767598688606
"InhNeuron4","Capillaries","AD_overall_vs_Control","Overall",-1.47685734708745,NA,0.255153389541912,6.02023937461165e-05,0.000923103370773786,-1.02367950622291
"InhNeuron5","Capillaries","AD_overall_vs_Control","Overall",0.112623766503734,NA,0.116846211889078,0.504070351516496,0.702643520295721,0.0780648462161047
"Microglia1","Capillaries","AD_overall_vs_Control","Overall",-0.888502325705357,NA,0.240239301740834,0.0103610981997298,0.0458736753712563,-0.615862881983622
"Microglia2","Capillaries","AD_overall_vs_Control","Overall",0.0377947035812564,NA,0.3368133655148,0.938003177191069,0.958847692239759,0.0261972922274468
"Microglia3","Capillaries","AD_overall_vs_Control","Overall",-0.883376702092251,NA,0.219414317146615,0.00526012043751242,0.0302456925156964,-0.612310070427587
"Microglia4","Capillaries","AD_overall_vs_Control","Overall",0.278069211014802,NA,0.155420120524574,0.214923184701448,0.49432332481333,0.192742889615439
"Microglia5","Capillaries","AD_overall_vs_Control","Overall",-0.230353790909766,NA,0.23412594880342,0.495251958972938,0.702643520295721,-0.1596690807004
"Oligodendrocytes1","Capillaries","AD_overall_vs_Control","Overall",-0.587641124492189,NA,0.456261207251794,0.37199741215265,0.68493607227796,-0.407321788622837
"Oligodendrocytes2","Capillaries","AD_overall_vs_Control","Overall",0.0984806911382551,NA,0.15763382788914,0.664986353196552,0.795900228668911,0.0682616134020763
"Oligodendrocytes3","Capillaries","AD_overall_vs_Control","Overall",-1.17438121089612,NA,0.302961858667984,0.00721250917042954,0.0368639357599732,-0.814019025235221
"Oligodendrocytes4","Capillaries","AD_overall_vs_Control","Overall",-1.29703987451587,NA,0.283292605493837,0.00150593767006966,0.0138546265646409,-0.8990395320945
"Oligodendrocytes5","Capillaries","AD_overall_vs_Control","Overall",0.116166666073963,NA,0.322147928755784,0.80262668240001,0.879067318819059,0.0805205970642161
"Oligodendrocytes6","Capillaries","AD_overall_vs_Control","Overall",0.301340683193901,NA,0.195249776541986,0.28472033213278,0.595239001331772,0.20887344494386
"Oligodendrocytes7","Capillaries","AD_overall_vs_Control","Overall",-0.162148449813582,NA,0.211363277438597,0.594898114588816,0.774931915835608,-0.11239274082045
"Oligodendrocytes8","Capillaries","AD_overall_vs_Control","Overall",0.0558432402828093,NA,0.88039446401328,0.964931359448245,0.964931359448245,0.0387075845553608
"OPC1","Capillaries","AD_overall_vs_Control","Overall",-0.0798427276773202,NA,0.170641272471211,0.745694075581473,0.836632377481653,-0.05534276157775
"OPC2","Capillaries","AD_overall_vs_Control","Overall",0.292278640072747,NA,0.122261071749392,0.0975103482917942,0.299031734761502,0.20259211530432
"OPC3","Capillaries","AD_overall_vs_Control","Overall",-1.51368776163587,NA,0.277722721065028,0.000158156959059287,0.0018188050291818,-1.049208404226
"Pericytes","Capillaries","AD_overall_vs_Control","Overall",-0.882840478194357,NA,0.304460619977424,0.0444407347752115,0.157251830743056,-0.611938388344613
"SMC","Capillaries","AD_overall_vs_Control","Overall",-1.30633034653859,NA,0.314227076933514,0.00395651866062362,0.0259999797698124,-0.905479196583118
"VLMC1","Capillaries","AD_overall_vs_Control","Overall",-0.795801727254308,NA,0.21685594896314,0.0109697919366048,0.0458736753712563,-0.551607723531058
"VLMC2","Capillaries","AD_overall_vs_Control","Overall",-1.4140155325062,NA,0.241534210394729,4.95166562756175e-05,0.000923103370773786,-0.980120879624645
"Astrocytes1","Parenchyma","AD_overall_vs_Control","Overall",0.219883082381582,NA,0.225939951419665,0.499951739205372,0.657079428669917,0.152411338605623
"Astrocytes2","Parenchyma","AD_overall_vs_Control","Overall",-0.5225390369242,NA,0.217401301403258,0.0957080164784292,0.24270219913637,-0.362196460176519
"Astrocytes3","Parenchyma","AD_overall_vs_Control","Overall",0.152220183641852,NA,0.202339217243431,0.602049176004654,0.728796370953002,0.105510991115667
"Astrocytes4","Parenchyma","AD_overall_vs_Control","Overall",-0.440606589395092,NA,0.211458522008502,0.148660360922888,0.297320721845776,-0.305405215175342
"Astrocytes5","Parenchyma","AD_overall_vs_Control","Overall",-0.0771698559700616,NA,0.210191773209057,0.799123042051096,0.885647674858422,-0.0534900680898652
"Endothelial","Parenchyma","AD_overall_vs_Control","Overall",-0.514551154656286,NA,0.216991223998039,0.100246560512849,0.24270219913637,-0.356659682103869
"ExNeuron1","Parenchyma","AD_overall_vs_Control","Overall",0.0674714189794415,NA,0.19310497931017,0.808634833566386,0.885647674858422,0.0467676238339787
"ExNeuron10","Parenchyma","AD_overall_vs_Control","Overall",-0.8080552150902,NA,0.24527168110757,0.0223953416426835,0.0761956192622175,-0.560101194076533
"ExNeuron11","Parenchyma","AD_overall_vs_Control","Overall",-0.529477628237551,NA,0.2203137695138,0.0957467016387062,0.24270219913637,-0.367005925182426
"ExNeuron12","Parenchyma","AD_overall_vs_Control","Overall",-0.622733596826454,NA,0.282219683485458,0.12614841169777,0.275881069994199,-0.43164603688021
"ExNeuron13","Parenchyma","AD_overall_vs_Control","Overall",-0.284983243523416,NA,0.213570525465652,0.355008298585125,0.510324429216117,-0.197535331755084
"ExNeuron14","Parenchyma","AD_overall_vs_Control","Overall",0.141122879858419,NA,0.279581925446366,0.7264319725804,0.83539676846746,0.0978189262863632
"ExNeuron2","Parenchyma","AD_overall_vs_Control","Overall",0.0287146948917771,NA,0.177774487614376,0.910855665850202,0.931096902869095,0.0199035098048744
"ExNeuron3","Parenchyma","AD_overall_vs_Control","Overall",-0.32583067643237,NA,0.19829351075599,0.254719338203502,0.409273957415268,-0.225848614709037
"ExNeuron4","Parenchyma","AD_overall_vs_Control","Overall",-0.0188461268633957,NA,0.259394877935114,0.959835469368892,0.959835469368892,-0.0130631396998378
"ExNeuron5","Parenchyma","AD_overall_vs_Control","Overall",0.337274123776538,NA,0.140020125859879,0.0949942803576634,0.24270219913637,0.233780607971533
"ExNeuron6","Parenchyma","AD_overall_vs_Control","Overall",-0.858590630894251,NA,0.260816420011743,0.0225014298301837,0.0761956192622175,-0.595129675059535
"ExNeuron7","Parenchyma","AD_overall_vs_Control","Overall",-0.544200148958377,NA,0.337248883086042,0.263356135152402,0.409273957415268,-0.377210798910801
"ExNeuron8","Parenchyma","AD_overall_vs_Control","Overall",0.210080244168722,NA,0.203142247077264,0.4734848553525,0.640597157241618,0.145616528936895
"ExNeuron9","Parenchyma","AD_overall_vs_Control","Overall",-0.422655315276178,NA,0.22727977639694,0.197400062314099,0.336311217275873,-0.292962340132358
"Fibroblast","Parenchyma","AD_overall_vs_Control","Overall",-0.693645895896813,NA,0.343586198459414,0.161706874876416,0.308906380824775,-0.480798697047853
"InhNeuron1","Parenchyma","AD_overall_vs_Control","Overall",-2.2043539763977,NA,0.311862367546719,9.61246470951351e-07,4.42173376637621e-05,-1.52794174369617
"InhNeuron2","Parenchyma","AD_overall_vs_Control","Overall",-1.27957120175966,NA,0.274888927381807,0.00125310971750784,0.00823472100076583,-0.886931170825412
"InhNeuron3","Parenchyma","AD_overall_vs_Control","Overall",-0.473073392878839,NA,0.250242674358404,0.190072054917532,0.336281327931017,-0.327909488471894
"InhNeuron4","Parenchyma","AD_overall_vs_Control","Overall",-1.60569359411251,NA,0.280138367293937,7.09812913031911e-05,0.000816284849986697,-1.11298198760225
"InhNeuron5","Parenchyma","AD_overall_vs_Control","Overall",-0.505859984151834,NA,0.232750933269563,0.131943120432008,0.275881069994199,-0.350635421772942
"Microglia1","Parenchyma","AD_overall_vs_Control","Overall",-0.947201202377865,NA,0.251252237897237,0.00897223071372735,0.0458580680923842,-0.656549842851208
"Microglia2","Parenchyma","AD_overall_vs_Control","Overall",0.0754778422158339,NA,0.306294413519413,0.864375464080562,0.924680729016415,0.0523172535266537
"Microglia3","Parenchyma","AD_overall_vs_Control","Overall",-1.19088296037471,NA,0.24839505734207,0.000890030164003118,0.00708684723901321,-0.825457166360608
"Microglia4","Parenchyma","AD_overall_vs_Control","Overall",-0.358629861916715,NA,0.223910870095334,0.266917798314306,0.409273957415268,-0.248583277652173
"Microglia5","Parenchyma","AD_overall_vs_Control","Overall",-0.0497028954501681,NA,0.267321700690305,0.897455559267309,0.931096902869095,-0.0344514218469498
"Oligodendrocytes1","Parenchyma","AD_overall_vs_Control","Overall",-1.26016960857607,NA,0.316304582736521,0.00575321127111112,0.0330809648088889,-0.873483011211834
"Oligodendrocytes2","Parenchyma","AD_overall_vs_Control","Overall",-0.426132541352867,NA,0.184248616499657,0.108908250091393,0.250488975210204,-0.295372569583584
"Oligodendrocytes3","Parenchyma","AD_overall_vs_Control","Overall",-0.950338507398203,NA,0.26963982139742,0.0145665795132754,0.0609147870555151,-0.658724456980611
"Oligodendrocytes4","Parenchyma","AD_overall_vs_Control","Overall",-1.03460172645498,NA,0.279017446101275,0.0101639154854705,0.0467540112331644,-0.717131269694718
"Oligodendrocytes5","Parenchyma","AD_overall_vs_Control","Overall",-0.217078204102491,NA,0.274873995046647,0.584101155968835,0.726179815528822,-0.150467145134658
"Oligodendrocytes6","Parenchyma","AD_overall_vs_Control","Overall",0.151176534523797,NA,0.189457767719101,0.580200367401991,0.726179815528822,0.104787588671993
"Oligodendrocytes7","Parenchyma","AD_overall_vs_Control","Overall",0.122420099102762,NA,0.214462629635176,0.692352900561116,0.816621369892598,0.0848551465369488
"Oligodendrocytes8","Parenchyma","AD_overall_vs_Control","Overall",0.291997580627759,NA,0.278942836378492,0.468091984323592,0.640597157241618,0.202397299742457
"OPC1","Parenchyma","AD_overall_vs_Control","Overall",-0.701651405892002,NA,0.214222682951884,0.0231899710798053,0.0761956192622175,-0.486347693729963
"OPC2","Parenchyma","AD_overall_vs_Control","Overall",-0.305514441440512,NA,0.204296962067667,0.299940016716246,0.445072282869268,-0.211766473704837
"OPC3","Parenchyma","AD_overall_vs_Control","Overall",-1.48580767809202,NA,0.254028349825697,5.03047516323268e-05,0.000771339525029011,-1.0298834029238
"Pericytes","Parenchyma","AD_overall_vs_Control","Overall",-0.746610924475133,NA,0.270018259775757,0.0552914705115718,0.16956050956882,-0.517511257275193
"SMC","Parenchyma","AD_overall_vs_Control","Overall",-1.65538847154356,NA,0.278121224156655,3.69706327869455e-05,0.000771339525029011,-1.14742785178186
"VLMC1","Parenchyma","AD_overall_vs_Control","Overall",-1.09781186410339,NA,0.229713223047006,0.000924371379001723,0.00708684723901321,-0.760945198388522
"VLMC2","Parenchyma","AD_overall_vs_Control","Overall",-0.516371689548051,NA,0.259544920893723,0.167883902622161,0.308906380824775,-0.357921580731207
"Astrocytes1","Arteries","AD_Amyloid_vs_Control","MaxPathology",-0.128874812847134,NA,0.110868527927217,0.420403155617077,0.841840242056211,-0.0893292131701815
"Astrocytes2","Arteries","AD_Amyloid_vs_Control","MaxPathology",-0.874617720091525,NA,0.285854042529551,0.0339387682560814,0.344265028559013,-0.606238806749208
"Astrocytes3","Arteries","AD_Amyloid_vs_Control","MaxPathology",-0.0814831496257918,NA,0.0942555714610877,0.549026244819268,0.841840242056211,-0.0564798154262618
"Astrocytes4","Arteries","AD_Amyloid_vs_Control","MaxPathology",-0.0769040561267019,NA,0.0885045688209435,0.54697801107757,0.841840242056211,-0.0533058296778472
"Astrocytes5","Arteries","AD_Amyloid_vs_Control","MaxPathology",-0.147845976047121,NA,0.114972059145098,0.372747606202993,0.836021490314047,-0.102479021454195
"Endothelial","Arteries","AD_Amyloid_vs_Control","MaxPathology",0.196836083757523,NA,0.0904927605929223,0.131630076738825,0.756872941248243,0.136436376488989
"ExNeuron1","Arteries","AD_Amyloid_vs_Control","MaxPathology",-0.403306938366492,NA,0.193961200363742,0.149507534001643,0.764149618230622,-0.279551067228998
"ExNeuron10","Arteries","AD_Amyloid_vs_Control","MaxPathology",-0.449972283581047,NA,0.263642080941127,0.236796463351794,0.766591426710386,-0.311897019694323
"ExNeuron11","Arteries","AD_Amyloid_vs_Control","MaxPathology",-0.103553026285439,NA,0.0820465928463745,0.381661984708587,0.836021490314047,-0.0717774882082018
"ExNeuron12","Arteries","AD_Amyloid_vs_Control","MaxPathology",0.684345004862317,NA,0.45711310492625,0.299404099165443,0.766591426710386,0.474351810650597
"ExNeuron13","Arteries","AD_Amyloid_vs_Control","MaxPathology",-0.0923341309623634,NA,0.305452174591218,0.834035161425507,0.932753471947053,-0.0640011425460149
"ExNeuron14","Arteries","AD_Amyloid_vs_Control","MaxPathology",0.425460727406128,NA,0.284522808922058,0.299970558277977,0.766591426710386,0.294906903640541
"ExNeuron2","Arteries","AD_Amyloid_vs_Control","MaxPathology",-0.00746930584283259,NA,0.0868788951028115,0.952480212704066,0.977887189303459,-0.00517732828569933
"ExNeuron3","Arteries","AD_Amyloid_vs_Control","MaxPathology",0.110157800050389,NA,0.1017601594196,0.453044924947913,0.841840242056211,0.0763555685216136
"ExNeuron4","Arteries","AD_Amyloid_vs_Control","MaxPathology",-0.425286302315256,NA,0.234401123563704,0.208531593401932,0.766591426710386,-0.294786001380584
"ExNeuron5","Arteries","AD_Amyloid_vs_Control","MaxPathology",-0.0427520214951609,NA,0.0747175606462089,0.691657925611747,0.899591138386853,-0.029633443162609
"ExNeuron6","Arteries","AD_Amyloid_vs_Control","MaxPathology",0.577809821447206,NA,0.362371892695097,0.269056400162375,0.766591426710386,0.400507248635976
"ExNeuron7","Arteries","AD_Amyloid_vs_Control","MaxPathology",0.836412428468397,NA,0.42463316270124,0.172154887662737,0.766591426710386,0.579756916578167
"ExNeuron8","Arteries","AD_Amyloid_vs_Control","MaxPathology",-0.148318118401422,NA,0.0984774728308673,0.296505103679522,0.766591426710386,-0.102806285595902
"ExNeuron9","Arteries","AD_Amyloid_vs_Control","MaxPathology",-0.587002310965863,NA,0.389709640881061,0.296459115694268,0.766591426710386,-0.40687899682816
"Fibroblast","Arteries","AD_Amyloid_vs_Control","MaxPathology",-0.521372921135698,NA,0.227758088861545,0.112576218270414,0.739786577205577,-0.361388170305512
"InhNeuron1","Arteries","AD_Amyloid_vs_Control","MaxPathology",0.250733532271242,NA,0.275618465897494,0.528325267366098,0.841840242056211,0.173795240965647
"InhNeuron2","Arteries","AD_Amyloid_vs_Control","MaxPathology",-0.00581205183644831,NA,0.145343443878686,0.977887189303459,0.977887189303459,-0.0040286073437024
"InhNeuron3","Arteries","AD_Amyloid_vs_Control","MaxPathology",-0.139899839140954,NA,0.200362845620121,0.628401589603489,0.888996986252671,-0.0969711790613419
"InhNeuron4","Arteries","AD_Amyloid_vs_Control","MaxPathology",-1.16722529629741,NA,0.337168395542047,0.0164143734900231,0.344265028559013,-0.809058923206793
"InhNeuron5","Arteries","AD_Amyloid_vs_Control","MaxPathology",-0.00528831117950075,NA,0.0771858790654666,0.962122487615103,0.977887189303459,-0.00366557798399458
"Microglia1","Arteries","AD_Amyloid_vs_Control","MaxPathology",0.229701053448607,NA,0.12378863246421,0.198374120893377,0.766591426710386,0.159216637569551
"Microglia2","Arteries","AD_Amyloid_vs_Control","MaxPathology",4.58474508536242e-06,NA,1.05249048487799e-05,0.762696834719288,0.899591138386853,3.17790312950503e-06
"Microglia3","Arteries","AD_Amyloid_vs_Control","MaxPathology",0.0107331557890698,NA,0.106807639799758,0.944468479201294,0.977887189303459,0.00743965667370435
"Microglia4","Arteries","AD_Amyloid_vs_Control","MaxPathology",0.0415512749130359,NA,0.0953074856421073,0.762505787563097,0.899591138386853,0.028801149054642
"Microglia5","Arteries","AD_Amyloid_vs_Control","MaxPathology",-0.846291881791967,NA,0.28186561584638,0.0374201117998928,0.344265028559013,-0.586604831794873
"Oligodendrocytes1","Arteries","AD_Amyloid_vs_Control","MaxPathology",0.186781844823674,NA,0.410891322901613,0.752694129936353,0.899591138386853,0.129467309119315
"Oligodendrocytes2","Arteries","AD_Amyloid_vs_Control","MaxPathology",-0.090409667502208,NA,0.0949176633089015,0.509108154358981,0.841840242056211,-0.0626672061245176
"Oligodendrocytes3","Arteries","AD_Amyloid_vs_Control","MaxPathology",-0.180907720265717,NA,0.159345739502594,0.431316476086488,0.841840242056211,-0.125395676243709
"Oligodendrocytes4","Arteries","AD_Amyloid_vs_Control","MaxPathology",-0.0929922781685119,NA,0.14385134046099,0.654093320364892,0.888996986252671,-0.0644573354263502
"Oligodendrocytes5","Arteries","AD_Amyloid_vs_Control","MaxPathology",0.259668198792714,NA,0.257740212599251,0.484969490224601,0.841840242056211,0.179988279874249
"Oligodendrocytes6","Arteries","AD_Amyloid_vs_Control","MaxPathology",-0.049017012673173,NA,0.100152235545487,0.734426232566941,0.899591138386853,-0.033976004133881
"Oligodendrocytes7","Arteries","AD_Amyloid_vs_Control","MaxPathology",-0.970653823503212,NA,0.298432809000804,0.0241670062915308,0.344265028559013,-0.672805961060982
"Oligodendrocytes8","Arteries","AD_Amyloid_vs_Control","MaxPathology",0.204605534998528,NA,0.283098201944661,0.61639710038403,0.888996986252671,0.141821749711189
"OPC1","Arteries","AD_Amyloid_vs_Control","MaxPathology",-0.0296942396596809,NA,0.110054600985134,0.851644474386439,0.932753471947053,-0.0205824784989792
"OPC2","Arteries","AD_Amyloid_vs_Control","MaxPathology",0.102045815127792,NA,0.104635008674638,0.499043659672977,0.841840242056211,0.0707327690437701
"OPC3","Arteries","AD_Amyloid_vs_Control","MaxPathology",1.04723673943869,NA,0.292970403048471,0.0132236796994945,0.344265028559013,0.72588919332072
"Pericytes","Arteries","AD_Amyloid_vs_Control","MaxPathology",-0.10785330063979,NA,0.278456208136603,0.788334598165981,0.906584787890878,-0.0747582112525548
"SMC","Arteries","AD_Amyloid_vs_Control","MaxPathology",-0.446222326268194,NA,0.696708017607225,0.657084728969365,0.888996986252671,-0.309297747355698
"VLMC1","Arteries","AD_Amyloid_vs_Control","MaxPathology",0.100031159606973,NA,0.0720766192283269,0.336059301418693,0.81361725606631,0.0693363162497153
"VLMC2","Arteries","AD_Amyloid_vs_Control","MaxPathology",0.776981547357358,NA,0.306236181042725,0.0786368032759521,0.602882158448966,0.538562568897856
"Astrocytes1","Capillaries","AD_Amyloid_vs_Control","MaxPathology",-0.155196794214793,NA,0.10587994801552,0.30962851781407,0.678233896164153,-0.107574220341926
"Astrocytes2","Capillaries","AD_Amyloid_vs_Control","MaxPathology",0.0326813883099195,NA,0.0706391039137637,0.748447923406741,0.848675414298159,0.0226530121638055
"Astrocytes3","Capillaries","AD_Amyloid_vs_Control","MaxPathology",-0.1157614519674,NA,0.13516618503622,0.552754554833262,0.847556984077669,-0.0802397240487288
"Astrocytes4","Capillaries","AD_Amyloid_vs_Control","MaxPathology",0.147582407844422,NA,0.125227880563191,0.413996192184041,0.73245480155638,0.102296329897609
"Astrocytes5","Capillaries","AD_Amyloid_vs_Control","MaxPathology",-0.0259627327092456,NA,0.122630917009981,0.883329944282787,0.938776500851601,-0.017995994977045
"Endothelial","Capillaries","AD_Amyloid_vs_Control","MaxPathology",-0.0507669431067226,NA,0.0477990341126865,0.461617717895784,0.786459815674299,-0.0351889634800719
"ExNeuron1","Capillaries","AD_Amyloid_vs_Control","MaxPathology",-0.0472254105333523,NA,0.0769155291265027,0.670409659243299,0.848675414298159,-0.0327341601619791
"ExNeuron10","Capillaries","AD_Amyloid_vs_Control","MaxPathology",-0.0517728902500189,NA,0.0777433576836455,0.644369126404606,0.848675414298159,-0.0358862329062401
"ExNeuron11","Capillaries","AD_Amyloid_vs_Control","MaxPathology",0.224330728533156,NA,0.128002152507547,0.224450734559692,0.603060223975845,0.155494211995715
"ExNeuron12","Capillaries","AD_Amyloid_vs_Control","MaxPathology",-0.387992464812655,NA,0.553453929796488,0.627021902561152,0.848675414298159,-0.268935883063396
"ExNeuron13","Capillaries","AD_Amyloid_vs_Control","MaxPathology",0.229490271009999,NA,0.303073605904051,0.599682074183489,0.848675414298159,0.159070534316519
"ExNeuron14","Capillaries","AD_Amyloid_vs_Control","MaxPathology",0.541110134628351,NA,0.602864800390105,0.533846916855339,0.846791661218813,0.375068964190054
"ExNeuron2","Capillaries","AD_Amyloid_vs_Control","MaxPathology",-0.145409494898868,NA,0.086084824264523,0.241669514131054,0.603060223975845,-0.100790181415796
"ExNeuron3","Capillaries","AD_Amyloid_vs_Control","MaxPathology",-0.14999456440062,NA,0.0762343651009228,0.172631006403965,0.603060223975845,-0.103968309413607
"ExNeuron4","Capillaries","AD_Amyloid_vs_Control","MaxPathology",0.465037443567101,NA,0.118191424589767,0.00638616346605672,0.0910003498701171,0.322339392863341
"ExNeuron5","Capillaries","AD_Amyloid_vs_Control","MaxPathology",-0.121107026363358,NA,0.0748702541873639,0.262200097380802,0.603060223975845,-0.0839449938697609
"ExNeuron6","Capillaries","AD_Amyloid_vs_Control","MaxPathology",0.022305564755181,NA,0.143744282506326,0.914345256392922,0.938776500851601,0.015461039320851
"ExNeuron7","Capillaries","AD_Amyloid_vs_Control","MaxPathology",-1.00344417894283,NA,0.463275910197646,0.133267728651608,0.534432038316526,-0.695534503483509
"ExNeuron8","Capillaries","AD_Amyloid_vs_Control","MaxPathology",-0.125865722283754,NA,0.100244438825682,0.384132470814638,0.724481459765134,-0.0872434705301254
"ExNeuron9","Capillaries","AD_Amyloid_vs_Control","MaxPathology",0.360588586783785,NA,0.293063967984765,0.393739923785399,0.724481459765134,0.249940962271276
"Fibroblast","Capillaries","AD_Amyloid_vs_Control","MaxPathology",-0.165027457942213,NA,0.0741816726200106,0.123073010477519,0.534432038316526,-0.11438831718762
"InhNeuron1","Capillaries","AD_Amyloid_vs_Control","MaxPathology",-2.03041184245823,NA,0.428642528111014,0.00102589031418088,0.0471909544523205,-1.40737424397545
"InhNeuron2","Capillaries","AD_Amyloid_vs_Control","MaxPathology",-0.241511887095969,NA,0.137463344097379,0.223298814213706,0.603060223975845,-0.167403283612282
"InhNeuron3","Capillaries","AD_Amyloid_vs_Control","MaxPathology",-0.14006955225363,NA,0.085798806655104,0.257808103163732,0.603060223975845,-0.0970888152268973
"InhNeuron4","Capillaries","AD_Amyloid_vs_Control","MaxPathology",0.232791871748229,NA,0.175609606713845,0.358173611320458,0.724481459765134,0.161359029559558
"InhNeuron5","Capillaries","AD_Amyloid_vs_Control","MaxPathology",-0.285528116918968,NA,0.110496821135287,0.0732741232016042,0.481515666753399,-0.197913009212973
"Microglia1","Capillaries","AD_Amyloid_vs_Control","MaxPathology",-0.525446232228221,NA,0.137140426864628,0.00791307390174932,0.0910003498701171,-0.364211574404838
"Microglia2","Capillaries","AD_Amyloid_vs_Control","MaxPathology",0.237908353227745,NA,0.395032746214197,0.676350984287814,0.848675414298159,0.164905504271471
"Microglia3","Capillaries","AD_Amyloid_vs_Control","MaxPathology",0.0447621406106075,NA,0.108484863334697,0.774877552185275,0.848675414298159,0.0310267515600704
"Microglia4","Capillaries","AD_Amyloid_vs_Control","MaxPathology",-0.0521719491691391,NA,0.0890206994257281,0.684573937153876,0.848675414298159,-0.0361628394709055
"Microglia5","Capillaries","AD_Amyloid_vs_Control","MaxPathology",-0.0968665912642583,NA,0.0590000125800028,0.255114889056364,0.603060223975845,-0.0671428046252732
"Oligodendrocytes1","Capillaries","AD_Amyloid_vs_Control","MaxPathology",-1.21135877459919,NA,0.519938976581311,0.106332158156271,0.534432038316526,-0.839649919259981
"Oligodendrocytes2","Capillaries","AD_Amyloid_vs_Control","MaxPathology",0.0439307340107697,NA,0.0844226106165829,0.718330554606588,0.848675414298159,0.0304504644194939
"Oligodendrocytes3","Capillaries","AD_Amyloid_vs_Control","MaxPathology",-0.0499239096768592,NA,0.450535603717172,0.938776500851601,0.938776500851601,-0.0346046172350443
"Oligodendrocytes4","Capillaries","AD_Amyloid_vs_Control","MaxPathology",-1.12441578749686,NA,0.322407416955245,0.0156321025585386,0.143815343538555,-0.779385632880539
"Oligodendrocytes5","Capillaries","AD_Amyloid_vs_Control","MaxPathology",0.293192054639727,NA,0.434552567286514,0.640023812524487,0.848675414298159,0.203225246036104
"Oligodendrocytes6","Capillaries","AD_Amyloid_vs_Control","MaxPathology",-0.0544040536520635,NA,0.112864351456292,0.7382904842283,0.848675414298159,-0.0377100163999598
"Oligodendrocytes7","Capillaries","AD_Amyloid_vs_Control","MaxPathology",-0.172041847283322,NA,0.0983587711481074,0.225358728162276,0.603060223975845,-0.119250321382759
"Oligodendrocytes8","Capillaries","AD_Amyloid_vs_Control","MaxPathology",1.18426539009416,NA,0.381458743592688,0.0314033425471083,0.24075895952783,0.820870216178488
"OPC1","Capillaries","AD_Amyloid_vs_Control","MaxPathology",-0.139538068469856,NA,0.0626455897937574,0.122605240072282,0.534432038316526,-0.0967204187406614
"OPC2","Capillaries","AD_Amyloid_vs_Control","MaxPathology",-0.102066995097895,NA,0.10290776754005,0.491777741888048,0.807920575958936,-0.0707474498803317
"OPC3","Capillaries","AD_Amyloid_vs_Control","MaxPathology",-1.30683865685758,NA,0.340541148738843,0.00781460509156326,0.0910003498701171,-0.905831530447577
"Pericytes","Capillaries","AD_Amyloid_vs_Control","MaxPathology",-0.129412927298707,NA,0.103140681466179,0.384460370802422,0.724481459765134,-0.0897022056851077
"SMC","Capillaries","AD_Amyloid_vs_Control","MaxPathology",-0.243644258990671,NA,0.114266096567703,0.139417053473876,0.534432038316526,-0.168881331179001
"VLMC1","Capillaries","AD_Amyloid_vs_Control","MaxPathology",0.0296322091968007,NA,0.069546301105594,0.767737702929282,0.848675414298159,0.0205394822585249
"VLMC2","Capillaries","AD_Amyloid_vs_Control","MaxPathology",-0.0110999340838376,NA,0.0966314357528903,0.936538721722346,0.938776500851601,-0.00769388801461329
"Astrocytes1","Parenchyma","AD_Amyloid_vs_Control","MaxPathology",0.318060527093386,NA,0.226502954702038,0.330387920253858,0.524063597644051,0.220462757602191
"Astrocytes2","Parenchyma","AD_Amyloid_vs_Control","MaxPathology",-0.235596868518061,NA,0.200625469833027,0.415661590618129,0.558443589905258,-0.163303305162046
"Astrocytes3","Parenchyma","AD_Amyloid_vs_Control","MaxPathology",0.299837633382864,NA,0.139413734777754,0.136026041207927,0.250287915822585,0.207831610205099
"Astrocytes4","Parenchyma","AD_Amyloid_vs_Control","MaxPathology",-0.0742406250191892,NA,0.204732732021705,0.801543114433684,0.921774581598736,-0.0514596799150591
"Astrocytes5","Parenchyma","AD_Amyloid_vs_Control","MaxPathology",-0.00509591539905138,NA,0.217977580728583,0.987071239290455,0.987071239290455,-0.00353221939122447
"Endothelial","Parenchyma","AD_Amyloid_vs_Control","MaxPathology",-0.25996892206759,NA,0.206119248107889,0.381990118788659,0.549110795758697,-0.180196725364358
"ExNeuron1","Parenchyma","AD_Amyloid_vs_Control","MaxPathology",0.301194050632018,NA,0.136866004831038,0.127165909623688,0.243734660112069,0.208771806997013
"ExNeuron10","Parenchyma","AD_Amyloid_vs_Control","MaxPathology",-0.731500663391962,NA,0.263560231137456,0.0543794434669636,0.142554519247628,-0.507037622407868
"ExNeuron11","Parenchyma","AD_Amyloid_vs_Control","MaxPathology",-0.0428338334933578,NA,0.202549185269157,0.883461626019165,0.923618972656399,-0.0296901509184951
"ExNeuron12","Parenchyma","AD_Amyloid_vs_Control","MaxPathology",-0.915546861828069,NA,0.304491736653674,0.0371458463770856,0.113913928889729,-0.634608725946632
"ExNeuron13","Parenchyma","AD_Amyloid_vs_Control","MaxPathology",-0.521685750926543,NA,0.226729179490223,0.11073988806114,0.22147977612228,-0.361605007393031
"ExNeuron14","Parenchyma","AD_Amyloid_vs_Control","MaxPathology",0.349210476317637,NA,0.303347256054741,0.424902731449653,0.558443589905258,0.242054257081566
"ExNeuron2","Parenchyma","AD_Amyloid_vs_Control","MaxPathology",0.261224816594089,NA,0.0783020955166863,0.0207546101452375,0.0795593388900769,0.181067245114482
"ExNeuron3","Parenchyma","AD_Amyloid_vs_Control","MaxPathology",-0.265763308350704,NA,0.183658829238138,0.315852238788892,0.518900106581751,-0.184213087879574
"ExNeuron4","Parenchyma","AD_Amyloid_vs_Control","MaxPathology",0.161276187323394,NA,0.279113551243891,0.688779953608714,0.812407124769252,0.111788134534668
"ExNeuron5","Parenchyma","AD_Amyloid_vs_Control","MaxPathology",0.411139682305101,NA,0.117579924636509,0.0153626261559582,0.0778607259160118,0.284980311606092
"ExNeuron6","Parenchyma","AD_Amyloid_vs_Control","MaxPathology",-1.00827986086147,NA,0.278945319573763,0.0122292226979144,0.0703180305130076,-0.6988863427715
"ExNeuron7","Parenchyma","AD_Amyloid_vs_Control","MaxPathology",-1.11427564136434,NA,0.345339226228336,0.0253179308814948,0.089586524657597,-0.772357019178317
"ExNeuron8","Parenchyma","AD_Amyloid_vs_Control","MaxPathology",0.423421495170758,NA,0.152118209852799,0.0536840441173351,0.142554519247628,0.293493415566088
"ExNeuron9","Parenchyma","AD_Amyloid_vs_Control","MaxPathology",-0.782746039310909,NA,0.25828687349742,0.0356758206479816,0.113913928889729,-0.542558210242821
"Fibroblast","Parenchyma","AD_Amyloid_vs_Control","MaxPathology",-0.778676528063293,NA,0.329080501133743,0.10097647375733,0.211132626947144,-0.539737439995279
"InhNeuron1","Parenchyma","AD_Amyloid_vs_Control","MaxPathology",-2.3275720726123,NA,0.289805637403367,2.5915194942662e-08,1.19209896736245e-06,-1.61335001968128
"InhNeuron2","Parenchyma","AD_Amyloid_vs_Control","MaxPathology",-0.88877132407968,NA,0.261806058110096,0.0186188692407854,0.0778607259160118,-0.61604933744836
"InhNeuron3","Parenchyma","AD_Amyloid_vs_Control","MaxPathology",-0.657736803471537,NA,0.244266678984992,0.0619802257598382,0.142554519247628,-0.455908410876807
"InhNeuron4","Parenchyma","AD_Amyloid_vs_Control","MaxPathology",-1.60446152232871,NA,0.307657280012855,0.000300547730055332,0.00276503911650906,-1.11212798051906
"InhNeuron5","Parenchyma","AD_Amyloid_vs_Control","MaxPathology",-0.152684178202647,NA,0.189504117571275,0.576522608869178,0.716757838053573,-0.105832607637277
"Microglia1","Parenchyma","AD_Amyloid_vs_Control","MaxPathology",-1.54441779480894,NA,0.290003844774777,0.000223057413609985,0.00256516025651483,-1.07050884007843
"Microglia2","Parenchyma","AD_Amyloid_vs_Control","MaxPathology",0.0926224193036941,NA,0.341182318332181,0.850741799112253,0.923618972656399,0.0642009687969966
"Microglia3","Parenchyma","AD_Amyloid_vs_Control","MaxPathology",-0.937753894081011,NA,0.273670730082835,0.0175431340210283,0.0778607259160118,-0.650001467741362
"Microglia4","Parenchyma","AD_Amyloid_vs_Control","MaxPathology",-0.22627652255183,NA,0.189556655392084,0.407999150651077,0.558443589905258,-0.15684293363371
"Microglia5","Parenchyma","AD_Amyloid_vs_Control","MaxPathology",0.017463539534038,NA,0.262752404527968,0.963255064086458,0.984660732177268,0.0121048031906156
"Oligodendrocytes1","Parenchyma","AD_Amyloid_vs_Control","MaxPathology",-1.5213606250734,NA,0.299323038779636,0.000426628100003786,0.00327081543336236,-1.05452682788455
"Oligodendrocytes2","Parenchyma","AD_Amyloid_vs_Control","MaxPathology",-0.145105000232399,NA,0.192450343217601,0.60123610339019,0.727812125156545,-0.100579121796237
"Oligodendrocytes3","Parenchyma","AD_Amyloid_vs_Control","MaxPathology",-0.793247358792806,NA,0.292384724621822,0.0600363827509465,0.142554519247628,-0.549837170233856
"Oligodendrocytes4","Parenchyma","AD_Amyloid_vs_Control","MaxPathology",-0.880736950866564,NA,0.321974412750061,0.0579531256702721,0.142554519247628,-0.610480334308122
"Oligodendrocytes5","Parenchyma","AD_Amyloid_vs_Control","MaxPathology",0.0689904443138233,NA,0.293585816875577,0.870609501169956,0.923618972656399,0.0478205319617045
"Oligodendrocytes6","Parenchyma","AD_Amyloid_vs_Control","MaxPathology",0.049762145539184,NA,0.21753131300757,0.874012916161159,0.923618972656399,0.034492490879099
"Oligodendrocytes7","Parenchyma","AD_Amyloid_vs_Control","MaxPathology",0.322366398095873,NA,0.157802638698413,0.1567776872376,0.277375908189601,0.22344735994742
"Oligodendrocytes8","Parenchyma","AD_Amyloid_vs_Control","MaxPathology",0.604060739150196,NA,0.386716486478301,0.278935796364204,0.475223949361236,0.418702998228915
"OPC1","Parenchyma","AD_Amyloid_vs_Control","MaxPathology",-0.21495783249114,NA,0.198232834868552,0.452274598800704,0.577906431800899,-0.148997415530511
"OPC2","Parenchyma","AD_Amyloid_vs_Control","MaxPathology",-0.255939069985277,NA,0.197938504484519,0.370116397025621,0.549110795758697,-0.177403444755429
"OPC3","Parenchyma","AD_Amyloid_vs_Control","MaxPathology",-1.50696284995094,NA,0.280880352018439,0.000200145515891764,0.00256516025651483,-1.04454705065208
"Pericytes","Parenchyma","AD_Amyloid_vs_Control","MaxPathology",-0.393273415537901,NA,0.291387758473053,0.349525183565511,0.53593861480045,-0.272596359169276
"SMC","Parenchyma","AD_Amyloid_vs_Control","MaxPathology",-2.19303646750615,NA,0.282236600292234,7.20845408579693e-08,1.6579444397333e-06,-1.52009704431703
"VLMC1","Parenchyma","AD_Amyloid_vs_Control","MaxPathology",-0.8059975573894,NA,0.20728615779973,0.00703491612508036,0.0462294488219567,-0.558674934442665
"VLMC2","Parenchyma","AD_Amyloid_vs_Control","MaxPathology",-0.766722410570616,NA,0.290116067359966,0.0669725597242029,0.146701797491111,-0.531451477159147
