"contrast","estimate","SE","df","asymp.LCL","asymp.UCL","z.ratio","p.value","celltype","region","weight","p_adj"
"Disease_effect",0.506580740652396,0.259077005782193,Inf,-0.00120085990317631,1.01436234120797,1.9553288379374,0.0505442695139008,"Astrocytes1","Arteries",0.472727272727273,0.0683834234599834
"Amyloid_effect",0.414323904599072,0.171671783851734,Inf,0.0778533910879292,0.750794418110214,2.41346536572899,0.0158016295932559,"Astrocytes1","Arteries",0.472727272727273,0.0592945945892268
"AD_overall_vs_Control",0.70244295009923,0.240210278150893,Inf,0.231639456207131,1.17324644399133,2.92428348822766,0.00345250164058811,"Astrocytes1","Arteries",0.472727272727273,0.00512306695055009
"Disease_effect",0.379735540495715,0.282407524855313,Inf,-0.173773037183798,0.933244118175228,1.3446367645135,0.178742564718951,"Astrocytes2","Arteries",0.472727272727273,0.205553949426793
"Amyloid_effect",0.397325413836567,0.212102156317564,Inf,-0.0183871735891424,0.813038001262277,1.87327380699366,0.0610305849138633,"Astrocytes2","Arteries",0.472727272727273,0.122061169827727
"AD_overall_vs_Control",0.56756209976391,0.25672785860153,Inf,0.064384743076819,1.070739456451,2.2107538420473,0.02705288780057,"Astrocytes2","Arteries",0.472727272727273,0.0319085343288775
"Disease_effect",1.05191671310585,0.21392816132785,Inf,0.632625221624389,1.47120820458731,4.91714932048502,8.78135700579937e-07,"Astrocytes3","Arteries",0.472727272727273,4.48824913629745e-06
"Amyloid_effect",-0.375378961113037,0.155732726466518,Inf,-0.680609496201641,-0.070148426024434,-2.41040511927172,0.0159348154342302,"Astrocytes3","Arteries",0.472727272727273,0.0592945945892268
"AD_overall_vs_Control",0.874464840579686,0.204088242123962,Inf,0.47445923634863,1.27447044481074,4.28473895153911,1.82953879644296e-05,"Astrocytes3","Arteries",0.472727272727273,5.61058564242507e-05
"Disease_effect",0.401334469628708,0.237898857835342,Inf,-0.0649387236917766,0.867607662949192,1.68699620200146,0.0916040822587861,"Astrocytes4","Arteries",0.472727272727273,0.113886156321734
"Amyloid_effect",0.309283519497794,0.174940988238629,Inf,-0.0335945168697633,0.652161555865352,1.76793056110964,0.0770725129434833,"Astrocytes4","Arteries",0.472727272727273,0.131581805162416
"AD_overall_vs_Control",0.547541224300392,0.218245585194595,Inf,0.119787737534117,0.975294711066667,2.50883070011329,0.0121131524675615,"Astrocytes4","Arteries",0.472727272727273,0.0168850004093282
"Disease_effect",0.608791383716908,0.272305615093759,Inf,0.075082185345114,1.1425005820887,2.23569162724497,0.0253719778678064,"Astrocytes5","Arteries",0.472727272727273,0.0364722181849717
"Amyloid_effect",-0.0439875723134828,0.223761678642827,Inf,-0.482552403573648,0.394577258946682,-0.196582241339442,0.844154468791162,"Astrocytes5","Arteries",0.472727272727273,0.882525126463487
"AD_overall_vs_Control",0.587997258623262,0.251217876049457,Inf,0.0956192692936783,1.08037524795285,2.34058685579964,0.0192534594743079,"Astrocytes5","Arteries",0.472727272727273,0.0244797039490511
"Disease_effect",0.39098305469955,0.264119579489442,Inf,-0.12668180871162,0.908647918110721,1.48032590183334,0.13878629401965,"Endothelial","Arteries",0.472727272727273,0.168004461181681
"Amyloid_effect",0.108731665185024,0.217601448159793,Inf,-0.31775933619193,0.535222666561979,0.499682635867287,0.617298560993342,"Endothelial","Arteries",0.472727272727273,0.676088900135565
"AD_overall_vs_Control",0.442383478241562,0.241682548699726,Inf,-0.0313056129017495,0.916072569384873,1.83043203003951,0.0671853618298098,"Endothelial","Arteries",0.472727272727273,0.0772631661042812
"Disease_effect",0.285241810413268,0.258695598604966,Inf,-0.221792245811496,0.792275866638031,1.1026156299197,0.270194119757567,"ExNeuron1","Arteries",0.472727272727273,0.303144622167027
"Amyloid_effect",0.165359399556408,0.214579545225431,Inf,-0.255208780904421,0.585927580017236,0.770620514563427,0.440931897899357,"ExNeuron1","Arteries",0.472727272727273,0.533075077001772
"AD_overall_vs_Control",0.363411708385387,0.236343924858793,Inf,-0.0998138723026874,0.826637289073462,1.53763930510384,0.124136831497416,"ExNeuron1","Arteries",0.472727272727273,0.135959386878122
"Disease_effect",1.01852126215244,0.204816042709091,Inf,0.6170891949866,1.41995332931827,4.97285880871687,6.59727107912966e-07,"ExNeuron10","Arteries",0.472727272727273,3.79343087049956e-06
"Amyloid_effect",-0.0305746725994632,0.137618132576441,Inf,-0.300301256068946,0.23915191087002,-0.22217037847451,0.824181252440454,"ExNeuron10","Arteries",0.472727272727273,0.881682270052579
"AD_overall_vs_Control",1.00406778055996,0.19444505736981,Inf,0.62296247114331,1.38517308997662,5.16376088002253,2.420368537442e-07,"ExNeuron10","Arteries",0.472727272727273,1.59052789603331e-06
"Disease_effect",0.687875888092054,0.194162330011552,Inf,0.307324714115032,1.06842706206908,3.54278756363878,0.000395921500564385,"ExNeuron11","Arteries",0.472727272727273,0.000915522937807406
"Amyloid_effect",0.228772711755507,0.127256306143744,Inf,-0.0206450650918346,0.478190488602849,1.79773182711349,0.0722195152324299,"ExNeuron11","Arteries",0.472727272727273,0.131581805162416
"AD_overall_vs_Control",0.796022988194657,0.180551890204183,Inf,0.442147786053827,1.14989819033549,4.40883220493813,1.03929506293253e-05,"ExNeuron11","Arteries",0.472727272727273,3.98396440790804e-05
"Disease_effect",0.519289128446154,0.204172503084277,Inf,0.119118375767578,0.91945988112473,2.54338424911118,0.0109784424826113,"ExNeuron12","Arteries",0.472727272727273,0.0162905920709717
"Amyloid_effect",0.285990737820501,0.133765805854283,Inf,0.0238145759831288,0.548166899657874,2.13799585024025,0.0325170800371144,"ExNeuron12","Arteries",0.472727272727273,0.093486605106704
"AD_overall_vs_Control",0.654484749961299,0.189226464282376,Inf,0.283607695045988,1.02536180487661,3.45873793310768,0.000542712683042695,"ExNeuron12","Arteries",0.472727272727273,0.000960183977690921
"Disease_effect",0.649049116897235,0.188194299023431,Inf,0.280195068715548,1.01790316507892,3.44882454072864,0.000563032423879171,"ExNeuron13","Arteries",0.472727272727273,0.00117724961356554
"Amyloid_effect",0.245328124026276,0.120963588064455,Inf,0.00824384797920452,0.482412400073348,2.02811546806592,0.0425484645832303,"ExNeuron13","Arteries",0.472727272727273,0.106751542861059
"AD_overall_vs_Control",0.765022411891474,0.175736020117627,Inf,0.420586141674519,1.10945868210843,4.35324762322155,1.34135494480202e-05,"ExNeuron13","Arteries",0.472727272727273,4.40730910434951e-05
"Disease_effect",0.58935587434701,0.167028337648841,Inf,0.261986348157687,0.916725400536333,3.52847835668501,0.000417956123781642,"ExNeuron14","Arteries",0.472727272727273,0.000915522937807406
"Amyloid_effect",0.141979570906392,0.117386480690229,Inf,-0.0880937035183637,0.372052845331147,1.20950530309415,0.226468774954438,"ExNeuron14","Arteries",0.472727272727273,0.315683746906186
"AD_overall_vs_Control",0.656473489684577,0.155584071850925,Inf,0.351534312288671,0.961412667080482,4.21941322061287,2.4493897880993e-05,"ExNeuron14","Arteries",0.472727272727273,6.25955168069821e-05
"Disease_effect",0.975882463156679,0.192430446769929,Inf,0.598725717958666,1.35303920835469,5.07135164698469,3.95000122232598e-07,"ExNeuron2","Arteries",0.472727272727273,3.50640089830459e-06
"Amyloid_effect",0.0991967153886341,0.125683839905803,Inf,-0.147139084265438,0.345532515042706,0.789255925526939,0.42996244114586,"ExNeuron2","Arteries",0.472727272727273,0.533075077001772
"AD_overall_vs_Control",1.02277545588585,0.182298137714588,Inf,0.665477671516536,1.38007324025517,5.61045476771213,2.01795613169385e-08,"ExNeuron2","Arteries",0.472727272727273,2.32064955144792e-07
"Disease_effect",0.0845439271020461,0.300841705049573,Inf,-0.505094979842738,0.67418283404683,0.281024624189372,0.778691513207517,"ExNeuron3","Arteries",0.472727272727273,0.806699236793074
"Amyloid_effect",0.205771973032826,0.255122517706166,Inf,-0.294258973316441,0.705802919382094,0.806561392083083,0.41991922459009,"ExNeuron3","Arteries",0.472727272727273,0.533075077001772
"AD_overall_vs_Control",0.181817950717564,0.274063698174154,Inf,-0.355337027173634,0.718972928608762,0.663414935757115,0.507064842804948,"ExNeuron3","Arteries",0.472727272727273,0.518332950422835
"Disease_effect",0.0771137340727698,0.288384985638486,Inf,-0.488110451460764,0.642337919606303,0.267398574520236,0.789162296862789,"ExNeuron4","Arteries",0.472727272727273,0.806699236793074
"Amyloid_effect",0.182829631147099,0.249418205139582,Inf,-0.306021068015105,0.671680330309304,0.733024403911423,0.463543545218932,"ExNeuron4","Arteries",0.472727272727273,0.533075077001772
"AD_overall_vs_Control",0.163542286978671,0.262044446061748,Inf,-0.350055389651103,0.677139963608446,0.624101328749911,0.532561041345972,"ExNeuron4","Arteries",0.472727272727273,0.532561041345972
"Disease_effect",0.683964292111921,0.205111727442549,Inf,0.28195269351773,1.08597589070611,3.33459378768822,0.000854240879066233,"ExNeuron5","Arteries",0.472727272727273,0.00151134924757872
"Amyloid_effect",0.319795566549947,0.128958196141971,Inf,0.0670421466004318,0.572548986499462,2.47983901851327,0.0131441710791556,"ExNeuron5","Arteries",0.472727272727273,0.0592945945892268
"AD_overall_vs_Control",0.835140378117351,0.19051166050868,Inf,0.461744384885416,1.20853637134929,4.38367066817571,1.16696146994205e-05,"ExNeuron5","Arteries",0.472727272727273,4.1292482782565e-05
"Disease_effect",0.143835487877584,0.295562644815743,Inf,-0.435456651136677,0.723127626891845,0.486649752262342,0.626506559558168,"ExNeuron6","Arteries",0.472727272727273,0.670216319527342
"Amyloid_effect",0.404344484261188,0.240577941992593,Inf,-0.0671796175190612,0.875868586041438,1.6807213533884,0.0928170509591387,"ExNeuron6","Arteries",0.472727272727273,0.152485155147156
"AD_overall_vs_Control",0.334980153164691,0.269520961260793,Inf,-0.193271223985078,0.86323153031446,1.2428723598999,0.213914872514124,"ExNeuron6","Arteries",0.472727272727273,0.228839165945341
"Disease_effect",0.391557790907518,0.22684278227955,Inf,-0.05304589251326,0.836161474328297,1.7261196806561,0.0843258838801122,"ExNeuron7","Arteries",0.472727272727273,0.110828304528148
"Amyloid_effect",0.182287129362913,0.165820241299695,Inf,-0.14271457149223,0.507288830218056,1.09930565734407,0.271634765548262,"ExNeuron7","Arteries",0.472727272727273,0.367505859271178
"AD_overall_vs_Control",0.477729888424531,0.210524808457916,Inf,0.0651088459948227,0.89035093085424,2.26923321732901,0.0232541472615076,"ExNeuron7","Arteries",0.472727272727273,0.0281497572112987
"Disease_effect",0.389173357313729,0.229026822190662,Inf,-0.0597109656736267,0.838057680301085,1.699247946556,0.0892724758349517,"ExNeuron8","Arteries",0.472727272727273,0.113886156321734
"Amyloid_effect",0.311951511529089,0.158278068613361,Inf,0.001732197504342,0.622170825553836,1.97090799920688,0.0487344000017878,"ExNeuron8","Arteries",0.472727272727273,0.106751542861059
"AD_overall_vs_Control",0.536641344582026,0.211699015886687,Inf,0.121718897881546,0.951563791282505,2.53492602379061,0.0112471074527629,"ExNeuron8","Arteries",0.472727272727273,0.0161677169633466
"Disease_effect",0.446534260655599,0.21048258086495,Inf,0.0339959827872579,0.85907253852394,2.12147845593981,0.0338815590702155,"ExNeuron9","Arteries",0.472727272727273,0.0472288399160579
"Amyloid_effect",0.276040892925538,0.156222499256386,Inf,-0.0301495791918129,0.58223136504289,1.76697271032972,0.0772327986822879,"ExNeuron9","Arteries",0.472727272727273,0.131581805162416
"AD_overall_vs_Control",0.57702631912949,0.194006131863832,Inf,0.196781287896451,0.957271350362528,2.97426846041388,0.00293688005980581,"ExNeuron9","Arteries",0.472727272727273,0.00450321609170224
"Disease_effect",-1.24789786420133,0.149823693437671,Inf,-1.54154690736993,-0.954248821032724,-8.32910893843686,8.14530891229579e-17,"Fibroblast","Arteries",0.472727272727273,3.74684209965606e-15
"Amyloid_effect",0.255298095531829,0.106730291313747,Inf,0.0461105684974164,0.464485622566241,2.39199286715472,0.0167571680360858,"Fibroblast","Arteries",0.472727272727273,0.0592945945892268
"AD_overall_vs_Control",-1.1272114917681,0.136281719607126,Inf,-1.39431875394925,-0.860104229586947,-8.27118629716173,1.32632611457737e-16,"Fibroblast","Arteries",0.472727272727273,6.1011001270559e-15
"Disease_effect",0.673046205658705,0.212115998319663,Inf,0.257306488407407,1.08878592291,3.17301010291742,0.00150867274482944,"InhNeuron1","Arteries",0.472727272727273,0.00257033134304276
"Amyloid_effect",0.343673685139854,0.133524876552821,Inf,0.0819697360561676,0.60537763422354,2.57385510484932,0.0100572381850589,"InhNeuron1","Arteries",0.472727272727273,0.0578291195640886
"AD_overall_vs_Control",0.835510129542999,0.197489295238103,Inf,0.44843822354412,1.22258203554188,4.23066034306147,2.33006282234348e-05,"InhNeuron1","Arteries",0.472727272727273,6.25955168069821e-05
"Disease_effect",0.661027239451733,0.221497400247116,Inf,0.226900312298132,1.09515416660533,2.98435665030041,0.00284175322584294,"InhNeuron2","Arteries",0.472727272727273,0.00466859458531341
"Amyloid_effect",0.246253771168681,0.159888501394892,Inf,-0.0671219331073889,0.559629475444751,1.5401593549275,0.123521514617477,"InhNeuron2","Arteries",0.472727272727273,0.189399655746799
"AD_overall_vs_Control",0.777438113095109,0.205795962166585,Inf,0.374085439084834,1.18079078710538,3.77771315292278,0.000158275025859959,"InhNeuron2","Arteries",0.472727272727273,0.00031082181664667
"Disease_effect",0.671179974998983,0.185287474067779,Inf,0.308023199039738,1.03433675095823,3.62237101226532,0.000291915031711183,"InhNeuron3","Arteries",0.472727272727273,0.000789887732865555
"Amyloid_effect",0.280985703666124,0.122792809493107,Inf,0.0403162194991462,0.521655187833102,2.2882911859908,0.0221205694593964,"InhNeuron3","Arteries",0.472727272727273,0.0694584879554732
"AD_overall_vs_Control",0.804009580368424,0.171761756531113,Inf,0.467362723646105,1.14065643709074,4.68095807009744,2.8553734147327e-06,"InhNeuron3","Arteries",0.472727272727273,1.31347177077704e-05
"Disease_effect",0.675234819584615,0.191234242477567,Inf,0.300422591717783,1.05004704745145,3.53093050092126,0.000414100537957761,"InhNeuron4","Arteries",0.472727272727273,0.000915522937807406
"Amyloid_effect",0.241814484675126,0.124108710653121,Inf,-0.00143411837269369,0.485063087722946,1.94840864434558,0.051366086303508,"InhNeuron4","Arteries",0.472727272727273,0.107401816816426
"AD_overall_vs_Control",0.789547121431038,0.177986670801847,Inf,0.44069965693123,1.13839458593085,4.43599016642118,9.16500317172208e-06,"InhNeuron4","Arteries",0.472727272727273,3.83263768999287e-05
"Disease_effect",0.506492008708302,0.191881716684968,Inf,0.130410754714047,0.882573262702557,2.63960536448537,0.00830026174190635,"InhNeuron5","Arteries",0.472727272727273,0.0127270680042564
"Amyloid_effect",0.456725998541047,0.113623734742506,Inf,0.234027570656802,0.679424426425291,4.01963550640259,5.82882491229704e-05,"InhNeuron5","Arteries",0.472727272727273,0.00268125945965664
"AD_overall_vs_Control",0.722398844382251,0.177540896182549,Inf,0.37442508208149,1.07037260668301,4.06891516216903,4.72325402448737e-05,"InhNeuron5","Arteries",0.472727272727273,0.00011435246585601
"Disease_effect",1.01673350160827,0.226983585672836,Inf,0.571853848607747,1.46161315460879,4.47932610895372,7.48790617445786e-06,"Microglia1","Arteries",0.472727272727273,2.87036403354218e-05
"Amyloid_effect",0.00770384857406614,0.144352458591674,Inf,-0.275221771345423,0.290629468493556,0.0533683225711994,0.95743844415631,"Microglia1","Arteries",0.472727272727273,0.97350308576724
"AD_overall_vs_Control",1.02037532093419,0.211424736156055,Inf,0.605990452627437,1.43476018924094,4.82618703698434,1.39171814700802e-06,"Microglia1","Arteries",0.472727272727273,8.00237934529614e-06
"Disease_effect",0.701421395631561,0.18344038881535,Inf,0.341884840243451,1.06095795101967,3.82370207652366,0.00013146275182364,"Microglia2","Arteries",0.472727272727273,0.000403152438925829
"Amyloid_effect",-0.111446434335166,0.132139318803453,Inf,-0.370434740131589,0.147541871461258,-0.843401005426204,0.399004209814187,"Microglia2","Arteries",0.472727272727273,0.524405532898646
"AD_overall_vs_Control",0.648737626673119,0.171612325734732,Inf,0.312383648929888,0.98509160441635,3.78025077100754,0.000156670479564862,"Microglia2","Arteries",0.472727272727273,0.00031082181664667
"Disease_effect",0.515796177200765,0.195143917624676,Inf,0.133321126854349,0.898271227547182,2.64315784718848,0.00821367338260031,"Microglia3","Arteries",0.472727272727273,0.0127270680042564
"Amyloid_effect",0.297157844819417,0.142368149276459,Inf,0.0181213996919348,0.5761942899469,2.08724947489749,0.0368655893479511,"Microglia3","Arteries",0.472727272727273,0.0997539476473971
"AD_overall_vs_Control",0.656270794751762,0.180358823023113,Inf,0.302773997332428,1.0097675921711,3.63869526176527,0.000274022821386873,"Microglia3","Arteries",0.472727272727273,0.000504201991351846
"Disease_effect",1.22729209062987,0.263646526634794,Inf,0.710554393776598,1.74402978748315,4.65506641143782,3.23876295921624e-06,"Microglia4","Arteries",0.472727272727273,1.48983096123947e-05
"Amyloid_effect",-0.628637327124797,0.193229773927658,Inf,-1.00736072476382,-0.24991392948577,-3.25331502670053,0.00114066962127486,"Microglia4","Arteries",0.472727272727273,0.0174902675262145
"AD_overall_vs_Control",0.930118081443606,0.246607365650515,Inf,0.446776526446297,1.41345963644092,3.7716557207855,0.000162167904337393,"Microglia4","Arteries",0.472727272727273,0.00031082181664667
"Disease_effect",1.17555709471441,0.233088692881478,Inf,0.718711651463194,1.63240253796562,5.04338962213049,4.57356638909294e-07,"Microglia5","Arteries",0.472727272727273,3.50640089830459e-06
"Amyloid_effect",-0.00466287986129243,0.140384493106117,Inf,-0.279811430337192,0.270485670614608,-0.0332150635595326,0.97350308576724,"Microglia5","Arteries",0.472727272727273,0.97350308576724
"AD_overall_vs_Control",1.17335282423453,0.21785808037835,Inf,0.746358832951928,1.60034681551712,5.38585863878351,7.20996140666956e-08,"Microglia5","Arteries",0.472727272727273,5.52763707844666e-07
"Disease_effect",0.983724977771941,0.274373475329825,Inf,0.445962847812396,1.52148710773149,3.58535013849062,0.000336626263769586,"Oligodendrocytes1","Arteries",0.472727272727273,0.000860267118522276
"Amyloid_effect",-0.775534080273405,0.233927122922894,Inf,-1.23402281620935,-0.317045344337459,-3.31528071898287,0.000915511369015732,"Oligodendrocytes1","Arteries",0.472727272727273,0.0174902675262145
"AD_overall_vs_Control",0.617108867097241,0.255554212526145,Inf,0.116231814448501,1.11798591974598,2.41478651827782,0.0157444345782568,"Oligodendrocytes1","Arteries",0.472727272727273,0.021301293841171
"Disease_effect",0.0164223792081893,0.305259228449567,Inf,-0.581874714501447,0.614719472917826,0.0537981416371906,0.957095990135914,"Oligodendrocytes2","Arteries",0.472727272727273,0.957095990135914
"Amyloid_effect",-0.627643962105958,0.317668955657901,Inf,-1.2502636742019,-0.00502425001002005,-1.97577997763769,0.048179702100521,"Oligodendrocytes2","Arteries",0.472727272727273,0.106751542861059
"AD_overall_vs_Control",-0.2802820392419,0.241046605758036,Inf,-0.752724705123276,0.192160626639476,-1.16277115108291,0.244922364861855,"Oligodendrocytes2","Arteries",0.472727272727273,0.256055199628303
"Disease_effect",1.0602299263815,0.212150737342474,Inf,0.64442212189664,1.47603773086637,4.99753118778928,5.80689493848712e-07,"Oligodendrocytes3","Arteries",0.472727272727273,3.79343087049956e-06
"Amyloid_effect",-0.205663060099439,0.138452856992882,Inf,-0.477025673362163,0.0656995531632854,-1.48543745912019,0.137427978934012,"Oligodendrocytes3","Arteries",0.472727272727273,0.203925388095631
"AD_overall_vs_Control",0.963007388879952,0.201573670999479,Inf,0.567930253489447,1.35808452427046,4.7774463009231,1.77535440174811e-06,"Oligodendrocytes3","Arteries",0.472727272727273,9.07403360893478e-06
"Disease_effect",1.06604461280623,0.245289633792335,Inf,0.585285764792236,1.54680346082023,4.34606467596896,1.38601717153214e-05,"Oligodendrocytes4","Arteries",0.472727272727273,4.55405642074845e-05
"Amyloid_effect",-0.204243987629225,0.163869551709771,Inf,-0.525422407143101,0.116934431884651,-1.24638156080979,0.212624347472684,"Oligodendrocytes4","Arteries",0.472727272727273,0.305647499491983
"AD_overall_vs_Control",0.969492909563325,0.227954309664037,Inf,0.522710672501122,1.41627514662553,4.25301417197236,2.10912223084528e-05,"Oligodendrocytes4","Arteries",0.472727272727273,6.06372641368019e-05
"Disease_effect",0.92648537185384,0.269715548906548,Inf,0.397852609926554,1.45511813378112,3.43504620185932,0.000592452811369558,"Oligodendrocytes5","Arteries",0.472727272727273,0.00118490562273912
"Amyloid_effect",-0.138978109233336,0.187436038144376,Inf,-0.506345993401189,0.228389774934517,-0.741469519998525,0.458408806057632,"Oligodendrocytes5","Arteries",0.472727272727273,0.533075077001772
"AD_overall_vs_Control",0.860786629307172,0.250238474941568,Inf,0.370328230875469,1.35124502773887,3.43986523058922,0.000582003919922263,"Oligodendrocytes5","Arteries",0.472727272727273,0.000991562233941634
"Disease_effect",1.07667019552662,0.28705062942523,Inf,0.514061300113618,1.63927909093963,3.75080242005555,0.000176269561272026,"Oligodendrocytes6","Arteries",0.472727272727273,0.000506774988657075
"Amyloid_effect",-0.518067848643482,0.216326258264807,Inf,-0.942059523752813,-0.0940761735341507,-2.39484495686747,0.0166273945594784,"Oligodendrocytes6","Arteries",0.472727272727273,0.0592945945892268
"AD_overall_vs_Control",0.831765394349703,0.262918634796672,Inf,0.316454339283787,1.34707644941562,3.16358479113871,0.001558389491776,"Oligodendrocytes6","Arteries",0.472727272727273,0.00247192815936882
"Disease_effect",0.960117370924942,0.284619052760576,Inf,0.402274278200307,1.51796046364958,3.37334188141158,0.000742616842366752,"Oligodendrocytes7","Arteries",0.472727272727273,0.00142334894786961
"Amyloid_effect",-0.725683319308344,0.239816039085454,Inf,-1.19571411883088,-0.255652519785803,-3.02599993760117,0.00247812353966292,"Oligodendrocytes7","Arteries",0.472727272727273,0.0227987365648989
"AD_overall_vs_Control",0.617067074524633,0.2645858835681,Inf,0.09848827191345,1.13564587713582,2.33219953462034,0.0196901966546716,"Oligodendrocytes7","Arteries",0.472727272727273,0.0244797039490511
"Disease_effect",0.826794717929657,0.188496594799219,Inf,0.457348180914747,1.19624125494457,4.38625811150771,1.15317271908268e-05,"Oligodendrocytes8","Arteries",0.472727272727273,4.08045731367717e-05
"Amyloid_effect",-0.249663449785865,0.140080895656466,Inf,-0.524216960194652,0.024890060622921,-1.78228050738724,0.074703499802232,"Oligodendrocytes8","Arteries",0.472727272727273,0.131581805162416
"AD_overall_vs_Control",0.708771996212702,0.178792190401794,Inf,0.358345742308157,1.05919825011725,3.96422234449894,7.36355964983082e-05,"Oligodendrocytes8","Arteries",0.472727272727273,0.000169361871946109
"Disease_effect",1.26875672311483,0.201907466286983,Inf,0.873025360982609,1.66448808524705,6.28385243223979,3.30284235335953e-10,"OPC1","Arteries",0.472727272727273,3.79826870636346e-09
"Amyloid_effect",-0.402621917340249,0.135946770889155,Inf,-0.66907269209751,-0.136171142582987,-2.96161442237219,0.00306030759212552,"OPC1","Arteries",0.472727272727273,0.0234623582062956
"AD_overall_vs_Control",1.07842636219035,0.19438462542148,Inf,0.697439497215939,1.45941322716476,5.54789947945739,2.89122010715035e-08,"OPC1","Arteries",0.472727272727273,2.65992249857832e-07
"Disease_effect",1.23437516872848,0.185378598681851,Inf,0.871039791807552,1.59771054564942,6.65867137579853,2.76313972458951e-11,"OPC2","Arteries",0.472727272727273,6.35522136655586e-10
"Amyloid_effect",-0.38020384457308,0.120210344036588,Inf,-0.615811789453962,-0.144595899692199,-3.16282136633233,0.00156248174873584,"OPC2","Arteries",0.472727272727273,0.0179685401104621
"AD_overall_vs_Control",1.05464244220303,0.175769460650349,Inf,0.710140629746314,1.39914425465974,6.00014609079893,1.97140080674287e-09,"OPC2","Arteries",0.472727272727273,3.02281457033907e-08
"Disease_effect",1.25728900963398,0.192915224464887,Inf,0.87918211761334,1.63539590165462,6.51731356673107,7.1577697995888e-11,"OPC3","Arteries",0.472727272727273,1.09752470260362e-09
"Amyloid_effect",-0.289723276185103,0.127110889997424,Inf,-0.538856042622886,-0.0405905097473206,-2.27929547335382,0.0226495069420021,"OPC3","Arteries",0.472727272727273,0.0694584879554732
"AD_overall_vs_Control",1.12032891543739,0.182328472696746,Inf,0.762971675595569,1.4776861552792,6.14456370344718,8.01836055046414e-10,"OPC3","Arteries",0.472727272727273,1.84422292660675e-08
"Disease_effect",0.261908732875545,0.255061167862271,Inf,-0.238001969989231,0.761819435740321,1.02684675629248,0.304492628878999,"Pericytes","Arteries",0.472727272727273,0.333491926867475
"Amyloid_effect",0.32322905433661,0.208326352409328,Inf,-0.0850830934162717,0.731541202089491,1.55155145087702,0.120769587391337,"Pericytes","Arteries",0.472727272727273,0.189399655746799
"AD_overall_vs_Control",0.414707922198306,0.23224782481094,Inf,-0.0404894499189055,0.869905294315517,1.78562672238543,0.0741597171936952,"Pericytes","Arteries",0.472727272727273,0.0832035851441459
"Disease_effect",0.305507355778028,0.210662602278653,Inf,-0.107383757577617,0.718398469133673,1.45022112360465,0.146996866325285,"SMC","Arteries",0.472727272727273,0.173380919255464
"Amyloid_effect",0.327149161970446,0.163963727448152,Inf,0.00578616140112614,0.648512162539766,1.99525326157211,0.0460152646640314,"SMC","Arteries",0.472727272727273,0.106751542861059
"AD_overall_vs_Control",0.46015968689133,0.192349095768291,Inf,0.0831623867266333,0.837156987056026,2.39231531114474,0.0167424520039424,"SMC","Arteries",0.472727272727273,0.0220043654908957
"Disease_effect",0.839578948700359,0.250311744440291,Inf,0.348976944689996,1.33018095271072,3.35413326521174,0.000796140095766383,"VLMC1","Arteries",0.472727272727273,0.00146489777621014
"Amyloid_effect",-0.109423786569494,0.180316827938772,Inf,-0.462838275135993,0.243990701997005,-0.606841789645113,0.543955911858817,"VLMC1","Arteries",0.472727272727273,0.610291998670868
"AD_overall_vs_Control",0.787851340503871,0.233479567919224,Inf,0.330239796256218,1.24546288475152,3.37439094788988,0.000739792211156769,"VLMC1","Arteries",0.472727272727273,0.00121537291832898
"Disease_effect",1.01678731527911,0.224964727372746,Inf,0.575864551836652,1.45771007872156,4.51976328535443,6.1908813289753e-06,"VLMC2","Arteries",0.472727272727273,2.58891401029876e-05
"Amyloid_effect",-0.442256681416129,0.17036405804541,Inf,-0.776164099445223,-0.108349263387034,-2.59595061593477,0.00943296219034059,"VLMC2","Arteries",0.472727272727273,0.0578291195640886
"AD_overall_vs_Control",0.807720520427845,0.213950782949143,Inf,0.388384691383377,1.22705634947231,3.7752632137824,0.00015983879485073,"VLMC2","Arteries",0.472727272727273,0.00031082181664667
"Disease_effect",0.974807912470138,0.319927641909247,Inf,0.347761256669188,1.60185456827109,3.04696370295712,0.00231165622034283,"Astrocytes1","Capillaries",0.433333333333333,0.0132920232669713
"Amyloid_effect",-0.263103541811043,0.285464034673073,Inf,-0.822602768651759,0.296395685029672,-0.921669667117128,0.356700907137991,"Astrocytes1","Capillaries",0.433333333333333,0.548083015294047
"AD_overall_vs_Control",0.860796377685353,0.30087908679132,Inf,0.271084203873064,1.45050855149764,2.86093788327127,0.00422389801899046,"Astrocytes1","Capillaries",0.433333333333333,0.00870219012647403
"Disease_effect",0.685135935095861,0.334286997684178,Inf,0.0299454591348487,1.34032641105687,2.04954407393121,0.0404089427145558,"Astrocytes2","Capillaries",0.433333333333333,0.0743524545947827
"Amyloid_effect",-0.432023439950438,0.411060137835955,Inf,-1.23768650558898,0.373639625688104,-1.05099813916486,0.293259444486868,"Astrocytes2","Capillaries",0.433333333333333,0.494844367055192
"AD_overall_vs_Control",0.497925777784005,0.291879218216448,Inf,-0.0741469777559408,1.06999853332395,1.70593090123586,0.0880209455696982,"Astrocytes2","Capillaries",0.433333333333333,0.0920218976410481
"Disease_effect",0.652851239515528,0.285865205749565,Inf,0.0925657318132493,1.21313674721781,2.28377300344648,0.0223848750497202,"Astrocytes3","Capillaries",0.433333333333333,0.0514852126143566
"Amyloid_effect",0.191566294158321,0.224356803227294,Inf,-0.248164959853715,0.631297548170356,0.853846602388281,0.393189989232686,"Astrocytes3","Capillaries",0.433333333333333,0.548083015294047
"AD_overall_vs_Control",0.735863300317467,0.265141280171415,Inf,0.216195940366651,1.25553066026828,2.77536300587268,0.00551401241636038,"Astrocytes3","Capillaries",0.433333333333333,0.00975556042894528
"Disease_effect",0.759791989754401,0.260019180022094,Inf,0.250163761621461,1.26942021788734,2.92206132520625,0.00347723067596327,"Astrocytes4","Capillaries",0.433333333333333,0.0177725123438123
"Amyloid_effect",0.101423869805389,0.207549399495987,Inf,-0.305365478219661,0.508213217830438,0.488673395594911,0.625072941830832,"Astrocytes4","Capillaries",0.433333333333333,0.798704314561618
"AD_overall_vs_Control",0.803742333336736,0.242725184551053,Inf,0.328009713475834,1.27947495319764,3.31132648976391,0.000928548033517657,"Astrocytes4","Capillaries",0.433333333333333,0.00289033888165662
"Disease_effect",0.571209786814628,0.342067932187636,Inf,-0.0992310405392277,1.24165061416848,1.66987236471292,0.0949446190590551,"Astrocytes5","Capillaries",0.433333333333333,0.127770695053296
"Amyloid_effect",0.1152463128308,0.289845724167122,Inf,-0.45284086760969,0.68333349327129,0.3976126029182,0.690915769098183,"Astrocytes5","Capillaries",0.433333333333333,0.815561418687862
"AD_overall_vs_Control",0.621149855707974,0.310861461278452,Inf,0.0118725874207161,1.23042712399523,1.9981565201213,0.0456996937232598,"Astrocytes5","Capillaries",0.433333333333333,0.058394053090832
"Disease_effect",0.300600932362607,0.26072857319767,Inf,-0.210417680845342,0.811619545570555,1.15292669566641,0.248940473696892,"Endothelial","Capillaries",0.433333333333333,0.260255949774023
"Amyloid_effect",0.263884417070428,0.227186235415833,Inf,-0.181392422127842,0.709161256268699,1.1615334731324,0.245425018808229,"Endothelial","Capillaries",0.433333333333333,0.47430382088857
"AD_overall_vs_Control",0.414950846426459,0.237377712729502,Inf,-0.0503009212558596,0.880202614108777,1.74806152462724,0.080453374430752,"Endothelial","Capillaries",0.433333333333333,0.0881156005670141
"Disease_effect",0.842761806159946,0.304360347015945,Inf,0.246226487686581,1.43929712463331,2.76896059037479,0.00562354369596797,"ExNeuron1","Capillaries",0.433333333333333,0.0198986930780405
"Amyloid_effect",-0.239720856104799,0.26547857185371,Inf,-0.7600492956052,0.280607583395601,-0.902976290820547,0.366538478319241,"ExNeuron1","Capillaries",0.433333333333333,0.548083015294047
"AD_overall_vs_Control",0.738882768514533,0.284588048527053,Inf,0.181100442970971,1.2966650940581,2.59632395787096,0.00942271771065557,"ExNeuron1","Capillaries",0.433333333333333,0.0145334930797568
"Disease_effect",0.358801258616088,0.257364120046022,Inf,-0.145623147586957,0.863225664819134,1.39413861789253,0.163275749480133,"ExNeuron10","Capillaries",0.433333333333333,0.183187426246002
"Amyloid_effect",0.702920166398294,0.203717733953622,Inf,0.303640744837082,1.10219958795951,3.45046134549248,0.000559629302877283,"ExNeuron10","Capillaries",0.433333333333333,0.005148589586471
"AD_overall_vs_Control",0.663399997388682,0.232647970275115,Inf,0.207418354573113,1.11938164020425,2.85151852648527,0.00435109506323702,"ExNeuron10","Capillaries",0.433333333333333,0.00870219012647403
"Disease_effect",0.462818983677674,0.247170747233347,Inf,-0.0216267789315395,0.947264746286887,1.87246666063092,0.0611420701618811,"ExNeuron11","Capillaries",0.433333333333333,0.0985083961041138
"Amyloid_effect",0.486189749058978,0.196378792321848,Inf,0.101294388780685,0.871085109337271,2.4757752265945,0.0132947247898825,"ExNeuron11","Capillaries",0.433333333333333,0.0611557340334593
"AD_overall_vs_Control",0.673501208269897,0.225798908413288,Inf,0.230943480031395,1.1160589365084,2.98274784852885,0.00285673242366345,"ExNeuron11","Capillaries",0.433333333333333,0.00657048457442593
"Disease_effect",0.737238352252319,0.238969661871748,Inf,0.268866421585979,1.20561028291866,3.08507091016426,0.00203503628567833,"ExNeuron12","Capillaries",0.433333333333333,0.0132920232669713
"Amyloid_effect",0.257857621872608,0.173701601491238,Inf,-0.0825912611071473,0.598306504852363,1.48448615130135,0.137679994435794,"ExNeuron12","Capillaries",0.433333333333333,0.301584749716502
"AD_overall_vs_Control",0.848976655063783,0.224955168184847,Inf,0.408072627285333,1.28988068284223,3.77398155336522,0.000160662645679913,"ExNeuron12","Capillaries",0.433333333333333,0.000982338777510864
"Disease_effect",0.557612494846067,0.247120188219842,Inf,0.0732658260824182,1.04195916360972,2.25644249813377,0.024042932645631,"ExNeuron13","Capillaries",0.433333333333333,0.0526654715094775
"Amyloid_effect",0.444568863337676,0.191030520585903,Inf,0.07015592304137,0.818981803633983,2.3272137979531,0.019953889010781,"ExNeuron13","Capillaries",0.433333333333333,0.0764899078746605
"AD_overall_vs_Control",0.750259002292394,0.228109546622285,Inf,0.303172506382954,1.19734549820183,3.28902938698444,0.00100533526318491,"ExNeuron13","Capillaries",0.433333333333333,0.00289033888165662
"Disease_effect",0.67177901316952,0.203557666619886,Inf,0.272813317817533,1.07074470852151,3.30019018357078,0.000966193281711365,"ExNeuron14","Capillaries",0.433333333333333,0.0132920232669713
"Amyloid_effect",0.254573275938717,0.155447701475006,Inf,-0.0500986204318289,0.559245172309264,1.63767796836577,0.101488888871962,"ExNeuron14","Capillaries",0.433333333333333,0.245709941479487
"AD_overall_vs_Control",0.782094099409631,0.189287684677874,Inf,0.411097054724024,1.15309114409524,4.13177487347148,3.59972890721525e-05,"ExNeuron14","Capillaries",0.433333333333333,0.000444227570604871
"Disease_effect",0.244395037971656,0.253287839958031,Inf,-0.25204000606803,0.740830082011343,0.964890529336709,0.334599645515426,"ExNeuron2","Capillaries",0.433333333333333,0.342035193193547
"Amyloid_effect",0.773204717175019,0.203551117422261,Inf,0.374251858014504,1.17215757633553,3.79857761021782,0.000145528860793409,"ExNeuron2","Capillaries",0.433333333333333,0.0033471637982484
"AD_overall_vs_Control",0.579450415414165,0.226990019566617,Inf,0.134558152213554,1.02434267861478,2.55275723805164,0.0106873957606214,"ExNeuron2","Capillaries",0.433333333333333,0.0158587162899544
"Disease_effect",0.562979476643211,0.350453370621976,Inf,-0.12389650803653,1.24985546132295,1.60643190745761,0.10817904492446,"ExNeuron3","Capillaries",0.433333333333333,0.130953580698031
"Amyloid_effect",-0.375337226765249,0.336772174233275,Inf,-1.03539855925772,0.284724105727217,-1.11451377365061,0.265058838844073,"ExNeuron3","Capillaries",0.433333333333333,0.487708263473095
"AD_overall_vs_Control",0.400333345044937,0.321304361279653,Inf,-0.229411631138829,1.0300783212287,1.24596299736031,0.212777980138612,"ExNeuron3","Capillaries",0.433333333333333,0.217506379697247
"Disease_effect",0.738203389968205,0.334427993118768,Inf,0.0827365680334112,1.393670211903,2.20736124115675,0.0272888319277052,"ExNeuron4","Capillaries",0.433333333333333,0.0552648365280061
"Amyloid_effect",-0.360253893690716,0.311494466374867,Inf,-0.970771829168978,0.250264041787546,-1.15653384756174,0.247462863072298,"ExNeuron4","Capillaries",0.433333333333333,0.47430382088857
"AD_overall_vs_Control",0.582093369368894,0.309275516690171,Inf,-0.0240755046438574,1.18826224338165,1.88211913958915,0.0598198412272147,"ExNeuron4","Capillaries",0.433333333333333,0.0687928174112969
"Disease_effect",0.327235135301889,0.246566945205142,Inf,-0.15602719707825,0.810497467682029,1.3271654683057,0.184453952554743,"ExNeuron5","Capillaries",0.433333333333333,0.202020995655195
"Amyloid_effect",0.680198773762082,0.196112007712849,Inf,0.295826301709057,1.06457124581511,3.46841981628194,0.00052352873308371,"ExNeuron5","Capillaries",0.433333333333333,0.005148589586471
"AD_overall_vs_Control",0.621987937265458,0.222533642017735,Inf,0.185830013562169,1.05814586096875,2.79502879486369,0.00518950926871145,"ExNeuron5","Capillaries",0.433333333333333,0.00954869705442908
"Disease_effect",0.544766267819858,0.304243302992274,Inf,-0.0515396485825058,1.14107218422222,1.79056124641696,0.0733637306125781,"ExNeuron6","Capillaries",0.433333333333333,0.105460362755581
"Amyloid_effect",-0.0317666661675263,0.272310069210757,Inf,-0.56548459444822,0.501951262113167,-0.116656230375896,0.907132476473309,"ExNeuron6","Capillaries",0.433333333333333,0.948365770858459
"AD_overall_vs_Control",0.531000712480597,0.2808429023781,Inf,-0.0194412614941778,1.08144268645537,1.89073929938848,0.0586591536230033,"ExNeuron6","Capillaries",0.433333333333333,0.0687928174112969
"Disease_effect",0.913570423437571,0.29006484479571,Inf,0.34505377445678,1.48208707241836,3.1495385939685,0.0016352850757342,"ExNeuron7","Capillaries",0.433333333333333,0.0132920232669713
"Amyloid_effect",0.0813138185892006,0.229538824120238,Inf,-0.368574009740139,0.53120164691854,0.354248650095927,0.723152546900087,"ExNeuron7","Capillaries",0.433333333333333,0.8316254289351
"AD_overall_vs_Control",0.948806411492891,0.271582583409394,Inf,0.416514329182133,1.48109849380365,3.4936202446481,0.000476518333493274,"ExNeuron7","Capillaries",0.433333333333333,0.00199271303097187
"Disease_effect",0.660697987198882,0.23519901890483,Inf,0.199716380946259,1.1216795934515,2.80910179929885,0.00496799347657263,"ExNeuron8","Capillaries",0.433333333333333,0.0198986930780405
"Amyloid_effect",0.333481099314855,0.18035246156531,Inf,-0.0200032298762975,0.686965428506007,1.84905210841324,0.0644502888047913,"ExNeuron8","Capillaries",0.433333333333333,0.185294580313775
"AD_overall_vs_Control",0.805206463568652,0.217921483305681,Inf,0.378088204831972,1.23232472230533,3.69493843082548,0.000219940076132976,"ExNeuron8","Capillaries",0.433333333333333,0.00112413816690188
"Disease_effect",0.651939895037248,0.315028031975123,Inf,0.0344962982454732,1.26938349182902,2.06946629780784,0.0385023507563255,"ExNeuron9","Capillaries",0.433333333333333,0.0737961722829572
"Amyloid_effect",-0.0143704244466354,0.268755420701639,Inf,-0.541121369671758,0.512380520778487,-0.053470268280054,0.957357219224518,"ExNeuron9","Capillaries",0.433333333333333,0.978631824096174
"AD_overall_vs_Control",0.645712711110372,0.326318205607733,Inf,0.00614078061947865,1.28528464160127,1.97878236645669,0.0478405146698812,"ExNeuron9","Capillaries",0.433333333333333,0.0594773966166091
"Disease_effect",-1.23155001563987,0.240277256822123,Inf,-1.70248478531531,-0.76061524596443,-5.12553718952929,2.96690593305886e-07,"Fibroblast","Capillaries",0.433333333333333,1.36477672920707e-05
"Amyloid_effect",0.272882314058554,0.181897946759263,Inf,-0.0836311104513857,0.629395738568494,1.50019458119396,0.133564006516173,"Fibroblast","Capillaries",0.433333333333333,0.301584749716502
"AD_overall_vs_Control",-1.11330101288117,0.227672083369042,Inf,-1.55953009656969,-0.667071929192643,-4.88993203034285,1.0087080184162e-06,"Fibroblast","Capillaries",0.433333333333333,4.64005688471453e-05
"Disease_effect",0.590402208481677,0.242215039604021,Inf,0.115669454343853,1.0651349626195,2.4375125898329,0.0147886992381729,"InhNeuron1","Capillaries",0.433333333333333,0.0400164802915265
"Amyloid_effect",0.33614931147977,0.190463293571695,Inf,-0.0371518842976301,0.709450507257171,1.76490338466838,0.0775800047633675,"InhNeuron1","Capillaries",0.433333333333333,0.209922365830289
"AD_overall_vs_Control",0.736066910122911,0.223539205361499,Inf,0.297938118481671,1.17419570176415,3.29278664533397,0.000991997205192373,"InhNeuron1","Capillaries",0.433333333333333,0.00289033888165662
"Disease_effect",0.693222245214647,0.227028813056564,Inf,0.248253948170905,1.13819054225839,3.05345491561871,0.00226222711371449,"InhNeuron2","Capillaries",0.433333333333333,0.0132920232669713
"Amyloid_effect",0.186986028736898,0.177027997473617,Inf,-0.159982470566638,0.533954528040435,1.05625116594772,0.290853480233204,"InhNeuron2","Capillaries",0.433333333333333,0.494844367055192
"AD_overall_vs_Control",0.77424952433397,0.211446760238271,Inf,0.359821489619282,1.18867755904866,3.66167598624589,0.000250570644044042,"InhNeuron2","Capillaries",0.433333333333333,0.00115262496260259
"Disease_effect",0.677876517865902,0.236750614386528,Inf,0.213853840350577,1.14189919538123,2.86325135680187,0.0041931777454944,"InhNeuron3","Capillaries",0.433333333333333,0.0192886176292742
"Amyloid_effect",0.45326832275462,0.176438975412461,Inf,0.107454285477049,0.799082360032191,2.56898070108952,0.0101998137668712,"InhNeuron3","Capillaries",0.433333333333333,0.0521323814751193
"AD_overall_vs_Control",0.87429279105957,0.219023508254929,Inf,0.445014603112299,1.30357097900684,3.99177603365732,6.55802947622098e-05,"InhNeuron3","Capillaries",0.433333333333333,0.000506627630654368
"Disease_effect",0.556992502430144,0.225799305611505,Inf,0.114433995697442,0.999551009162846,2.46675914667545,0.0136342031184164,"InhNeuron4","Capillaries",0.433333333333333,0.039198333965447
"Amyloid_effect",0.30631748312224,0.178617306927106,Inf,-0.0437660054704233,0.656400971714904,1.71493730586393,0.0863567219940932,"InhNeuron4","Capillaries",0.433333333333333,0.220689400651571
"AD_overall_vs_Control",0.689730078449782,0.208305448563639,Inf,0.281458901481588,1.09800125541798,3.31114756337765,0.000929141982298379,"InhNeuron4","Capillaries",0.433333333333333,0.00289033888165662
"Disease_effect",0.626401129641946,0.22422427668627,Inf,0.186929622877314,1.06587263640658,2.79363652722758,0.00521190232170819,"InhNeuron5","Capillaries",0.433333333333333,0.0198986930780405
"Amyloid_effect",0.35332616601253,0.17185496017161,Inf,0.016496633511609,0.690155698513451,2.05595558987478,0.0397867970614106,"InhNeuron5","Capillaries",0.433333333333333,0.122012844321659
"AD_overall_vs_Control",0.779509134914043,0.20739144196895,Inf,0.373029377953073,1.18598889187501,3.75863694043243,0.000170841526523628,"InhNeuron5","Capillaries",0.433333333333333,0.000982338777510864
"Disease_effect",0.406911711980412,0.247649736918794,Inf,-0.0784728531612436,0.892296277122067,1.64309365736916,0.100363556967522,"Microglia1","Capillaries",0.433333333333333,0.128242322791833
"Amyloid_effect",0.594183802614401,0.195953967961504,Inf,0.210121082782138,0.978246522446664,3.03226216236219,0.00242728293492346,"Microglia1","Capillaries",0.433333333333333,0.015950716429497
"AD_overall_vs_Control",0.664391359779986,0.224998025381042,Inf,0.223403333440515,1.10537938611946,2.95287640260316,0.00314827988796666,"Microglia1","Capillaries",0.433333333333333,0.00689623213554603
"Disease_effect",0.56944303607676,0.211756883799927,Inf,0.15440717035047,0.98447890180305,2.68913588950801,0.00716372506073256,"Microglia2","Capillaries",0.433333333333333,0.0219687568529132
"Amyloid_effect",0.0521340311992642,0.175655258246735,Inf,-0.292143948659419,0.396412011057947,0.296797441304227,0.766621159046719,"Microglia2","Capillaries",0.433333333333333,0.839632698003549
"AD_overall_vs_Control",0.592034449596441,0.19691951740457,Inf,0.206079287630476,0.977989611562407,3.00647928351413,0.00264292061740087,"Microglia2","Capillaries",0.433333333333333,0.00657048457442593
"Disease_effect",0.63315054520467,0.202074022418792,Inf,0.237092739052698,1.02920835135664,3.13326046379423,0.0017287595911132,"Microglia3","Capillaries",0.433333333333333,0.0132920232669713
"Amyloid_effect",0.348559026947697,0.152914386508828,Inf,0.0488523366723562,0.648265717223038,2.27943906983254,0.0226409780606818,"Microglia3","Capillaries",0.433333333333333,0.0801142300608741
"AD_overall_vs_Control",0.784192790215339,0.18712751070147,Inf,0.417429608723823,1.15095597170685,4.19068680642251,2.78111331493893e-05,"Microglia3","Capillaries",0.433333333333333,0.000444227570604871
"Disease_effect",0.544864261130677,0.28997767186195,Inf,-0.0234815320395181,1.11321005430087,1.87898694969202,0.0602462751789785,"Microglia4","Capillaries",0.433333333333333,0.0985083961041138
"Amyloid_effect",0.212762353816355,0.2454739265385,Inf,-0.268357701342736,0.693882408975446,0.8667411517654,0.38608385233481,"Microglia4","Capillaries",0.433333333333333,0.548083015294047
"AD_overall_vs_Control",0.637061281117764,0.266960151879226,Inf,0.113828998127138,1.16029356410839,2.38635345624906,0.0170163876357485,"Microglia4","Capillaries",0.433333333333333,0.023719813068013
"Disease_effect",0.366126121645765,0.283423455917807,Inf,-0.189373644327012,0.921625887618541,1.29179894606868,0.196426780454455,"Microglia5","Capillaries",0.433333333333333,0.21013097443965
"Amyloid_effect",0.656490688323038,0.210118447459732,Inf,0.244666098814492,1.06831527783158,3.12438387138212,0.00178177838490555,"Microglia5","Capillaries",0.433333333333333,0.0136603009509426
"AD_overall_vs_Control",0.650605419919081,0.258382152510721,Inf,0.144185706750133,1.15702513308803,2.51799674860316,0.0118024410568441,"Microglia5","Capillaries",0.433333333333333,0.0169660090192134
"Disease_effect",0.600093232317775,0.328368202690361,Inf,-0.043496618623482,1.24368308325903,1.82750104121269,0.067624469796747,"Oligodendrocytes1","Capillaries",0.433333333333333,0.101616483611397
"Amyloid_effect",-0.177147428476572,0.303150455466604,Inf,-0.77131140308803,0.417016546134885,-0.584354815512021,0.558981619806196,"Oligodendrocytes1","Capillaries",0.433333333333333,0.734661557459572
"AD_overall_vs_Control",0.523329346644593,0.302815869678276,Inf,-0.0701788518720029,1.11683754516119,1.72820977711835,0.0839506214833248,"Oligodendrocytes1","Capillaries",0.433333333333333,0.0898076415868126
"Disease_effect",0.209774959662051,0.37074545215629,Inf,-0.516872773996294,0.936422693320397,0.565819374025981,0.571516574769377,"Oligodendrocytes2","Capillaries",0.433333333333333,0.571516574769377
"Amyloid_effect",-0.376899174216157,0.364561362256616,Inf,-1.09142631439398,0.33762796596167,-1.0338428951526,0.301209614729247,"Oligodendrocytes2","Capillaries",0.433333333333333,0.494844367055192
"AD_overall_vs_Control",0.0464519841683835,0.337034911177581,Inf,-0.614124303272331,0.707028271609098,0.137825437744959,0.890378379801668,"Oligodendrocytes2","Capillaries",0.433333333333333,0.890378379801668
"Disease_effect",0.579964416249106,0.249443626476901,Inf,0.0910638921813182,1.06886494031689,2.32503200999931,0.0200702486370688,"Oligodendrocytes3","Capillaries",0.433333333333333,0.0510110697940615
"Amyloid_effect",0.468276658172312,0.192778684162927,Inf,0.090437380225952,0.846115936118671,2.42908939961716,0.0151367993967422,"Oligodendrocytes3","Capillaries",0.433333333333333,0.0632993429318308
"AD_overall_vs_Control",0.782884301457108,0.229396817746964,Inf,0.33327480050496,1.23249380240926,3.41279495132608,0.000643003030664623,"Oligodendrocytes3","Capillaries",0.433333333333333,0.00246484495088106
"Disease_effect",0.52844055540965,0.315255097796408,Inf,-0.0894480822139624,1.14632919303326,1.67623159499523,0.0936928377797125,"Oligodendrocytes4","Capillaries",0.433333333333333,0.127770695053296
"Amyloid_effect",0.124021978244891,0.278557760341059,Inf,-0.421941199637725,0.669985156127507,0.445228946747137,0.656154309817331,"Oligodendrocytes4","Capillaries",0.433333333333333,0.815561418687862
"AD_overall_vs_Control",0.582183412649103,0.289737936481827,Inf,0.0143074921897673,1.15005933310844,2.00934478832259,0.0445005811297511,"Oligodendrocytes4","Capillaries",0.433333333333333,0.058394053090832
"Disease_effect",0.532787013587316,0.292445947573609,Inf,-0.0403965110816472,1.10597053825628,1.82183072806373,0.0684806737381154,"Oligodendrocytes5","Capillaries",0.433333333333333,0.101616483611397
"Amyloid_effect",0.507656048822822,0.236819796703092,Inf,0.0434977764586646,0.97181432118698,2.14363856354157,0.0320618583362657,"Oligodendrocytes5","Capillaries",0.433333333333333,0.105346105962016
"AD_overall_vs_Control",0.752771301410539,0.267683688134225,Inf,0.228120913418606,1.27742168940247,2.81216725104697,0.00492089086915878,"Oligodendrocytes5","Capillaries",0.433333333333333,0.00943170749922099
"Disease_effect",0.544507471368772,0.32831345872591,Inf,-0.0989750833737886,1.18799002611133,1.65849878187099,0.0972168331927254,"Oligodendrocytes6","Capillaries",0.433333333333333,0.127770695053296
"Amyloid_effect",0.0676605511119526,0.295796636196778,Inf,-0.512090202581829,0.647411304805734,0.228740096513273,0.819070928357994,"Oligodendrocytes6","Capillaries",0.433333333333333,0.876215411731808
"AD_overall_vs_Control",0.573827043517285,0.301539781112122,Inf,-0.0171800673685654,1.16483415440313,1.90298952065604,0.0570419126453891,"Oligodendrocytes6","Capillaries",0.433333333333333,0.0687928174112969
"Disease_effect",0.536418306921971,0.333032398555927,Inf,-0.116313199932635,1.18914981377658,1.61070907589758,0.107243146608038,"Oligodendrocytes7","Capillaries",0.433333333333333,0.130953580698031
"Amyloid_effect",-0.000714382280127768,0.304661927295652,Inf,-0.597840787240165,0.59641202267991,-0.00234483608263435,0.998129093206507,"Oligodendrocytes7","Capillaries",0.433333333333333,0.998129093206507
"AD_overall_vs_Control",0.536108741267249,0.305754235954438,Inf,-0.0631585493240118,1.13537603185851,1.75339759265718,0.0795337839509116,"Oligodendrocytes7","Capillaries",0.433333333333333,0.0881156005670141
"Disease_effect",0.979953299860732,0.243410298827929,Inf,0.502877880691858,1.45702871902961,4.02593195349337,5.67500996423983e-05,"Oligodendrocytes8","Capillaries",0.433333333333333,0.00130525229177516
"Amyloid_effect",-0.0743844104232604,0.187421831778426,Inf,-0.441724450625499,0.292955629778978,-0.396882314709203,0.69145424627884,"Oligodendrocytes8","Capillaries",0.433333333333333,0.815561418687862
"AD_overall_vs_Control",0.947720055343986,0.230278783953169,Inf,0.496381932392094,1.39905817829588,4.11553352451574,3.86284844004236e-05,"Oligodendrocytes8","Capillaries",0.433333333333333,0.000444227570604871
"Disease_effect",0.528975444045879,0.262286281109809,Inf,0.0149037794317056,1.04304710866005,2.01678655020625,0.0437177931276397,"OPC1","Capillaries",0.433333333333333,0.0773468647642856
"Amyloid_effect",0.0702101230527373,0.224480751473383,Inf,-0.36976406505758,0.510184311163055,0.312766785534671,0.754457851532462,"OPC1","Capillaries",0.433333333333333,0.839632698003549
"AD_overall_vs_Control",0.559399830702065,0.242573442313206,Inf,0.0839646201622763,1.03483504124185,2.30610501037363,0.021104765421983,"OPC1","Capillaries",0.433333333333333,0.0285535061591534
"Disease_effect",0.661459347053706,0.243022903025074,Inf,0.185143209706191,1.13777548440122,2.72179839356729,0.00649277390775763,"OPC2","Capillaries",0.433333333333333,0.0213333999826322
"Amyloid_effect",0.171807940911571,0.193862129680175,Inf,-0.208154851227805,0.551770733050946,0.886237766989418,0.375489416282878,"OPC2","Capillaries",0.433333333333333,0.548083015294047
"AD_overall_vs_Control",0.735909454782054,0.225872771226596,Inf,0.293206958089671,1.17861195147444,3.2580706863679,0.00112172461450086,"OPC2","Capillaries",0.433333333333333,0.00303525483923762
"Disease_effect",0.54436087431293,0.247159733397648,Inf,0.059936698425019,1.02878505020084,2.2024658581304,0.027632418264003,"OPC3","Capillaries",0.433333333333333,0.0552648365280061
"Amyloid_effect",0.167445975992894,0.204561047543558,Inf,-0.233486309832266,0.568378261818054,0.818562370517968,0.413036143491539,"OPC3","Capillaries",0.433333333333333,0.558813605900318
"AD_overall_vs_Control",0.616920797243184,0.228424299063801,Inf,0.169217397884328,1.06462419660204,2.70076694892636,0.00691797949689611,"OPC3","Capillaries",0.433333333333333,0.0117861872910082
"Disease_effect",0.335504728073959,0.236484206880977,Inf,-0.127995800325274,0.799005256473193,1.41871938299381,0.155980843943051,"Pericytes","Capillaries",0.433333333333333,0.179377970534509
"Amyloid_effect",0.552930036604007,0.190927817600378,Inf,0.178718390460434,0.927141682747579,2.89601611516516,0.00377932991615509,"Pericytes","Capillaries",0.433333333333333,0.0217311470178918
"AD_overall_vs_Control",0.575107743935696,0.214140419447496,Inf,0.155400234184302,0.994815253687089,2.68565712825038,0.00723873295281505,"Pericytes","Capillaries",0.433333333333333,0.0118922041367676
"Disease_effect",0.503794290025039,0.218401784904563,Inf,0.0757346574528323,0.931853922597246,2.30673156011608,0.0210697896975472,"SMC","Capillaries",0.433333333333333,0.0510110697940615
"Amyloid_effect",0.672580680418534,0.162927575749629,Inf,0.35324849986084,0.991912860976228,4.12809604098014,3.65779344836184e-05,"SMC","Capillaries",0.433333333333333,0.00168258498624645
"AD_overall_vs_Control",0.795245918206404,0.199311290530317,Inf,0.404602967054784,1.18588886935802,3.98996923902533,6.60818648679611e-05,"SMC","Capillaries",0.433333333333333,0.000506627630654368
"Disease_effect",0.391878074586492,0.263333679205853,Inf,-0.124246452573404,0.908002601746389,1.48814263245133,0.136713282443609,"VLMC1","Capillaries",0.433333333333333,0.161251563907847
"Amyloid_effect",0.740836903798894,0.20654942852088,Inf,0.336007462870639,1.14566634472715,3.58672938048823,0.000334851515914765,"VLMC1","Capillaries",0.433333333333333,0.00513438991069306
"AD_overall_vs_Control",0.712907399566013,0.238359065062481,Inf,0.245732216654911,1.18008258247712,2.99089694524158,0.00278159348488081,"VLMC1","Capillaries",0.433333333333333,0.00657048457442593
"Disease_effect",0.469864552861355,0.251862634669032,Inf,-0.0237771401413163,0.963506245864026,1.86555879350185,0.0621031192830283,"VLMC2","Capillaries",0.433333333333333,0.0985083961041138
"Amyloid_effect",0.299338715036866,0.20779262288041,Inf,-0.10792734206185,0.706604772135583,1.44056468842565,0.149707702404609,"VLMC2","Capillaries",0.433333333333333,0.313025195936909
"AD_overall_vs_Control",0.599577996043997,0.231113564281437,Inf,0.146603733713699,1.0525522583743,2.59430032983207,0.00947836505201529,"VLMC2","Capillaries",0.433333333333333,0.0145334930797568
"Disease_effect",0.843415482239755,0.285452188699588,Inf,0.283939473080432,1.40289149139908,2.95466461855499,0.00313009113764325,"Astrocytes1","Parenchyma",0.533333333333333,0.00462789862163705
"Amyloid_effect",0.0479099432036059,0.187173366163208,Inf,-0.31894311334141,0.414762999748622,0.25596560122678,0.797977398898612,"Astrocytes1","Parenchyma",0.533333333333333,0.851721671126066
"AD_overall_vs_Control",0.868967451948345,0.268140240638539,Inf,0.343422237490905,1.39451266640578,3.24072004216532,0.0011922821397939,"Astrocytes1","Parenchyma",0.533333333333333,0.00177324871120834
"Disease_effect",0.660197094805416,0.287141321945484,Inf,0.0974104453190474,1.22298374429178,2.29920615511675,0.0214932356697961,"Astrocytes2","Parenchyma",0.533333333333333,0.025350995918221
"Amyloid_effect",0.324087696879772,0.194290939083279,Inf,-0.0567155462459215,0.704890940005465,1.66805358195761,0.0953050905713411,"Astrocytes2","Parenchyma",0.533333333333333,0.274002135392606
"AD_overall_vs_Control",0.833043866474628,0.266660247729864,Inf,0.310399384815567,1.35568834813369,3.1239896968765,0.00178416704097064,"Astrocytes2","Parenchyma",0.533333333333333,0.00248702072377726
"Disease_effect",1.03065444835623,0.218482530507904,Inf,0.602436557309565,1.4588723394029,4.7173311566846,2.38958565745084e-06,"Astrocytes3","Parenchyma",0.533333333333333,1.37401175303423e-05
"Amyloid_effect",-0.456130892637892,0.134713440825773,Inf,-0.720164384889875,-0.192097400385908,-3.38593454255104,0.000709363018671728,"Astrocytes3","Parenchyma",0.533333333333333,0.00714337436317866
"AD_overall_vs_Control",0.787384638949356,0.209589675588866,Inf,0.376596423263745,1.19817285463497,3.75679115269924,0.000172106010990445,"Astrocytes3","Parenchyma",0.533333333333333,0.000344212021980891
"Disease_effect",0.705241212832922,0.240891804474924,Inf,0.233101951891207,1.17738047377464,2.92762642701834,0.00341560164108237,"Astrocytes4","Parenchyma",0.533333333333333,0.00476114168150876
"Amyloid_effect",0.159549462647957,0.152141386271268,Inf,-0.138642175001726,0.457741100297639,1.04869205255879,0.294319873213375,"Astrocytes4","Parenchyma",0.533333333333333,0.541548566712609
"AD_overall_vs_Control",0.790334259578499,0.225679665335941,Inf,0.348010243477003,1.23265827568,3.50201804137749,0.000461748350612105,"Astrocytes4","Parenchyma",0.533333333333333,0.000732428418212304
"Disease_effect",0.937399671715978,0.276660285461012,Inf,0.395155476259824,1.47964386717213,3.38826973359745,0.000703350585230485,"Astrocytes5","Parenchyma",0.533333333333333,0.00111565954898629
"Amyloid_effect",-0.481221482568706,0.204760630185548,Inf,-0.882544943184106,-0.0798980219533067,-2.35016605551876,0.0187650374544612,"Astrocytes5","Parenchyma",0.533333333333333,0.0863191722905214
"AD_overall_vs_Control",0.680748214346001,0.264727370343379,Inf,0.161892102750982,1.19960432594102,2.57150672959506,0.0101257047398213,"Astrocytes5","Parenchyma",0.533333333333333,0.0125887140008589
"Disease_effect",0.569074057942775,0.236830539334195,Inf,0.104894730408557,1.03325338547699,2.40287447532156,0.0162667700461315,"Endothelial","Parenchyma",0.533333333333333,0.0204397999335021
"Amyloid_effect",0.106526214970182,0.157295824335299,Inf,-0.201767935645543,0.414820365585908,0.677234856172062,0.498256955614015,"Endothelial","Parenchyma",0.533333333333333,0.675665227932104
"AD_overall_vs_Control",0.625888039260206,0.230241358952224,Inf,0.174623267962287,1.07715281055812,2.71839969199487,0.0065598542522902,"Endothelial","Parenchyma",0.533333333333333,0.00838203598903748
"Disease_effect",0.570065100635707,0.28117880950385,Inf,0.018964760792313,1.1211654404791,2.02741131752285,0.0426203654770407,"ExNeuron1","Parenchyma",0.533333333333333,0.0478179710230213
"Amyloid_effect",0.291417682287802,0.194045934850087,Inf,-0.0889053613647735,0.671740725940378,1.50179740953059,0.133149437547618,"ExNeuron1","Parenchyma",0.533333333333333,0.322361796167916
"AD_overall_vs_Control",0.725487864522535,0.260502919223123,Inf,0.214911524977667,1.2360642040674,2.78495099665716,0.00535358131402741,"ExNeuron1","Parenchyma",0.533333333333333,0.00724308060133121
"Disease_effect",0.842304515516774,0.202180753775897,Inf,0.446037519748855,1.23857151128469,4.16609642503563,3.09859682236867e-05,"ExNeuron10","Parenchyma",0.533333333333333,0.000101811038449256
"Amyloid_effect",-0.293880575109433,0.145700830816584,Inf,-0.579448956027502,-0.00831219419136464,-2.01701372231285,0.0436940813117849,"ExNeuron10","Parenchyma",0.533333333333333,0.167493978361842
"AD_overall_vs_Control",0.685568208791743,0.191055065983055,Inf,0.311107160401031,1.06002925718245,3.58832782195132,0.000332805665555417,"ExNeuron10","Parenchyma",0.533333333333333,0.000546752164841042
"Disease_effect",0.681195887833348,0.182331214473657,Inf,0.323833274207531,1.03855850145916,3.73603548794309,0.000186944296872788,"ExNeuron11","Parenchyma",0.533333333333333,0.000387084132218185
"Amyloid_effect",0.106244122060122,0.121330945224437,Inf,-0.131560160789976,0.344048404910221,0.875655603470269,0.381217287625791,"ExNeuron11","Parenchyma",0.533333333333333,0.604689490716772
"AD_overall_vs_Control",0.737859419598746,0.16952827223917,Inf,0.405590111648671,1.07012872754882,4.3524269424381,1.34638744718039e-05,"ExNeuron11","Parenchyma",0.533333333333333,5.16115188085817e-05
"Disease_effect",0.71296625239861,0.193346819303556,Inf,0.334013450038266,1.09191905475895,3.68749925634539,0.000226468755279894,"ExNeuron12","Parenchyma",0.533333333333333,0.000406454202594133
"Amyloid_effect",0.0684384432379682,0.116873048520927,Inf,-0.160628522626451,0.297505409102388,0.585579345315988,0.558158231769999,"ExNeuron12","Parenchyma",0.533333333333333,0.675665227932104
"AD_overall_vs_Control",0.74946675545886,0.181819177532181,Inf,0.39310771579709,1.10582579512063,4.1220445809475,3.75524502314886e-05,"ExNeuron12","Parenchyma",0.533333333333333,0.000103891432889664
"Disease_effect",0.845499368804543,0.191848472368269,Inf,0.469483272473708,1.22151546513538,4.40712067376558,1.04753832880635e-05,"ExNeuron13","Parenchyma",0.533333333333333,4.81867631250923e-05
"Amyloid_effect",-0.0894254311129536,0.125314072744944,Inf,-0.335036500449075,0.156185638223168,-0.713610444175449,0.475468097514537,"ExNeuron13","Parenchyma",0.533333333333333,0.675665227932104
"AD_overall_vs_Control",0.797805805544301,0.181290510030924,Inf,0.442482935144792,1.15312867594381,4.4007036298161,1.07900415644131e-05,"ExNeuron13","Parenchyma",0.533333333333333,5.01373687466409e-05
"Disease_effect",0.791101667958874,0.202014138427455,Inf,0.395161232273174,1.18704210364457,3.9160707964159,9.00038279637776e-05,"ExNeuron14","Parenchyma",0.533333333333333,0.000230009782574098
"Amyloid_effect",0.0290320752482763,0.123867756382129,Inf,-0.213744266106478,0.27180841660303,0.234379600440272,0.814690294120585,"ExNeuron14","Parenchyma",0.533333333333333,0.851721671126066
"AD_overall_vs_Control",0.806585441424622,0.190441438618304,Inf,0.43332708056875,1.17984380228049,4.23534629478008,2.28199754272921e-05,"ExNeuron14","Parenchyma",0.533333333333333,8.07476053581104e-05
"Disease_effect",0.800393017506009,0.202677013925526,Inf,0.403153369717854,1.19763266529416,3.94910602837336,7.84436023232142e-05,"ExNeuron2","Parenchyma",0.533333333333333,0.000212259159227521
"Amyloid_effect",-0.149208995348961,0.138528593457399,Inf,-0.420720049354454,0.122302058656532,-1.07709889796034,0.281436085369714,"ExNeuron2","Parenchyma",0.533333333333333,0.539419163625286
"AD_overall_vs_Control",0.720814886653229,0.190132673398319,Inf,0.348161694508207,1.09346807879825,3.79111529738582,0.000149972308620646,"ExNeuron2","Parenchyma",0.533333333333333,0.000317064439229307
"Disease_effect",0.358617804528618,0.311129259370783,Inf,-0.251184338374738,0.968419947431974,1.15263284865549,0.249061114469424,"ExNeuron3","Parenchyma",0.533333333333333,0.257516814046876
"Amyloid_effect",0.42878595501672,0.231865852492979,Inf,-0.0256627651141955,0.883234675147635,1.8492846204238,0.0644167253199666,"ExNeuron3","Parenchyma",0.533333333333333,0.197544624314564
"AD_overall_vs_Control",0.587303647204202,0.288371689899497,Inf,0.0221055208402356,1.15250177356817,2.0366203333236,0.0416881035541986,"ExNeuron3","Parenchyma",0.533333333333333,0.0445965758951892
"Disease_effect",0.345089529164706,0.301203660025493,Inf,-0.245258796496907,0.935437854826318,1.14570164630635,0.251918622437161,"ExNeuron4","Parenchyma",0.533333333333333,0.257516814046876
"Amyloid_effect",0.341599731142378,0.219710741902671,Inf,-0.089025410003433,0.772224872288189,1.55477027743005,0.12000079030353,"ExNeuron4","Parenchyma",0.533333333333333,0.322361796167916
"AD_overall_vs_Control",0.52727605244064,0.277172678132589,Inf,-0.0159724141977472,1.07052451907903,1.90233776284548,0.0571270118138009,"ExNeuron4","Parenchyma",0.533333333333333,0.0597236941689736
"Disease_effect",0.801147784593067,0.186360684128842,Inf,0.435887555566291,1.16640801361984,4.29890987113562,1.71640248101783e-05,"ExNeuron5","Parenchyma",0.533333333333333,6.57954284390168e-05
"Amyloid_effect",0.0121660535323347,0.121699851698929,Inf,-0.226361272721432,0.250693379786101,0.0999676939823398,0.920369973399385,"ExNeuron5","Parenchyma",0.533333333333333,0.920369973399385
"AD_overall_vs_Control",0.807636346476979,0.174589144843334,Inf,0.465447910492398,1.14982478246156,4.62592532429038,3.72929656854166e-06,"ExNeuron5","Parenchyma",0.533333333333333,2.45068060218452e-05
"Disease_effect",0.70876560860516,0.295444282248436,Inf,0.129705455959939,1.28782576125038,2.39898231643274,0.0164407086421647,"ExNeuron6","Parenchyma",0.533333333333333,0.0204397999335021
"Amyloid_effect",0.339316848529822,0.18171948550986,Inf,-0.0168467983586503,0.695480495418295,1.86725626906649,0.0618658091477092,"ExNeuron6","Parenchyma",0.533333333333333,0.197544624314564
"AD_overall_vs_Control",0.889734594487732,0.281799759858535,Inf,0.337417214312968,1.4420519746625,3.15732914369545,0.00159221513221067,"ExNeuron6","Parenchyma",0.533333333333333,0.00228880925255284
"Disease_effect",0.518632061374611,0.258991999198807,Inf,0.0110170706609239,1.0262470520883,2.00250225095371,0.0452307412588637,"ExNeuron7","Parenchyma",0.533333333333333,0.049538430902565
"Amyloid_effect",0.157289285213324,0.179586646885711,Inf,-0.194694074786982,0.509272645213629,0.875840648182615,0.381116668863787,"ExNeuron7","Parenchyma",0.533333333333333,0.604689490716772
"AD_overall_vs_Control",0.602519680155051,0.239672033873702,Inf,0.13277112566113,1.07226823464897,2.5139340223255,0.011939276755582,"ExNeuron7","Parenchyma",0.533333333333333,0.0140822238655583
"Disease_effect",0.594564024644332,0.218244371347593,Inf,0.166812916974464,1.0223151323142,2.72430404950688,0.00644371547076066,"ExNeuron8","Parenchyma",0.533333333333333,0.00871796798985265
"Amyloid_effect",0.132037220446692,0.131516989273746,Inf,-0.125731341884991,0.389805782778374,1.00395561954253,0.315400005697805,"ExNeuron8","Parenchyma",0.533333333333333,0.558015394696116
"AD_overall_vs_Control",0.664983875549234,0.205237681744657,Inf,0.262725411059214,1.06724234003925,3.24006717429484,0.00119501543581432,"ExNeuron8","Parenchyma",0.533333333333333,0.00177324871120834
"Disease_effect",0.499410660206434,0.272368199546938,Inf,-0.0344212014395829,1.03324252185245,1.83358652382019,0.0667153941428634,"ExNeuron9","Parenchyma",0.533333333333333,0.0713699565249236
"Amyloid_effect",0.099836253156883,0.190572340587443,Inf,-0.273678670844006,0.473351177157772,0.523875882770478,0.600364870080756,"ExNeuron9","Parenchyma",0.533333333333333,0.708122667274738
"AD_overall_vs_Control",0.552656661890105,0.249378362819875,Inf,0.0638840522395877,1.04142927154062,2.21613718063137,0.0266821085567512,"ExNeuron9","Parenchyma",0.533333333333333,0.0292232617526323
"Disease_effect",-0.749910168668016,0.135136723642267,Inf,-1.0147732799956,-0.485047057340431,-5.54927001673634,2.86864837786708e-08,"Fibroblast","Parenchyma",0.533333333333333,4.39859417939619e-07
"Amyloid_effect",0.150501240347654,0.0986565058474386,Inf,-0.0428619579538905,0.343864438649199,1.52550750763855,0.127132562409143,"Fibroblast","Parenchyma",0.533333333333333,0.322361796167916
"AD_overall_vs_Control",-0.669642840482601,0.125132369239614,Inf,-0.914897777492412,-0.42438790347279,-5.35147575764599,8.72398264832965e-08,"Fibroblast","Parenchyma",0.533333333333333,2.00651600911582e-06
"Disease_effect",0.670022499226938,0.199059277925502,Inf,0.279873483704405,1.06017151474947,3.36594458801209,0.00076282030376841,"InhNeuron1","Parenchyma",0.533333333333333,0.00116965779911156
"Amyloid_effect",0.1787034809604,0.128450634247696,Inf,-0.0730551359564118,0.430462097877212,1.39122303293419,0.164157804813137,"InhNeuron1","Parenchyma",0.533333333333333,0.377562951070216
"AD_overall_vs_Control",0.765331022405818,0.183115577559535,Inf,0.406431085380878,1.12423095943076,4.17949708378573,2.92154465846145e-05,"InhNeuron1","Parenchyma",0.533333333333333,9.08380576594417e-05
"Disease_effect",0.812141064377895,0.196277197638952,Inf,0.427444826019098,1.19683730273669,4.13772498358068,3.50766443689608e-05,"InhNeuron2","Parenchyma",0.533333333333333,0.000107568376064813
"Amyloid_effect",0.0142605834021707,0.117656637981935,Inf,-0.216342189584489,0.24486335638883,0.121205090055015,0.903528592562616,"InhNeuron2","Parenchyma",0.533333333333333,0.920369973399385
"AD_overall_vs_Control",0.819746708859052,0.186764328589065,Inf,0.45369535122768,1.18579806649042,4.38920384343163,1.13766393678314e-05,"InhNeuron2","Parenchyma",0.533333333333333,5.01373687466409e-05
"Disease_effect",0.75766875154601,0.206228476684567,Inf,0.353468364657701,1.16186913843432,3.67392885660931,0.000238849261439187,"InhNeuron3","Parenchyma",0.533333333333333,0.000406928371340837
"Amyloid_effect",-0.0757747666642837,0.127636631340086,Inf,-0.325937967198868,0.174388433870301,-0.593675701628188,0.552729037815744,"InhNeuron3","Parenchyma",0.533333333333333,0.675665227932104
"AD_overall_vs_Control",0.717255542658392,0.193185999497183,Inf,0.33861794132654,1.09589314399024,3.71277185989272,0.000205001666561231,"InhNeuron3","Parenchyma",0.533333333333333,0.000377203066472665
"Disease_effect",0.806835307487754,0.215798935414308,Inf,0.383877166173627,1.22979344880188,3.73882895176813,0.000184879461121223,"InhNeuron4","Parenchyma",0.533333333333333,0.000387084132218185
"Amyloid_effect",0.0835953087627324,0.123528752336665,Inf,-0.158516596872299,0.325707214397764,0.676727540604489,0.498578839249993,"InhNeuron4","Parenchyma",0.533333333333333,0.675665227932104
"AD_overall_vs_Control",0.851419472161212,0.203866404187789,Inf,0.45184866229546,1.25099028202696,4.17635988407849,2.96211057585136e-05,"InhNeuron4","Parenchyma",0.533333333333333,9.08380576594417e-05
"Disease_effect",0.77070408752318,0.167628448028223,Inf,0.442158366603518,1.09924980844284,4.59769267441656,4.27195508083809e-06,"InhNeuron5","Parenchyma",0.533333333333333,2.18344370798391e-05
"Amyloid_effect",0.0637089820054451,0.10811261405732,Inf,-0.14818784782138,0.27560581183227,0.589283522195362,0.555671096640947,"InhNeuron5","Parenchyma",0.533333333333333,0.675665227932104
"AD_overall_vs_Control",0.804682211259417,0.156892889633272,Inf,0.497177798147786,1.11218662437105,5.12886347584211,2.91496637015096e-07,"InhNeuron5","Parenchyma",0.533333333333333,4.46961510089813e-06
"Disease_effect",1.18267675955747,0.249970952935297,Inf,0.692742694623134,1.67261082449181,4.73125675471422,2.23134081042141e-06,"Microglia1","Parenchyma",0.533333333333333,1.37401175303423e-05
"Amyloid_effect",-0.181890832437693,0.140818357634349,Inf,-0.457889741763099,0.0941080768877126,-1.29166988944718,0.196471489282576,"Microglia1","Parenchyma",0.533333333333333,0.392942978565151
"AD_overall_vs_Control",1.0856683155907,0.233800863316282,Inf,0.627427043936419,1.54390958724499,4.64355990902408,3.42456629981281e-06,"Microglia1","Parenchyma",0.533333333333333,2.45068060218452e-05
"Disease_effect",0.542214685133505,0.23969553357767,Inf,0.072420072066162,1.01200929820085,2.26209757453745,0.0236913754323164,"Microglia2","Parenchyma",0.533333333333333,0.0272450817471639
"Amyloid_effect",0.0580354293464754,0.157372668097145,Inf,-0.250409332274904,0.366480190967855,0.368777056703713,0.712293907298646,"Microglia2","Parenchyma",0.533333333333333,0.799159017944822
"AD_overall_vs_Control",0.573166914118292,0.223919183084062,Inf,0.1342933798259,1.01204044841068,2.55970438183993,0.0104761234890889,"Microglia2","Parenchyma",0.533333333333333,0.0126816231710024
"Disease_effect",0.613148746719713,0.208131167956243,Inf,0.20521915346522,1.02107833997421,2.94597273796407,0.00321940773679099,"Microglia3","Parenchyma",0.533333333333333,0.00462789862163705
"Amyloid_effect",0.31137164154418,0.118256092029502,Inf,0.0795939602139012,0.543149322874458,2.63302833875568,0.00846272859599075,"Microglia3","Parenchyma",0.533333333333333,0.0486606894269468
"AD_overall_vs_Control",0.779213622209942,0.196668363457635,Inf,0.393750712934544,1.16467653148534,3.962068980036,7.43030647072242e-05,"Microglia3","Parenchyma",0.533333333333333,0.000172845208385972
"Disease_effect",1.17720267026215,0.221681410428654,Inf,0.742715089779943,1.61169025074435,5.31033553055194,1.09423593435055e-07,"Microglia4","Parenchyma",0.533333333333333,1.25837132450314e-06
"Amyloid_effect",-0.595136869852518,0.144062873054556,Inf,-0.877494912548814,-0.312778827156222,-4.13109121895092,3.61045267259117e-05,"Microglia4","Parenchyma",0.533333333333333,0.000830404114695969
"AD_overall_vs_Control",0.859796339674137,0.208843867630899,Inf,0.450469880725524,1.26912279862275,4.11693361853315,3.83946599809629e-05,"Microglia4","Parenchyma",0.533333333333333,0.000103891432889664
"Disease_effect",0.997274280313862,0.270715022398561,Inf,0.466682586338729,1.527865974289,3.68385275215951,0.000229734984074945,"Microglia5","Parenchyma",0.533333333333333,0.000406454202594133
"Amyloid_effect",-0.109452510320845,0.165578494274626,Inf,-0.433980395713484,0.215075375071794,-0.661030955743012,0.508592461730366,"Microglia5","Parenchyma",0.533333333333333,0.675665227932104
"AD_overall_vs_Control",0.938899608142745,0.252654410896375,Inf,0.443706062250665,1.43409315403482,3.71614176380965,0.000202288111758154,"Microglia5","Parenchyma",0.533333333333333,0.000377203066472665
"Disease_effect",0.995289584400614,0.267026962017254,Inf,0.471926355945651,1.51865281285558,3.72729995833268,0.000193542066109092,"Oligodendrocytes1","Parenchyma",0.533333333333333,0.000387084132218185
"Amyloid_effect",-0.79326973551784,0.203743126641276,Inf,-1.19259892583232,-0.393940545203355,-3.89347973889948,9.88164592269029e-05,"Oligodendrocytes1","Parenchyma",0.533333333333333,0.00151518570814584
"AD_overall_vs_Control",0.572212392124433,0.248500663955065,Inf,0.0851600406382158,1.05926474361065,2.30265940950526,0.0212980136813956,"Oligodendrocytes1","Parenchyma",0.533333333333333,0.0238953324230292
"Disease_effect",-0.235941995473685,0.298343149315277,Inf,-0.820683823165882,0.348799832218513,-0.790841003103949,0.429036779338015,"Oligodendrocytes2","Parenchyma",0.533333333333333,0.429036779338015
"Amyloid_effect",-0.346428706344999,0.261215108409492,Inf,-0.858400911045329,0.165543498355331,-1.32622002017556,0.184766829786796,"Oligodendrocytes2","Parenchyma",0.533333333333333,0.392942978565151
"AD_overall_vs_Control",-0.420703972191017,0.282054872148409,Inf,-0.973521363265948,0.132113418883914,-1.49156782503532,0.135812478243267,"Oligodendrocytes2","Parenchyma",0.533333333333333,0.135812478243267
"Disease_effect",0.909747859784759,0.210555273841694,Inf,0.49706710630007,1.32242861326945,4.32070801735773,1.55529360476666e-05,"Oligodendrocytes3","Parenchyma",0.533333333333333,6.50395507447877e-05
"Amyloid_effect",-0.079767774169094,0.128026794576702,Inf,-0.330695680595538,0.17116013225735,-0.62305530988909,0.53324817604068,"Oligodendrocytes3","Parenchyma",0.533333333333333,0.675665227932104
"AD_overall_vs_Control",0.867205046894575,0.198092375688241,Inf,0.478951124933645,1.25545896885551,4.37778104221128,1.19893707872402e-05,"Oligodendrocytes3","Parenchyma",0.533333333333333,5.01373687466409e-05
"Disease_effect",0.969915511841726,0.236733769114692,Inf,0.505925850452508,1.43390517323094,4.09707290797124,4.18407154303208e-05,"Oligodendrocytes4","Parenchyma",0.533333333333333,0.000120292056862172
"Amyloid_effect",-0.288742876932923,0.152580775563422,Inf,-0.587795701770419,0.0103099479045725,-1.8923935591932,0.0584385635506298,"Oligodendrocytes4","Parenchyma",0.533333333333333,0.197544624314564
"AD_overall_vs_Control",0.815919310810833,0.22222390473678,Inf,0.380368461022884,1.25147016059878,3.67160909973782,0.000241028146109081,"Oligodendrocytes4","Parenchyma",0.533333333333333,0.000410640545222879
"Disease_effect",0.684037978043358,0.272847617651249,Inf,0.149266474179354,1.21880948190736,2.50703298761321,0.0121749348713344,"Oligodendrocytes5","Parenchyma",0.533333333333333,0.0160013429737538
"Amyloid_effect",-0.107435788531184,0.214319571700295,Inf,-0.527494430245813,0.312622853183444,-0.501287809036043,0.616168583763419,"Oligodendrocytes5","Parenchyma",0.533333333333333,0.708593871327931
"AD_overall_vs_Control",0.626738890826726,0.250316622193734,Inf,0.136127326595288,1.11735045505816,2.50378454828165,0.0122872832283416,"Oligodendrocytes5","Parenchyma",0.533333333333333,0.0141303757125928
"Disease_effect",0.954100594081632,0.250809599245852,Inf,0.462522812582839,1.44567837558043,3.80408324462252,0.000142330314543705,"Oligodendrocytes6","Parenchyma",0.533333333333333,0.000327359723450521
"Amyloid_effect",-0.596210602902932,0.177387936202269,Inf,-0.943884569151268,-0.248536636654596,-3.36105496048556,0.000776453735128116,"Oligodendrocytes6","Parenchyma",0.533333333333333,0.00714337436317866
"AD_overall_vs_Control",0.636121605866735,0.232106296611069,Inf,0.181201623924068,1.0910415878094,2.74064777713746,0.00613182010075565,"Oligodendrocytes6","Parenchyma",0.533333333333333,0.00805896356099314
"Disease_effect",0.662891234188351,0.284427152361786,Inf,0.105424259333964,1.22035820904274,2.33061867927843,0.0197734756393369,"Oligodendrocytes7","Parenchyma",0.533333333333333,0.0239363126160394
"Amyloid_effect",-0.435525782205426,0.213037286092246,Inf,-0.853071190310383,-0.0179803741004697,-2.04436411200264,0.04091758992346,"Oligodendrocytes7","Parenchyma",0.533333333333333,0.167493978361842
"AD_overall_vs_Control",0.430610817012124,0.259377492545379,Inf,-0.0777597267771241,0.938981360801372,1.66017032852913,0.0968801919209838,"Oligodendrocytes7","Parenchyma",0.533333333333333,0.0990330850747834
"Disease_effect",0.782355394922172,0.186463798839113,Inf,0.41689306477699,1.14781772506735,4.19574952238968,2.71970681898255e-05,"Oligodendrocytes8","Parenchyma",0.533333333333333,9.62357797486133e-05
"Amyloid_effect",-0.116085823395325,0.128916531873169,Inf,-0.368757582878547,0.136585936087896,-0.900472745493439,0.367868723010024,"Oligodendrocytes8","Parenchyma",0.533333333333333,0.604689490716772
"AD_overall_vs_Control",0.720442955777999,0.177418273779009,Inf,0.372709528971874,1.06817638258412,4.06070322088342,4.8925130429868e-05,"Oligodendrocytes8","Parenchyma",0.533333333333333,0.000125030888876329
"Disease_effect",1.0146430333468,0.206006548995022,Inf,0.610877616737168,1.41840844995643,4.92529503696174,8.42331624876502e-07,"OPC1","Parenchyma",0.533333333333333,6.45787579071985e-06
"Amyloid_effect",-0.448112430029833,0.140869270775351,Inf,-0.724211127277941,-0.172013732781725,-3.18105167694418,0.00146741451396678,"OPC1","Parenchyma",0.533333333333333,0.011250177940412
"AD_overall_vs_Control",0.775649737330885,0.195902682255972,Inf,0.391687535634387,1.15961193902738,3.95936251815787,7.51500906025966e-05,"OPC1","Parenchyma",0.533333333333333,0.000172845208385972
"Disease_effect",1.16997788115359,0.154499623315098,Inf,0.867164183830998,1.47279157847619,7.57269083282783,3.65571618140447e-14,"OPC2","Parenchyma",0.533333333333333,1.68162944344605e-12
"Amyloid_effect",-0.444161769132916,0.0962008992011614,Inf,-0.63271206684756,-0.255611471418272,-4.61702305093998,3.89284043844293e-06,"OPC2","Parenchyma",0.533333333333333,0.000179070660168375
"AD_overall_vs_Control",0.933091604282706,0.148798061020415,Inf,0.641452763713299,1.22473044485211,6.270858624661,3.59062526819341e-10,"OPC2","Parenchyma",0.533333333333333,1.65168762336897e-08
"Disease_effect",1.02140964807281,0.201569382268574,Inf,0.626340918440421,1.4164783777052,5.06728569873708,4.03528398835006e-07,"OPC3","Parenchyma",0.533333333333333,3.71246126928206e-06
"Amyloid_effect",-0.335408006837819,0.133493886337756,Inf,-0.597051216216104,-0.0737647974595348,-2.51253458895636,0.0119867353882787,"OPC3","Parenchyma",0.533333333333333,0.0612655364289799
"AD_overall_vs_Control",0.842525377759309,0.191470260199217,Inf,0.46725056365833,1.21780019186029,4.40029368990617,1.08104465735168e-05,"OPC3","Parenchyma",0.533333333333333,5.01373687466409e-05
"Disease_effect",0.694121824089819,0.202593969063574,Inf,0.297044941240191,1.09119870693945,3.42617219702134,0.000612152162931615,"Pericytes","Parenchyma",0.533333333333333,0.00100567855338765
"Amyloid_effect",0.0368070350060969,0.138000912808763,Inf,-0.23366978393273,0.307283853944924,0.26671588076452,0.789687925644729,"Pericytes","Parenchyma",0.533333333333333,0.851721671126066
"AD_overall_vs_Control",0.713752242759737,0.188406209324105,Inf,0.344482858020776,1.0830216274987,3.78836899972817,0.000151639514414016,"Pericytes","Parenchyma",0.533333333333333,0.000317064439229307
"Disease_effect",0.757443146875547,0.195788363535642,Inf,0.373705005753654,1.14118128799744,3.86868316991505,0.000109424718135288,"SMC","Parenchyma",0.533333333333333,0.000264923001801223
"Amyloid_effect",0.165406845833986,0.12708754934359,Inf,-0.083680173762908,0.414493865430879,1.30151888747808,0.193080903771597,"SMC","Parenchyma",0.533333333333333,0.392942978565151
"AD_overall_vs_Control",0.845660131320339,0.182292870958147,Inf,0.488372669603963,1.20294759303672,4.63901921603119,3.50066506910276e-06,"SMC","Parenchyma",0.533333333333333,2.45068060218452e-05
"Disease_effect",0.74882760761513,0.203250339703701,Inf,0.350464261950346,1.14719095327991,3.68426251442814,0.000229365761055392,"VLMC1","Parenchyma",0.533333333333333,0.000406454202594133
"Amyloid_effect",-0.0918192766636298,0.139655498336571,Inf,-0.365539023646303,0.181900470319043,-0.657469829382186,0.510878864402426,"VLMC1","Parenchyma",0.533333333333333,0.675665227932104
"AD_overall_vs_Control",0.699857326727861,0.189984281236404,Inf,0.327494977875781,1.07221967557994,3.68376437341679,0.000229814692288828,"VLMC1","Parenchyma",0.533333333333333,0.000406595224818695
"Disease_effect",1.00972550479243,0.177129921510124,Inf,0.662557238048177,1.35689377153668,5.70047960380717,1.19470827085482e-08,"VLMC2","Parenchyma",0.533333333333333,2.74782902296608e-07
"Amyloid_effect",-0.333922117563559,0.115542992703542,Inf,-0.560382221928475,-0.107462013198643,-2.89002482755774,0.00385211401968351,"VLMC2","Parenchyma",0.533333333333333,0.0253138921293488
"AD_overall_vs_Control",0.83163370875853,0.168790556920913,Inf,0.500810296263082,1.16245712125398,4.92701560993244,8.34950867213068e-07,"VLMC2","Parenchyma",0.533333333333333,9.60193497295028e-06
