ROI_ID,Scan Name,Segment (Name/ Label),Segment Tags,Custom Segment Name,LOT_Human_NGS_Whole_Transcriptome_Atlas_RNA_1_0,GeoMx_ROI_ID,Scan_ID,disease_status,pathology,region,Oligodendrocytes4,Oligodendrocytes1,OPC1,InhNeuron1,InhNeuron2,ExNeuron9,SMC,Oligodendrocytes6,Astrocytes1,ExNeuron3,ExNeuron2,Endothelial,Astrocytes5,ExNeuron12,ExNeuron7,Astrocytes3,ExNeuron6,Microglia1,OPC2,InhNeuron3,Microglia2,ExNeuron8,ExNeuron1,InhNeuron5,Microglia4,ExNeuron5,Microglia5,ExNeuron4,VLMC2,ExNeuron10,InhNeuron4,ExNeuron11,Oligodendrocytes2,Astrocytes4,Pericytes,ExNeuron14,Microglia3,VLMC1,Fibroblast,Oligodendrocytes8,Oligodendrocytes5,Oligodendrocytes3,ExNeuron13,OPC3,Oligodendrocytes7,Astrocytes2
2534_A_001,BRC 2534 BRC 2732,Full ROI,,,HW0110125,2534_A,BRC 2534 BRC 2732,AD-CAA,Amyloid,Arteries,0.037707295,0.10793073,0.039563347,0.11014872,0.08022014,1.0592207,0.065973915,0.027913323,0.0447566,0.047833625,0.044498295,0.06456132,0.029529365,0.119961776,0.100526564,0.034475677,0.06555115,0.052560106,0.039548095,0.039685886,3.364306,0.03572096,0.03810149,0.03895926,0.038481887,0.052925743,0.06889246,0.18088478,0.16588183,0.046473738,0.2821224,0.034013446,0.037685815,0.033248745,0.03331911,0.09254463,0.08210322,0.06352219,0.10773072,0.07855116,0.05575951,0.12610047,0.12829803,0.8582297,0.08163424,0.08689526
2534_A_002,BRC 2534 BRC 2732,Full ROI,,,HW0110125,2534_A 002,BRC 2534 BRC 2732,AD-CAA,Amyloid,Arteries,0.070304975,0.11017207,0.057881203,0.07845726,0.13832553,0.070625655,0.038704835,0.05817307,0.06441302,0.0453232,0.048071552,0.044485904,0.052908346,0.04084863,0.04203757,0.05313987,0.050349545,0.04413044,0.041631196,0.03547576,5.3860993,0.070442356,0.06380481,0.05859107,0.050384633,0.05821507,0.077134095,0.08454816,0.08885225,0.048182935,0.65395474,0.056114443,0.05292674,0.06135582,0.038235955,0.039006475,0.067569345,0.048503783,0.071569696,0.04867563,0.046823565,0.05933138,0.029435918,0.07890921,0.03514114,0.042552356
2534_A_003,BRC 2534 BRC 2732,Full ROI,,,HW0110125,2534_A 003,BRC 2534 BRC 2732,AD-CAA,Amyloid,Arteries,0.019160423,0.019984841,0.016291494,0.018396392,0.022280853,0.016562803,0.015073816,0.02202622,0.018883128,0.018425802,0.017478596,0.016383504,0.020393388,0.01731417,0.017684367,0.01735017,0.017334813,0.018009821,0.018234484,0.015012106,1.9747399,0.018466704,0.015460971,0.016297244,0.018125057,0.018540747,0.020659396,0.01857403,0.020945871,0.012943954,0.054868948,0.014810971,0.013382199,0.014761229,0.010795051,0.012703192,0.018004403,0.012988631,0.02051326,0.013816881,0.011579721,0.019485334,0.022671096,0.02673916,0.02352636,0.018439654
2534_A_004,BRC 2534 BRC 2732,Full ROI,,,HW0110125,2534_A 004,BRC 2534 BRC 2732,AD-CAA,Amyloid,Arteries,0.03910308,0.07971625,0.025709452,0.03218216,0.03878525,0.07113357,0.022317106,0.027835447,0.02975595,0.024134194,0.023431003,0.023136681,0.027878,0.022854727,0.023956498,0.024998134,0.024726968,0.021866908,0.02451715,0.02104389,3.5952907,0.0333528,0.025329495,0.028228784,0.03212517,0.027872704,0.044568125,0.035922766,0.041610863,0.021873217,0.23100393,0.03186708,0.025436847,0.030158494,0.016599234,0.019176364,0.028197117,0.0206387,0.042440567,0.018158838,0.020734407,0.031552855,0.055110037,0.062293038,0.04278953,0.037383683
2534_A_005,BRC 2534 BRC 2732,Full ROI,,,HW0110125,2534_A 005,BRC 2534 BRC 2732,AD-CAA,Amyloid,Arteries,0.07036016,0.16838789,0.1775084,0.09671283,0.10833871,1.588759,0.07556333,0.1025611,0.12920605,0.08818957,0.09039437,0.08117781,0.09487215,0.055398777,0.05985188,0.0781522,0.061264303,0.05447318,0.0654486,0.09603992,12.0732765,0.044106174,0.05170555,0.07079377,0.03987567,0.052549116,0.378318,0.17810781,0.23580208,0.5750293,1.7644624,0.106328174,0.15471967,0.11086255,0.40787947,0.37624326,0.2343086,0.20129034,0.2563128,0.985052,0.3605931,0.33999848,0.6845824,0.21727642,1.9283326,0.38623863
2534_A_006,BRC 2534 BRC 2732,Full ROI,,,HW0110125,2534_A 006,BRC 2534 BRC 2732,AD-CAA,Amyloid,Arteries,0.05126297,0.06856075,0.15396026,0.08769638,0.076519474,3.0895603,0.082169525,0.15085746,0.17527999,0.0756084,0.089682944,0.11591991,0.12199973,0.06265479,0.0653149,0.08774281,0.06586421,0.05098261,0.07022222,0.101576,16.613945,0.1719732,0.17361243,0.11859579,0.11144786,0.097684175,0.8296517,0.3527164,0.2764984,0.86570334,3.105927,0.43967593,0.3334949,0.49897113,1.0943629,0.23435852,0.2914204,0.3787751,0.9127825,0.50549614,0.4375637,0.3301598,1.43538,0.49094114,1.5675185,1.0534582
2534_A_007,BRC 2534 BRC 2732,Full ROI,,,HW0110125,2534_A 007,BRC 2534 BRC 2732,AD-CAA,Amyloid,Arteries,0.14091207,0.21083874,0.23787414,0.14394276,0.18087083,4.4941072,0.08642169,0.1702387,0.12980007,0.08844155,0.14030093,0.13351277,0.09872246,0.061182838,0.060058046,0.0851611,0.06786985,0.06330377,0.07687624,0.110188045,16.605387,0.10282521,0.17430402,0.07556528,0.05223719,0.10908734,1.0855222,0.87312984,0.31248018,0.41214946,3.4040906,0.19270766,0.19153555,0.1664825,0.31220067,0.502751,0.33459467,0.24544846,0.31002253,1.166392,0.48822972,0.580642,4.4927015,0.24864148,3.2726269,0.39097145
2534_A_008,BRC 2534 BRC 2732,Full ROI,,,HW0110125,2534_A 008,BRC 2534 BRC 2732,AD-CAA,Amyloid,Arteries,0.07778666,0.06839298,0.22756885,0.10395231,0.12032734,2.327022,0.095947504,0.23783472,0.34875098,0.11676217,0.18685868,0.14277053,0.2427787,0.06558976,0.05971936,0.1486666,0.07233046,0.08116166,0.07070884,0.21261908,23.646778,0.29995167,0.38673672,0.13392209,0.103977546,0.15302494,1.0098516,0.86426085,0.27610233,1.8487061,4.312236,0.38402188,0.4402709,0.30458266,1.9545053,0.22294989,0.36900288,0.46150565,1.3836298,0.7659598,0.5281475,0.7719012,1.2484555,0.6081534,0.36953786,2.127654
2534_A_009,BRC 2534 BRC 2732,Full ROI,,,HW0110125,2534_A 009,BRC 2534 BRC 2732,AD-CAA,Amyloid,Arteries,0.06574805,0.23408197,0.08292768,0.09494911,0.093867086,23.37047,0.10110095,0.06794754,0.1466487,0.0948312,0.12822615,0.08859289,0.06680132,0.13367511,0.10179847,0.10086351,0.1284229,0.04290609,0.055547,0.06238596,22.70923,0.07583143,0.07729146,0.06976501,0.06882843,0.098133974,4.4918227,1.0112879,0.6999432,0.21311182,4.4605417,0.12977785,0.09932406,0.19008015,0.14352494,1.0066761,0.18257675,0.10928588,0.15546946,0.2955273,0.65515846,0.7248924,11.233769,0.39300653,5.8477173,1.0242451
2534_A_010,BRC 2534 BRC 2732,Full ROI,,,HW0110125,2534_A 010,BRC 2534 BRC 2732,AD-CAA,Amyloid,Arteries,0.07334283,0.08441665,0.23089363,0.1126924,0.14024629,0.32227534,0.085159555,0.20517077,0.1262392,0.12083407,0.115181565,0.13797575,0.10578556,0.0648468,0.07315298,0.0774501,0.056514915,0.0811546,0.060958695,0.12217467,17.672153,0.18550369,0.29889053,0.13554448,0.28309005,0.15682808,0.9117102,0.362829,0.26929435,2.2302353,2.7012427,0.4826016,0.5257047,0.30200922,3.0388746,0.32131922,0.33048522,0.5144783,1.0168104,0.86066383,1.9462743,0.7049139,0.7703764,0.26471618,0.41020468,0.79876244
2534_B_001,BRC 2534 BRC 2732,Full ROI,,,HW0110125,2534_B,BRC 2534 BRC 2732,AD-CAA,Amyloid,Capillaries,0.07957398,0.31993255,0.027893683,4.0313745,0.06818151,0.06786435,0.47434604,0.02795898,0.034495547,0.07576888,0.059171103,0.072304994,0.025822196,1.1539392,1.0488566,0.030295197,0.06714644,0.21181084,0.052887145,0.07495624,3.608038,0.032089714,0.039541677,0.045323007,0.032650106,0.057687677,0.052105132,0.06176954,0.20185189,0.026153734,0.2909695,0.018623687,0.025017971,0.018860258,0.02278308,0.09922255,0.15074235,0.05714081,0.09923831,0.05969839,0.05327942,0.2902533,0.059960257,1.0918186,0.04971911,0.036527373
2534_C_001,BRC 2534 BRC 2732,Full ROI,,,HW0110125,2534_C,BRC 2534 BRC 2732,AD-CAA,Amyloid,Parenchyma,0.07996844,0.092104,0.13117461,0.108011276,0.17430279,0.7005266,0.05423559,0.035584174,0.043345395,0.039433427,0.03962618,0.057503056,0.030684816,0.037459154,0.038487043,0.03159944,0.0346697,0.043906912,0.030627688,0.045049906,5.2778077,0.033898667,0.04098636,0.04586767,0.040794022,0.044326913,0.44301647,0.6844941,0.2590713,0.3505993,1.0563864,0.092469975,0.0962144,0.114856906,0.3047361,1.1041168,0.5738034,0.21065652,0.22320314,4.083487,1.8726488,0.3075437,0.120555684,0.18196292,0.13013577,0.12357387
2534_C_002,BRC 2534 BRC 2732,Full ROI,,,HW0110125,2534_C 002,BRC 2534 BRC 2732,AD-CAA,Amyloid,Parenchyma,0.12581773,0.82855797,0.09578728,10.255986,0.21517593,1.153577,4.8753166,0.035112392,0.2092573,0.12770127,0.15844819,0.35104448,0.04085773,4.4254246,1.4805471,0.101421274,0.58895516,0.5174269,0.094512016,0.19896747,15.235857,0.05937757,0.14250012,0.090776704,0.100358576,0.10438763,0.69054854,0.818538,4.4625382,0.15673436,0.5728971,0.06973036,0.1022168,0.11249815,0.11633056,4.3386636,0.9654677,0.3912738,0.48211458,0.7530944,1.286959,1.709276,0.43680072,2.2965899,0.12066916,0.15859751
2534_C_003,BRC 2534 BRC 2732,Full ROI,,,HW0110125,2534_C 003,BRC 2534 BRC 2732,AD-CAA,Amyloid,Parenchyma,0.19677532,0.52330005,0.1106793,4.582231,0.15509471,0.6195878,5.8373046,0.036594573,0.12086291,0.1691411,0.15819989,0.3537724,0.043920897,3.4224885,1.1721852,0.096606955,0.35191444,1.3614734,0.11085579,0.21758278,11.996648,0.05301651,0.1354165,0.061003372,0.06034232,0.12261096,0.23839162,0.58650804,2.2246401,0.1399585,0.6754247,0.05974055,0.09423249,0.07495574,0.116719365,2.107475,2.0076954,0.46206796,0.754796,0.74777716,0.6631941,1.3195499,0.31302586,1.5634073,0.19475567,0.15001187
2534_C_004,BRC 2534 BRC 2732,Full ROI,,,HW0110125,2534_C 004,BRC 2534 BRC 2732,AD-CAA,Amyloid,Parenchyma,0.070945315,0.35209185,0.09029649,1.0876437,0.08683466,0.2174362,0.652586,0.04657352,0.082942784,0.124100775,0.16463946,0.4207782,0.03909255,1.7063123,0.8482733,0.059014082,0.21409586,0.36715734,0.09694662,0.1746569,8.011135,0.06073045,0.10943988,0.08326263,0.06611275,0.1387011,0.118348494,0.22853394,0.5643881,0.11686937,0.76361287,0.066793546,0.10222455,0.06922492,0.12039613,1.3151466,1.1723123,0.4206061,0.5086782,0.45064238,0.36412922,0.667059,0.10839827,0.6664531,0.09601451,0.12339469
2534_C_005,BRC 2534 BRC 2732,Full ROI,,,HW0110125,2534_C 005,BRC 2534 BRC 2732,AD-CAA,Amyloid,Parenchyma,0.048275072,0.060007006,0.13778569,0.105144374,0.07039971,0.66528696,0.104487136,0.1185093,0.13345666,0.11297675,0.090112224,0.16595685,0.10064844,0.103232555,0.1375184,0.08396592,0.09458915,0.11984968,0.077831626,0.082617864,13.559803,0.14605999,0.13269717,0.16463219,0.09014003,0.2735334,1.1024655,0.25655094,0.29440352,1.6942494,1.9814088,0.13488099,0.1885016,0.141453,1.7644895,0.35918245,0.40266132,0.49919736,0.39904246,0.98712975,0.6193022,0.65170234,0.14459655,0.27263588,0.14480002,0.5459164
2534_C_006,BRC 2534 BRC 2732,Full ROI,,,HW0110125,2534_C 006,BRC 2534 BRC 2732,AD-CAA,Amyloid,Parenchyma,0.12116629,0.1716472,0.06548465,0.101080075,0.28210256,0.096957944,0.047581002,0.07268951,0.056647573,0.05333848,0.04827245,0.050669692,0.06740423,0.043184858,0.048096098,0.050365813,0.043447454,0.041954212,0.05451876,0.044626255,5.019103,0.04992924,0.03878557,0.047640823,0.04562195,0.049219728,0.22236826,0.123784825,0.17540134,0.057758596,1.3314239,0.05556031,0.04379478,0.045608584,0.03686489,0.04352241,0.081692554,0.04944348,0.06779384,0.05321849,0.046277743,0.062325142,0.09769948,0.16021402,0.09003818,0.05487311
2534_C_007,BRC 2534 BRC 2732,Full ROI,,,HW0110125,2534_C 007,BRC 2534 BRC 2732,AD-CAA,Amyloid,Parenchyma,0.05019482,0.054383963,0.04868886,0.051330287,0.060217615,0.082163714,0.028362704,0.028177675,0.03512882,0.024825314,0.025893692,0.033732407,0.02804075,0.023809783,0.02435103,0.029949287,0.027103128,0.027178235,0.027671117,0.026785476,2.768305,0.033535734,0.028110158,0.03478018,0.035031684,0.02567302,0.02510267,0.025056867,0.038874354,0.03732437,0.35846403,0.023468975,0.028773587,0.026008595,0.043311667,0.04843446,0.0529927,0.04311365,0.09633146,0.036139157,0.039712436,0.0643724,0.04312936,0.045675334,0.041843,0.04781667
2534_C_008,BRC 2534 BRC 2732,Full ROI,,,HW0110125,2534_C 008,BRC 2534 BRC 2732,AD-CAA,Amyloid,Parenchyma,0.07937255,0.051300313,0.25592554,0.098965265,0.11977202,0.18994182,0.09306864,0.14171827,0.1401788,0.09520138,0.0724281,0.13557261,0.14134337,0.07444397,0.09095125,0.09846821,0.07668063,0.083272696,0.09774647,0.11576412,12.724874,0.08206197,0.1791591,0.088471144,0.1320112,0.11153777,0.41699627,0.19519836,0.20344813,1.0565313,1.9012433,0.21490532,0.29765797,0.16199303,1.7628767,0.46204203,0.3615559,0.52863735,0.7256638,0.42885354,0.48948044,0.5537764,0.08747045,0.26247597,0.58593,0.24846914
2534_D_001,BRC 2534 BRC 2732,Full ROI,,,HW0110125,2534_D,BRC 2534 BRC 2732,AD-CAA,AmyloidFree,Arteries,0.23535205,0.43477142,1.1057734,0.31886858,0.4290526,3.7758105,0.21724094,1.3635042,0.7955337,0.46092707,0.27737457,0.34591052,0.56008357,0.16535556,0.23081063,0.27181065,0.19112019,0.12781976,0.11742184,0.21265611,52.81409,0.3604654,1.419403,0.22198266,0.2574443,0.32222798,2.377488,0.9008438,0.51110274,6.1698036,9.472181,0.89019525,1.215849,0.96572906,5.097806,3.0518124,1.3800352,1.1960516,1.8145164,7.992113,5.160452,1.567297,1.7558819,1.0669323,4.3097935,2.8747303
2534_D_002,BRC 2534 BRC 2732,Full ROI,,,HW0110125,2534_D 002,BRC 2534 BRC 2732,AD-CAA,AmyloidFree,Arteries,0.07837614,0.06599086,0.2070888,0.11561327,0.08215494,2.4392276,0.08509672,0.47637656,0.1923212,0.107232936,0.15566587,0.1475464,0.34129596,0.06275063,0.06243155,0.14380051,0.07877365,0.08197276,0.084322914,0.11483648,22.081537,0.16867597,0.21026984,0.25768194,0.090659976,0.10665328,0.5639895,0.4975181,0.20644909,3.1021519,4.0444164,0.58748597,0.46246535,0.3023999,3.1994061,0.509337,0.43614098,0.4371181,1.176744,0.8220601,3.1636486,0.3605177,0.2861634,0.29071406,0.7935979,1.2243695
2534_D_003,BRC 2534 BRC 2732,Full ROI,,,HW0110125,2534_D 003,BRC 2534 BRC 2732,AD-CAA,AmyloidFree,Arteries,0.20043412,0.44178084,0.5189107,0.2117978,0.5429385,23.4569,0.16341016,0.52658373,0.8650851,0.24182563,0.20964268,0.27850667,0.5806149,0.14025603,0.15799378,0.4265525,0.27231908,0.09951322,0.10822187,0.12694576,51.10819,0.42803985,0.33021381,0.24501815,0.5208054,0.19352333,4.0355234,1.0737054,0.40177238,1.3282068,9.067732,1.1081351,0.6969846,0.535523,1.2108239,0.6268651,0.30640143,0.4261622,0.7841842,0.4356923,0.7587773,0.81851953,9.432898,0.9393256,4.631013,1.611074
2534_D_004,BRC 2534 BRC 2732,Full ROI,,,HW0110125,2534_D 004,BRC 2534 BRC 2732,AD-CAA,AmyloidFree,Arteries,0.35663873,1.1211071,1.228315,0.3785984,0.73200923,12.104678,0.29154983,0.8430195,2.1740274,0.36932933,0.2833229,0.41810295,0.5727711,0.1856238,0.22935511,0.66843235,0.40283245,0.13368121,0.18027139,0.18353003,63.73371,0.7572893,0.40887794,0.7162459,0.4234983,0.2606814,3.9754257,1.7429261,1.099871,3.015327,11.725574,1.0304314,0.9802867,1.0140672,3.098167,2.6023095,1.097828,0.8355269,0.89527243,2.6173444,6.080401,1.1633413,5.741091,1.7404227,4.378834,5.8597393
2534_D_005,BRC 2534 BRC 2732,Full ROI,,,HW0110125,2534_D 005,BRC 2534 BRC 2732,AD-CAA,AmyloidFree,Arteries,0.044570655,0.074811764,0.10782353,0.09326242,0.064076,0.3345521,0.06718473,0.04791599,0.0826935,0.048602723,0.043805227,0.07016171,0.052422717,0.041455515,0.040337987,0.06783699,0.06544291,0.042279888,0.043020047,0.06899886,8.3778,0.068280704,0.10422743,0.05827009,0.23327126,0.05458518,0.24323595,0.3740995,0.12747917,0.38541988,2.1671762,0.12789463,0.20050076,0.17270218,0.6935159,0.3900079,0.26650342,0.36128828,0.3939205,0.8187796,0.43262598,0.28531682,0.53119427,0.43308488,0.67153955,0.58449477
2534_D_006,BRC 2534 BRC 2732,Full ROI,,,HW0110125,2534_D 006,BRC 2534 BRC 2732,AD-CAA,AmyloidFree,Arteries,0.083976194,0.12375095,0.23320003,0.18974857,0.1528612,6.264997,0.18897198,0.250084,0.27026698,0.1847495,0.1754291,0.20719387,0.29875475,0.105338074,0.10001662,0.26046973,0.12390092,0.10229587,0.13417105,0.19929416,22.006113,0.19487691,0.40606397,0.1275325,0.19613351,0.1508339,1.8257196,2.1413534,0.6429012,1.0358962,2.6271558,0.2296358,0.2680007,0.26637107,1.7449322,1.9459525,0.33926663,0.5103766,0.6271968,2.716195,10.0494585,1.5418211,1.521164,0.4979304,0.31849897,0.6995985
2534_D_007,BRC 2534 BRC 2732,Full ROI,,,HW0110125,2534_D 007,BRC 2534 BRC 2732,AD-CAA,AmyloidFree,Arteries,0.16966021,0.13493396,0.5479757,0.23100106,0.8307589,0.4632236,0.17340682,0.3285512,0.4527858,0.19282645,0.21827629,0.22243199,0.47326753,0.089620166,0.07984982,0.2895153,0.11343496,0.09618914,0.14708228,0.15488558,30.138508,0.27824286,0.47910514,0.33121407,0.29197103,0.29889014,1.1508907,1.6452386,0.722208,3.3699327,3.7607524,1.561914,1.0032483,1.004441,6.567699,1.0368984,0.8768374,0.733673,1.0304223,5.0466847,9.099514,0.7100277,0.286381,0.47283325,0.7324994,1.4535418
2534_D_008,BRC 2534 BRC 2732,Full ROI,,,HW0110125,2534_D 008,BRC 2534 BRC 2732,AD-CAA,AmyloidFree,Arteries,0.043247927,0.038272228,0.09047941,0.07884796,0.059428614,1.4753121,0.077305906,0.06172882,0.12967618,0.09363418,0.06387138,0.08088043,0.071513064,0.06083032,0.07278649,0.09859365,0.082703754,0.08323919,0.05756817,0.08064424,7.7784586,0.09125895,0.15427487,0.091363735,0.08445158,0.08609821,0.25908142,0.4336439,0.16441068,0.27169716,1.2094135,0.14988479,0.1459903,0.14263694,0.24509265,0.1907566,0.31028476,0.26050454,0.2779715,0.22043513,0.22939788,0.33831632,0.51078176,0.23882449,0.27272907,0.2565619
2534_E_001,BRC 2534 BRC 2732,Full ROI,,,HW0110125,2534_E,BRC 2534 BRC 2732,AD-CAA,AmyloidFree,Capillaries,0.11124746,0.709317,0.03184758,18.73977,0.082060404,1.0295119,7.6563663,0.025844222,0.075654276,0.14963503,0.11363308,0.11262001,0.028849252,4.992032,2.6575146,0.057027314,0.3133176,0.6898487,0.09859701,0.08580829,14.075338,0.062484473,0.12497157,0.058872737,0.077208266,0.08912543,0.10796478,0.19582732,2.501357,0.038795874,0.96393687,0.032419786,0.03560078,0.04854749,0.027161432,0.12299761,0.25819013,0.077728525,0.16260782,0.07072656,0.09971352,0.66333026,0.20535283,0.5859621,0.07106892,0.056073025
2534_E_002,BRC 2534 BRC 2732,Full ROI,,,HW0110125,2534_E 002,BRC 2534 BRC 2732,AD-CAA,AmyloidFree,Capillaries,0.09836128,0.07258405,0.2880042,0.12530605,0.15138239,0.13673958,0.08255527,0.18240976,0.46180245,0.09253799,0.07848704,0.10213191,0.23606753,0.049743842,0.06135196,0.18597275,0.08719294,0.07252149,0.07459149,0.0893706,22.19779,0.23225288,0.28355703,0.4905545,0.2516914,0.18498072,0.39811668,0.60327846,0.23202322,2.0457556,3.5544121,0.5852198,0.4400707,0.38625553,7.8592978,0.4308213,0.32997826,0.5725045,0.55190086,2.4871528,1.2438643,0.7553332,0.18572217,0.36319852,0.503491,0.37972084
2534_E_003,BRC 2534 BRC 2732,Full ROI,,,HW0110125,2534_E 003,BRC 2534 BRC 2732,AD-CAA,AmyloidFree,Capillaries,0.06786867,0.051969822,0.36144382,0.11230057,0.18329535,1.6345673,0.11304265,0.46562257,0.77040523,0.20041744,0.14827424,0.21886952,0.4726787,0.059694193,0.07818049,0.27214354,0.10457628,0.083127536,0.095704846,0.15996742,28.076944,0.20692743,0.5481892,0.40654567,0.21796076,0.28715387,0.7792299,0.6493816,0.2598528,2.278778,2.9422119,0.40507507,0.61017907,0.30402726,4.743969,0.367254,0.36397,0.8322205,0.8171966,2.1126387,0.841838,0.52921116,0.27157575,0.46190795,0.92527777,0.44225258
2534_E_004,BRC 2534 BRC 2732,Full ROI,,,HW0110125,2534_E 004,BRC 2534 BRC 2732,AD-CAA,AmyloidFree,Capillaries,0.28163642,0.32046068,0.8968909,0.3455777,0.6256644,1.8688656,0.24425688,0.39421552,0.32440272,0.35138607,0.33568993,0.39668506,0.41716948,0.25436613,0.33527946,0.23981598,0.22429493,0.4500821,0.20097044,0.21017319,31.711294,0.33478183,0.5086826,0.26138565,0.17833373,0.3512865,1.3143861,1.734682,0.6154565,3.3345208,1.7607534,0.2981465,0.5979056,0.4226899,4.3735967,3.3876643,0.98606616,1.2749059,1.389636,3.7549472,19.668854,1.3842422,1.142338,0.92051846,0.93600035,1.0124161
2534_F_001,BRC 2534 BRC 2732,Full ROI,,,HW0110125,2534_F,BRC 2534 BRC 2732,AD-CAA,AmyloidFree,Parenchyma,0.16154288,0.1858377,0.793812,0.17003983,0.46361107,0.43766782,0.13830018,0.71995634,0.4521249,0.1704235,0.26248455,0.24180438,0.45051253,0.080187574,0.08052608,0.2854265,0.12053048,0.09918797,0.11345852,0.23074505,34.63817,0.72641945,0.3923484,0.37238795,0.23958638,0.3606006,1.5119067,0.6325272,0.36601403,4.418274,4.819975,0.5225421,0.8370482,0.5216476,8.852177,0.7992223,0.9189443,0.65403754,0.7107617,3.1513977,2.0813794,0.74908286,0.57977414,0.4483884,1.3511133,1.003361
2534_F_002,BRC 2534 BRC 2732,Full ROI,,,HW0110125,2534_F 002,BRC 2534 BRC 2732,AD-CAA,AmyloidFree,Parenchyma,0.047483895,0.058656495,0.13652337,0.11601945,0.09018515,0.39543563,0.16505334,0.11313271,0.27530667,0.10514821,0.1749417,0.23162736,0.10268241,0.11292976,0.10627647,0.16076235,0.117426015,0.09762353,0.08260473,0.13079116,12.454507,0.10398696,0.15193442,0.11742257,0.11842256,0.17737998,0.38441876,0.45329797,0.31273755,1.1360769,2.450694,0.22519884,0.26372293,0.26983044,2.0690928,0.5229495,0.6048314,0.7539292,0.5889327,3.3769984,3.814275,0.6016061,0.3404828,0.6943063,0.15922259,0.47380713
2534_F_003,BRC 2534 BRC 2732,Full ROI,,,HW0110125,2534_F 003,BRC 2534 BRC 2732,AD-CAA,AmyloidFree,Parenchyma,0.39729968,0.65265447,0.97844166,0.8264123,2.46003,1.2679223,0.41565898,1.383673,0.4463417,0.5062537,0.8314408,0.86375517,0.40733907,0.53249776,0.6253679,0.3178457,0.4298959,0.2291185,0.2216458,0.42361692,48.483112,0.31244197,0.4171339,0.35528648,0.44586667,1.0186672,3.8162298,3.6756787,1.3312308,2.883625,6.0685635,0.84253836,0.9926235,0.7787331,2.6504853,4.011829,3.4006877,2.146622,2.119971,8.254795,25.915916,3.0120778,1.7037514,1.8019315,1.0065285,1.71119
2534_F_004,BRC 2534 BRC 2732,Full ROI,,,HW0110125,2534_F 004,BRC 2534 BRC 2732,AD-CAA,AmyloidFree,Parenchyma,0.071007304,0.062130533,0.14008436,0.101190105,0.057689548,0.22895241,0.09362371,0.11782031,0.13672909,0.09789798,0.086455695,0.11983643,0.11696526,0.053881384,0.07070744,0.13560605,0.08803095,0.07170671,0.06428729,0.09832576,13.793918,0.086760804,0.2794016,0.10737323,0.1207097,0.109119125,1.0075438,0.7636098,0.19171448,1.8910284,1.8580524,0.20501317,0.286698,0.21065077,1.4257725,0.36483103,0.42252874,0.4877582,0.8579073,1.0787507,0.4059879,0.2403111,0.65057784,0.35899138,0.31577316,0.2949714
2534_F_005,BRC 2534 BRC 2732,Full ROI,,,HW0110125,2534_F 005,BRC 2534 BRC 2732,AD-CAA,AmyloidFree,Parenchyma,0.21149202,0.093129925,1.1615835,0.17061898,1.00203,0.24593972,0.1137158,0.62147427,0.4522879,0.14555138,0.23709656,0.24922572,0.5149841,0.09268449,0.10152637,0.25687817,0.15668207,0.07658456,0.09950932,0.16175005,29.249147,0.12769575,0.34945804,0.13951136,0.22118387,0.17659713,1.7100224,0.8741986,0.33377585,3.5193052,4.840493,1.3468974,0.6614526,0.48251966,6.8118258,0.5815776,0.57891864,0.70878875,0.73170555,3.461889,2.2556703,1.5851556,0.45986718,0.3662321,0.5288004,1.090233
2534_F_006,BRC 2534 BRC 2732,Full ROI,,,HW0110125,2534_F 006,BRC 2534 BRC 2732,AD-CAA,AmyloidFree,Parenchyma,0.15294574,0.45666298,0.21583802,0.76413476,0.35811874,0.37415954,0.42548296,0.10000476,0.16183801,0.30085084,0.42490572,0.36005318,0.07462995,0.49638054,0.46284553,0.10914993,0.1801309,0.5554979,0.1140731,0.1178622,12.020316,0.08709124,0.21961008,0.1649697,0.10500744,0.27543235,1.1788145,1.0088655,0.75304806,0.49958277,0.7443764,0.1009618,0.16739818,0.14562003,0.37826562,3.2174623,1.211543,0.5598644,0.5205378,3.613048,8.093418,1.5616207,0.32191277,0.49829876,0.3780017,0.2195967
2534_F_007,BRC 2534 BRC 2732,Full ROI,,,HW0110125,2534_F 007,BRC 2534 BRC 2732,AD-CAA,AmyloidFree,Parenchyma,0.053469714,0.04127058,0.12040281,0.07388638,0.06952456,0.5408254,0.05701962,0.07862622,0.10643985,0.0621945,0.05814667,0.0963706,0.07912905,0.042934366,0.05004547,0.06922579,0.051247757,0.047210757,0.0462606,0.06002697,11.454537,0.1051883,0.15506823,0.12356842,0.090326145,0.07971682,0.619318,0.22985171,0.16626213,0.83891624,2.2958221,0.37408233,0.28401056,0.25964445,1.8144488,0.18819015,0.19402313,0.3079908,0.36594495,0.44925252,0.25787914,0.42493314,0.38736248,0.23812412,0.17052571,0.34146062
2845_A_001,BRC 2845 BRC 2497,Full ROI,,,HW0110125,2845_A,BRC 2845 BRC 2497,AD-CAA,Amyloid,Arteries,0.35137832,0.71741295,0.06429178,0.13079353,0.25811833,0.30869967,0.028589552,0.024192264,0.03350684,0.02594226,0.026549272,0.030571725,0.021971118,0.030654104,0.030429937,0.023994328,0.029339928,0.022457222,0.02209194,0.026446547,3.1261768,0.0246357,0.031253792,0.029682975,0.0281563,0.027641129,0.17405666,0.20968612,0.13026737,0.053928282,0.22378461,0.041921645,0.043450758,0.040636696,0.034705155,0.07341994,0.060804933,0.04530339,0.08095494,0.07426721,0.05815675,0.08242344,0.16618228,0.20366882,0.08068823,0.07998161
2845_A_002,BRC 2845 BRC 2497,Full ROI,,,HW0110125,2845_A 002,BRC 2845 BRC 2497,AD-CAA,Amyloid,Arteries,0.26827183,0.519933,0.043517493,0.24817081,0.07275864,0.5061252,0.11292588,0.058099486,0.03971436,0.21949631,0.108421065,0.07977382,0.03466717,1.5190061,2.8941793,0.031716336,0.05521907,0.06424808,0.041729685,0.046975948,6.6315007,0.08807747,0.07633225,0.05801137,0.092538565,0.0961402,0.09568867,0.12627277,0.29754075,0.030993965,0.39916015,0.031853985,0.0313555,0.034589913,0.025679331,0.042476222,0.06203172,0.060778756,0.12812392,0.03578767,0.033448383,0.08080578,0.24838622,0.6981103,0.06749948,0.05151281
2845_A_003,BRC 2845 BRC 2497,Full ROI,,,HW0110125,2845_A 003,BRC 2845 BRC 2497,AD-CAA,Amyloid,Arteries,0.34884098,0.41810083,0.0626314,0.540337,0.104781635,0.15921524,0.32098755,0.064976655,0.269871,0.104944415,0.14377025,0.12984776,0.10671707,1.3463258,0.36257428,0.18029638,1.5012925,0.08386411,0.17587957,0.14155382,7.926665,0.13174137,0.09701108,0.12938447,0.14808653,0.112615556,0.20890227,0.22861578,0.46580562,0.054966245,0.663521,0.10060077,0.06266081,0.118828155,0.034349736,0.06796096,0.10745262,0.07883473,0.13258821,0.07128068,0.052704223,0.19679542,0.35973376,0.5079865,0.13298632,0.07234022
2845_A_004,BRC 2845 BRC 2497,Full ROI,,,HW0110125,2845_A 004,BRC 2845 BRC 2497,AD-CAA,Amyloid,Arteries,0.15513599,0.43643424,0.054078396,0.49657938,0.21267204,0.6662842,0.2838769,0.05939489,0.41887996,0.14620356,0.14931199,0.15224989,0.09656193,1.9897776,1.1161313,0.17728494,2.5253036,0.1335085,0.12170416,0.116610356,11.7702,0.1561622,0.22297153,0.12190169,0.14718273,0.2085503,0.21106757,0.26868963,0.5964075,0.045186013,0.8333192,0.096305005,0.062429823,0.08623147,0.029244557,0.053877123,0.08327661,0.0826836,0.13049325,0.04890719,0.03405622,0.19390751,0.55047,0.49546334,0.117465414,0.082758054
2845_A_005,BRC 2845 BRC 2497,Full ROI,,,HW0110125,2845_A 005,BRC 2845 BRC 2497,AD-CAA,Amyloid,Arteries,0.3450594,1.8875451,0.10076595,0.46622962,0.176849,0.6530385,0.20297292,0.0749112,0.43019444,0.11847328,0.18033402,0.16457781,0.111324646,1.2517703,0.2748682,0.23779564,1.8132231,0.106904246,0.11388676,0.09582997,11.1717415,0.13668838,0.21989581,0.05739571,0.28912085,0.15785503,0.36005515,0.5157424,0.6428682,0.07574818,1.241864,0.13072571,0.08060644,0.16379592,0.06225031,0.11089055,0.14810917,0.105575524,0.16999117,0.07853787,0.08699712,0.24841295,2.0742579,0.7384037,0.21042481,0.15075412
2845_A_006,BRC 2845 BRC 2497,Full ROI,,,HW0110125,2845_A 006,BRC 2845 BRC 2497,AD-CAA,Amyloid,Arteries,0.45879245,0.8411749,0.06883486,0.6321442,0.07218425,0.6389947,0.33013228,0.06539057,0.16772147,0.13224384,0.12703705,0.19075915,0.11133829,1.8636339,0.7807638,0.19895156,0.81511533,0.08123918,0.10900877,0.14023432,10.121837,0.72644955,1.1229362,0.12083628,0.1167703,0.34547958,0.16178998,0.22519307,0.81838536,0.054330558,0.58825314,0.124133386,0.07450676,0.14804856,0.041210946,0.09462883,0.15080556,0.09218953,0.15847915,0.07267371,0.065168165,0.29403824,0.2785291,0.965826,0.28100666,0.11343129
2845_A_007,BRC 2845 BRC 2497,Full ROI,,,HW0110125,2845_A 007,BRC 2845 BRC 2497,AD-CAA,Amyloid,Arteries,0.19102634,1.6932604,0.13054924,1.2292396,0.09297217,2.3622067,3.605991,0.0662117,0.20383371,0.25736335,0.18919824,0.44374493,0.08251519,6.387409,4.7877674,0.12330056,0.7659221,0.441438,0.5522997,1.2435708,18.555197,0.25626874,0.18610705,0.33184618,0.12207146,0.500887,0.2408826,0.20157868,1.0429071,0.14275518,1.7684543,0.14972341,0.14069612,0.09855391,0.14112088,0.324517,0.4573481,0.43285626,0.40953454,0.23870477,0.15272444,0.91726935,1.0786,3.352789,0.73964494,0.2599566
2845_A_008,BRC 2845 BRC 2497,Full ROI,,,HW0110125,2845_A 008,BRC 2845 BRC 2497,AD-CAA,Amyloid,Arteries,0.20738918,0.6181373,0.03588285,0.15852796,0.066100724,0.20901194,0.11629706,0.05435372,0.46533406,0.096626624,0.11100895,0.08403221,0.0598252,0.5995116,0.20697527,0.2954682,3.2601407,0.05507498,0.09334718,0.16958353,8.169705,0.09222424,0.24385399,0.08013574,0.11299833,0.08560353,0.096649595,0.073966615,0.19354275,0.02721417,1.4222959,0.047268435,0.032432746,0.06872235,0.01892298,0.02597821,0.053177867,0.0367617,0.066975124,0.027679201,0.024348563,0.056200735,0.44368225,0.30782124,0.10124949,0.05002083
2845_A_009,BRC 2845 BRC 2497,Full ROI,,,HW0110125,2845_A 009,BRC 2845 BRC 2497,AD-CAA,Amyloid,Arteries,0.13049917,0.20186467,0.029371332,0.14037995,0.05708491,0.96123,0.053370345,0.039590493,0.081925064,0.045226313,0.052261434,0.040884078,0.052265447,0.04713502,0.04603394,0.087526836,0.07511707,0.03382372,0.03912909,0.058354937,4.374575,0.09034378,0.40145075,0.22381547,0.13831958,0.07110264,0.06903707,0.07395929,0.11349527,0.025206441,0.8826061,0.060509883,0.03016921,0.07198271,0.01596945,0.023953946,0.045392152,0.027821647,0.043893922,0.031012133,0.023100095,0.055482857,0.48281726,0.32073152,0.12737472,0.038809564
2845_A_010,BRC 2845 BRC 2497,Full ROI,,,HW0110125,2845_A1,BRC 2845 BRC 2497,AD-CAA,Amyloid,Arteries,0.18252413,0.39809093,0.1816189,0.22882684,0.26283544,5.047176,0.16697223,0.30356258,0.13095565,0.23660153,0.16148897,0.2000637,0.42071533,0.43989527,0.8894744,0.15975276,0.39189994,0.10386214,0.1478325,0.068759054,11.454357,0.5090267,0.12962833,0.18098165,0.16105063,0.3003495,0.115769275,0.113060765,0.18061446,0.11106211,0.8545275,0.17370857,0.17524661,0.18771291,0.14958054,0.37505445,0.22364488,0.17808679,0.2585879,0.21040833,0.19516039,0.35252544,6.3215885,0.9853597,0.17574753,0.6699388
2845_A_011,BRC 2845 BRC 2497,Full ROI,,,HW0110125,2845_A2,BRC 2845 BRC 2497,AD-CAA,Amyloid,Arteries,0.40484244,0.31668195,0.057788443,0.2565524,0.14331216,0.67658764,0.13047317,0.06507293,0.33601314,0.20031849,0.17947648,0.109775394,0.08184873,0.5035277,0.2870937,0.3037977,1.3187851,0.045473773,0.069742374,0.10667696,7.8206186,0.11875891,0.15204191,0.064579956,0.09356959,0.10310834,0.09339248,0.09453748,0.18187967,0.035531282,0.48250023,0.033012025,0.037904847,0.039813455,0.029062483,0.04659306,0.10144766,0.0628743,0.100817256,0.04923658,0.039022103,0.13612032,1.8427002,0.5017396,0.13494407,0.06304908
2845_A_012,BRC 2845 BRC 2497,Full ROI,,,HW0110125,2845_A3,BRC 2845 BRC 2497,AD-CAA,Amyloid,Arteries,0.019300625,0.03188268,0.017192574,0.0207183,0.030236661,0.051993236,0.014951733,0.01919392,0.021909136,0.017348656,0.01777848,0.016667182,0.020305408,0.0164135,0.016129171,0.017012373,0.01690347,0.015328281,0.015650837,0.016110456,1.9042618,0.022079755,0.026389081,0.02002007,0.028058104,0.018694047,0.040756214,0.033803802,0.0304824,0.017049957,0.12818937,0.023073085,0.016216168,0.021669153,0.013709024,0.014014751,0.019219188,0.0151002975,0.025111673,0.016159996,0.014013261,0.02181819,0.041838393,0.044660952,0.042048864,0.028684866
2845_B_001,BRC 2845 BRC 2497,Full ROI,,,HW0110125,2845_B,BRC 2845 BRC 2497,AD-CAA,Amyloid,Capillaries,1.3251088,0.57720846,0.4420123,0.64613837,0.8467927,0.15936202,0.22315578,0.1428624,0.09167309,0.21370427,0.15638958,0.23487037,0.10800394,0.19142859,0.33535954,0.103862084,0.15268423,0.8104712,0.1178797,0.08695092,7.8462853,0.14660083,0.13043559,0.59738195,0.08934536,0.16641736,0.16582416,0.22980924,0.19236045,0.25598815,0.53466135,0.14026281,0.20391831,0.15193775,0.3709417,2.157834,0.37889692,0.48023653,0.45389435,1.8321127,0.5984031,1.2252754,0.30528247,0.48101735,0.26079577,0.35559288
2845_B_002,BRC 2845 BRC 2497,Full ROI,,,HW0110125,2845_B 002,BRC 2845 BRC 2497,AD-CAA,Amyloid,Capillaries,0.30571455,1.0744435,0.040811874,1.8721051,0.04738923,0.18811165,0.14488083,0.049744032,0.032027412,0.14162388,0.09592523,0.09337509,0.030624542,1.5027326,2.5487733,0.024945954,0.039586283,0.05696065,0.035953455,0.045416206,4.482398,0.08252609,0.058723733,0.049400672,0.04606418,0.13292597,0.09435416,0.10956909,0.40614763,0.037523646,0.14598177,0.032666925,0.035099886,0.031200456,0.027656369,0.054440252,0.0764549,0.057746354,0.10077462,0.050515812,0.03755052,0.31704026,0.10698469,0.8842324,0.051948257,0.046292454
2845_B_003,BRC 2845 BRC 2497,Full ROI,,,HW0110125,2845_B1,BRC 2845 BRC 2497,AD-CAA,Amyloid,Capillaries,0.07676816,0.088322476,0.029747147,0.066806875,0.04583695,0.07172389,0.055923305,0.035713986,0.21023294,0.043664396,0.064189166,0.05590594,0.05004063,0.12137324,0.06415616,0.1328676,0.4186309,0.045676846,0.05835157,0.07086546,3.0011022,0.049064755,0.06773102,0.038700644,0.060628444,0.042698912,0.046576418,0.035713177,0.06366085,0.020454027,0.21879108,0.026460323,0.023193585,0.029949259,0.015562065,0.021370249,0.031839255,0.023243679,0.0496016,0.019077167,0.016172823,0.04608184,0.24524164,0.12830892,0.09265243,0.04179307
2845_B_004,BRC 2845 BRC 2497,Full ROI,,,HW0110125,2845_B2,BRC 2845 BRC 2497,AD-CAA,Amyloid,Capillaries,0.020975051,0.032533888,0.021375125,0.018237475,0.029835442,0.11164975,0.012535951,0.018053569,0.020686766,0.015145966,0.01622193,0.015482232,0.017241636,0.013565438,0.013249692,0.017312799,0.014855439,0.01406301,0.014790751,0.014964779,2.370588,0.019224554,0.016812561,0.018751537,0.020517023,0.016429538,0.023857277,0.019481154,0.020295076,0.02227509,0.1095711,0.019407984,0.01727644,0.0216965,0.023228703,0.019340442,0.02099228,0.01575146,0.033982728,0.020269524,0.019886084,0.02571792,0.08283151,0.049992573,0.099079624,0.048822608
2845_B_005,BRC 2845 BRC 2497,Full ROI,,,HW0110125,2845_B3,BRC 2845 BRC 2497,AD-CAA,Amyloid,Capillaries,0.39060614,0.2349157,0.25040963,0.4484379,0.23972952,0.10507686,0.22531725,0.06368009,0.15128046,0.12271024,0.107191734,0.16985157,0.07578474,0.25478286,0.2524504,0.103252865,0.17456293,0.21077625,0.113681614,0.17382085,4.104673,0.049824852,0.06027487,0.07712704,0.08479028,0.08608642,0.24853674,0.1283936,0.1882394,0.22319113,0.5018772,0.052769303,0.1092092,0.057639286,0.19218054,1.2116487,0.4935099,0.29345056,0.5195559,0.57307917,0.5657229,0.41284186,0.06362995,0.28632343,0.11149538,0.13989909
2845_C_001,BRC 2845 BRC 2497,Full ROI,,,HW0110125,2845_C,BRC 2845 BRC 2497,AD-CAA,Amyloid,Parenchyma,0.6904132,0.55602753,0.06784941,1.2342384,0.06962825,0.29219088,0.26341423,0.050423943,0.056243323,0.13263987,0.11216998,0.16540305,0.066154025,3.431449,1.1962576,0.048185863,0.09273953,0.059199493,0.05404611,0.07179111,6.4871783,0.15446344,0.07268343,0.082544565,0.07887432,0.16576208,0.08759189,0.121213034,0.19613823,0.064669505,0.18273465,0.15555203,0.089680396,0.12423462,0.057940144,0.1243431,0.19236861,0.13461646,0.15639216,0.09265204,0.067155585,0.2854461,0.29831237,0.8138675,0.08998299,0.08339578
2845_C_002,BRC 2845 BRC 2497,Full ROI,,,HW0110125,2845_C 002,BRC 2845 BRC 2497,AD-CAA,Amyloid,Parenchyma,0.7977783,1.1455051,0.3680406,7.7201385,1.6311129,0.12094558,3.2395937,0.1168053,0.2520919,0.49907967,0.47222418,1.116362,0.09378872,2.6583014,1.8900954,0.15790568,0.42708442,2.1344273,0.24360067,0.4875076,15.04207,0.17794748,0.32740432,0.23096086,0.3890067,0.2900262,0.32770184,0.845997,0.82576305,0.29386246,1.3348482,0.21249099,0.2558044,0.1861667,0.3060613,8.804961,0.8185628,0.80094707,0.8544447,1.9594249,0.57943535,2.165784,0.10817673,0.3145096,0.18622561,0.13302025
2845_C_003,BRC 2845 BRC 2497,Full ROI,,,HW0110125,2845_C 003,BRC 2845 BRC 2497,AD-CAA,Amyloid,Parenchyma,1.1174699,0.89806986,0.34093374,5.7406535,0.3346194,0.38883898,1.3484279,0.11319355,0.10996982,0.4030842,0.17500752,0.5228564,0.13700727,1.60169,1.6826595,0.10482324,0.40835047,0.51123834,0.3213757,0.233122,12.589386,0.36122602,0.29812184,0.23069777,0.2249705,0.18704137,0.36227885,0.40480515,0.59230405,0.27231607,1.174915,0.1570365,0.2677652,0.19372196,0.31183082,0.95139486,0.7522771,0.6176346,1.0184172,1.1809678,0.6073719,0.95949453,0.6797186,0.63998306,0.21259618,0.31121767
2845_C_004,BRC 2845 BRC 2497,Full ROI,,,HW0110125,2845_C 004,BRC 2845 BRC 2497,AD-CAA,Amyloid,Parenchyma,0.44528955,1.0326415,0.53539395,0.928594,0.868086,0.35012946,1.1044568,0.24748425,0.356058,0.3385899,0.5221676,0.8903447,0.20622496,1.702997,1.2449954,0.28696638,1.0179102,1.3571045,0.47939137,0.31639868,16.540918,0.2340315,0.2760506,0.27638844,0.29439998,0.35513058,0.58797693,1.9220585,0.51648206,0.7544592,1.4992253,0.11245897,0.257731,0.089717545,0.69944566,4.3922668,0.84513426,0.9478115,1.076945,1.7667874,1.3965133,1.8001235,0.52588636,0.71831816,0.35554418,0.6344958
2845_C_005,BRC 2845 BRC 2497,Full ROI,,,HW0110125,2845_C 005,BRC 2845 BRC 2497,AD-CAA,Amyloid,Parenchyma,0.46883276,0.3894547,0.39898783,0.6046662,3.1932938,0.29373378,0.33360133,0.18800868,0.18125026,0.27866387,0.1757143,0.2158304,0.23185879,0.2803334,0.39620107,0.20608419,0.55351466,0.43344122,0.27819815,0.26321557,10.942943,0.09624053,0.14260079,0.10181414,0.14586571,0.11945826,0.17058322,0.24922316,0.31736672,0.29251963,1.5246668,0.11369717,0.21376015,0.0879089,0.3327723,8.139996,0.548321,0.45442888,0.45037636,2.1502619,1.1473429,0.51103824,0.16451119,0.7059393,0.37197077,0.30094782
2845_C_006,BRC 2845 BRC 2497,Full ROI,,,HW0110125,2845_C 006,BRC 2845 BRC 2497,AD-CAA,Amyloid,Parenchyma,0.13862306,1.1308516,0.12425588,1.8952479,0.11087109,0.09304354,16.967562,0.05088528,0.13351344,0.21118687,0.20940419,0.72270256,0.0556514,5.2870708,2.3374352,0.09818209,0.67376876,0.35486874,0.47452387,0.47719502,15.0023575,0.15108258,0.17131238,0.11330609,0.18299496,0.15943289,0.16465826,0.35123348,0.4447602,0.13466594,1.25621,0.1091025,0.13717115,0.12527603,0.16352043,2.3053057,0.95879614,0.7078343,0.757111,0.83216953,0.35691178,1.6323532,0.21375947,1.0766926,0.15204039,0.16847429
2845_C_007,BRC 2845 BRC 2497,Full ROI,,,HW0110125,2845_C 007,BRC 2845 BRC 2497,AD-CAA,Amyloid,Parenchyma,0.38165992,2.2999449,0.21157317,2.7099419,0.14573275,0.12338549,5.2305384,0.05889684,0.24167539,0.2842445,0.26192337,0.8224534,0.07004182,9.060983,8.513682,0.12992115,0.8848766,0.7838758,0.31211817,5.4526167,26.567036,0.16709611,0.2938876,0.4300591,0.37157097,0.22738212,0.20101237,0.47227868,3.639001,0.22178549,1.0213896,0.12720968,0.20416267,0.117195524,0.23682964,1.4318798,1.1243167,0.673752,1.6946534,0.4911737,0.54771215,1.8907826,0.3432072,1.2865208,0.22252738,0.1636491
2845_D_001,BRC 2845 BRC 2497,Full ROI,,,HW0110125,2845_D,BRC 2845 BRC 2497,AD-CAA,AmyloidFree,Arteries,0.12002343,0.55897826,0.07851429,0.3090023,0.035850894,0.7165905,0.19921868,0.062421847,0.06840573,0.16778697,0.13632967,0.19377802,0.056594763,2.5717258,2.7250247,0.052666865,0.10391142,0.05637029,0.059421062,0.049250517,6.479784,0.119573236,0.09012514,0.050917756,0.07809871,0.13643911,0.118409574,0.20653,0.37561247,0.096809186,0.2676327,0.08568647,0.092683606,0.11162332,0.07002696,0.19176091,0.28494704,0.17427227,0.47804138,0.106554694,0.09604246,0.28650773,0.20312016,0.2699892,0.112299256,0.14494409
2845_D_002,BRC 2845 BRC 2497,Full ROI,,,HW0110125,2845_D 002,BRC 2845 BRC 2497,AD-CAA,AmyloidFree,Arteries,0.14803264,0.6950056,0.101186365,3.4493914,0.16230932,0.13186845,3.6458333,0.03998578,0.10065502,0.12288921,0.1418786,0.22088802,0.042792276,2.6892793,0.991931,0.076983355,0.64749444,0.4077948,0.16702728,0.38859627,6.4271054,0.04625073,0.079281084,0.051309876,0.061145227,0.07809383,0.1558139,0.18923011,0.80545586,0.11737443,0.29131526,0.03490766,0.06936237,0.037905887,0.117827356,0.66578436,0.3241812,0.3209174,0.23635475,0.22378986,0.18472525,1.0576819,0.17074981,0.3054037,0.07776873,0.15090181
2845_D_003,BRC 2845 BRC 2497,Full ROI,,,HW0110125,2845_D 003,BRC 2845 BRC 2497,AD-CAA,AmyloidFree,Arteries,0.33954412,0.276223,1.2711858,0.11731109,1.4892067,1.2953402,0.06465737,0.24819389,0.16158162,0.09344622,0.09256697,0.101122335,0.2582855,0.044461165,0.049885284,0.15394753,0.06435243,0.06450686,0.06858803,0.050685193,17.11618,0.19581075,0.10150292,0.13448176,0.12925279,0.08857289,0.9565121,0.346409,0.12559867,1.9834974,1.7665622,0.47504807,0.34643403,0.32696798,4.723195,4.078154,0.32454973,0.21299103,0.21389158,2.2878003,7.3296857,0.22258636,1.7605413,0.22094849,1.422524,1.4675202
2845_D_004,BRC 2845 BRC 2497,Full ROI,,,HW0110125,2845_D 004,BRC 2845 BRC 2497,AD-CAA,AmyloidFree,Arteries,0.10504783,0.26265964,0.30232257,0.09498751,1.734938,2.0463562,0.03432519,0.044952076,0.072845094,0.029160937,0.03904115,0.04460737,0.05911597,0.025423685,0.021627743,0.06555801,0.03479401,0.024052372,0.02695256,0.038064066,9.973963,0.05218802,0.04271948,0.06177596,0.04777741,0.03717919,0.21141501,0.24505779,0.11202764,0.84925216,1.8586549,0.2771767,0.2370975,0.4326793,1.8687885,0.938232,0.23036881,0.16694728,0.18368112,2.3409722,3.6171823,0.18944776,1.1390461,0.21097805,1.284878,0.7379326
2845_D_005,BRC 2845 BRC 2497,Full ROI,,,HW0110125,2845_D 005,BRC 2845 BRC 2497,AD-CAA,AmyloidFree,Arteries,0.11012866,0.83922017,0.057229824,0.19650446,0.057532594,0.5667998,0.15670255,0.16094023,0.09093959,0.2874161,0.38716665,0.18118234,0.05556867,2.0149665,2.0678833,0.06620807,0.122837104,0.15398076,0.0646848,0.07201358,8.253943,0.149925,0.09486677,0.05849568,0.06961474,0.11922687,0.36235318,0.15058592,0.31317982,0.06481923,0.41167223,0.31856358,0.10095067,0.35436746,0.041627932,0.09546556,0.10622365,0.0790944,0.20555426,0.07572561,0.05620232,0.13871469,1.401553,1.2222424,0.52708185,0.08427054
2845_D_006,BRC 2845 BRC 2497,Full ROI,,,HW0110125,2845_D 006,BRC 2845 BRC 2497,AD-CAA,AmyloidFree,Arteries,0.10765479,0.27752268,0.13255288,0.3676424,0.111115105,2.5363965,0.7849627,0.110065214,0.18523675,0.3311809,0.20356297,0.38681322,0.17169608,4.3591394,5.736201,0.13815615,0.73513687,0.3890261,0.23570982,0.40778342,19.010159,0.4142024,0.34124443,0.2391993,0.3415177,0.41552457,0.4191523,0.39487025,1.5334387,0.17185788,0.6895579,0.29230714,0.17372,0.35364032,0.13928723,0.2573231,0.5681245,0.30524537,0.33519152,0.17441995,0.16288334,1.0230589,1.1947854,2.5364745,0.6087733,0.4179229
2845_D_007,BRC 2845 BRC 2497,Full ROI,,,HW0110125,2845_D 007,BRC 2845 BRC 2497,AD-CAA,AmyloidFree,Arteries,0.1808063,1.1587026,0.15653762,3.0881543,0.27569765,1.1091207,4.2572703,0.08384495,0.13946147,0.2963339,0.24713045,0.36434087,0.071810186,2.3185549,1.4559717,0.14879754,0.79114,0.29535547,0.33368084,0.18733825,11.557257,0.0745375,0.104730256,0.05321688,0.14433466,0.14595026,0.13624214,0.50261325,0.44754484,0.1840725,0.69582206,0.25945073,0.2378542,0.24521863,0.19740058,2.2101166,0.60207814,0.6284965,0.3850501,0.5327047,0.43283588,1.9625523,0.28503963,1.4993244,0.1628897,0.19557318
2845_D_008,BRC 2845 BRC 2497,Full ROI,,,HW0110125,2845_D 008,BRC 2845 BRC 2497,AD-CAA,AmyloidFree,Arteries,0.1038999,0.17844535,0.9742402,0.114466585,2.720132,1.5238209,0.08506231,0.8082197,0.32195044,0.18511458,0.24133119,0.20474637,0.2815089,0.081770025,0.087377176,0.1738838,0.110367596,0.11010532,0.09287703,0.10094336,24.204798,0.27719772,0.21563353,0.14909668,0.3227348,0.17553672,1.2790438,0.49549544,0.1985291,1.9298373,1.2912031,1.6233944,0.73291725,0.5406654,2.8959348,1.6381897,0.24600571,0.27810487,0.30725187,1.7705394,0.68073404,0.2848866,5.873586,1.1500331,2.3200579,1.9398959
2845_D_009,BRC 2845 BRC 2497,Full ROI,,,HW0110125,2845_D 009,BRC 2845 BRC 2497,AD-CAA,AmyloidFree,Arteries,0.15239094,0.39141235,1.4752384,0.13894273,6.036045,1.4081036,0.07326104,0.38974217,0.20450222,0.08829847,0.113612846,0.113188855,0.72937834,0.043510377,0.041742213,0.20994246,0.06274475,0.0320824,0.06721594,0.09614054,29.829699,0.21752776,0.19264023,0.15506722,0.1500754,0.08941585,0.38401756,0.56305313,0.15756987,2.804662,2.667136,1.6385553,0.7664695,0.74189985,10.665553,10.080091,0.2977739,0.32212245,0.5599293,5.858319,11.027757,0.42500505,1.0083153,0.29840234,2.2102966,4.8059697
2845_E_001,BRC 2845 BRC 2497,Full ROI,,,HW0110125,2845_E,BRC 2845 BRC 2497,AD-CAA,AmyloidFree,Capillaries,0.17887728,2.3065956,0.123831816,4.499961,0.08225238,0.09062263,6.737499,0.050489444,0.11959151,0.14447856,0.11339614,0.31766152,0.051584624,6.3729615,4.5472403,0.077245474,1.1379203,1.3481817,0.34509072,0.79353535,15.949524,0.79484075,0.18712136,0.13405176,0.28879312,0.16178027,0.15601602,0.53446555,1.0692781,0.14361303,0.25249037,0.088847056,0.13349539,0.090514064,0.16639909,1.3279339,0.37775022,0.46444973,0.5243698,0.26780903,0.22205536,1.11016,0.57644504,1.8549495,0.2038212,0.23169115
2845_E_002,BRC 2845 BRC 2497,Full ROI,,,HW0110125,2845_E 002,BRC 2845 BRC 2497,AD-CAA,AmyloidFree,Capillaries,0.9000783,1.4580171,0.046131935,1.9175557,0.041404102,0.083524264,0.26336712,0.041227877,0.04484906,0.08283711,0.05818174,0.08149607,0.0619085,4.244326,1.4399174,0.0469477,0.114451215,0.05378929,0.05366857,0.062310923,7.786679,0.20142241,0.119667634,0.09245384,0.06938465,0.119284645,0.070807494,0.08115586,0.35377452,0.039478704,0.2975885,0.031180162,0.03923601,0.034881406,0.035640594,0.0780432,0.1435214,0.07442678,0.09418423,0.07366047,0.049079366,0.21259524,0.13023783,0.43681833,0.06589419,0.060047165
2845_E_003,BRC 2845 BRC 2497,Full ROI,,,HW0110125,2845_E 003,BRC 2845 BRC 2497,AD-CAA,AmyloidFree,Capillaries,0.34363985,1.9749388,0.64925,0.56038344,1.6767349,0.26743314,0.21350554,0.20937094,0.07614029,0.20482017,0.16455178,0.27742404,0.11715345,0.41218692,0.47387904,0.06829227,0.12542687,0.16934128,0.10924842,0.13682266,10.625173,0.117099136,0.14368798,0.20411709,0.07100749,0.731077,0.3094554,0.5417039,0.4098248,0.3974462,0.89465636,1.1466457,0.5762324,0.5463153,0.9664298,4.660924,0.6017408,0.4703991,0.57590616,2.5528882,2.5028079,0.9047557,0.4468663,0.25992045,0.6686809,0.44668707
2845_E_004,BRC 2845 BRC 2497,Full ROI,,,HW0110125,2845_E 004,BRC 2845 BRC 2497,AD-CAA,AmyloidFree,Capillaries,0.31392482,0.9638318,0.33926958,1.4844406,1.0047686,0.26901662,0.56406033,0.20424552,0.13120307,0.34679797,0.7996045,0.52298576,0.106641255,0.80786943,0.53280914,0.12110532,0.23220661,0.5236216,0.23824221,0.18081883,9.459451,0.099211216,0.18571778,0.15321949,0.50951606,0.1454696,0.08995268,0.2395821,0.31230113,0.19621272,0.5278309,0.19955353,0.2821189,0.16412528,0.3178828,5.468056,0.45078877,0.43641195,0.29020205,1.6500251,1.3406917,1.7042452,0.71321064,0.9338842,0.16944951,0.2266087
2845_E_005,BRC 2845 BRC 2497,Full ROI,,,HW0110125,2845_E 005,BRC 2845 BRC 2497,AD-CAA,AmyloidFree,Capillaries,0.32660595,0.2682248,0.294522,1.2509891,1.2834762,0.672367,0.33924976,0.1406849,0.18180916,0.35763013,0.25659698,0.22342162,0.08073961,0.2180948,0.35150963,0.12545598,0.13514027,0.23834933,0.0924748,0.123767085,8.249894,0.0862522,0.10891896,0.10138018,0.0721146,0.20077062,0.34814873,0.58449453,0.535502,0.3654874,1.0996677,0.19295618,0.27094692,0.21460344,0.30656278,1.7524658,0.6776203,0.6103832,0.30492654,3.0539825,0.49690118,1.2247217,0.21696964,0.34483185,0.22264631,0.15866055
2845_E_006,BRC 2845 BRC 2497,Full ROI,,,HW0110125,2845_E 006,BRC 2845 BRC 2497,AD-CAA,AmyloidFree,Capillaries,0.5054574,0.3162729,0.41272923,0.43154973,1.1164435,0.52081305,0.15504463,0.12757215,0.10942063,0.17129058,0.14581238,0.124944314,0.118652806,0.09917203,0.12337369,0.14599611,0.12959166,0.114997305,0.10761468,0.12428382,8.265716,0.07765432,0.109620355,0.09135487,0.12704517,0.099729046,0.14217566,0.19855934,0.2695153,0.29204717,1.2248579,0.26622814,0.3047016,0.4371976,0.45867738,1.4573588,0.36341256,0.42915347,0.5676057,4.1339083,0.9410351,1.0417414,0.2423292,0.34497643,0.12809533,0.31957877
2845_E_007,BRC 2845 BRC 2497,Full ROI,,,HW0110125,2845_E 007,BRC 2845 BRC 2497,AD-CAA,AmyloidFree,Capillaries,1.2264373,1.0618889,0.31565252,4.2101326,3.891867,0.12606914,0.41527045,0.12656507,0.09046179,0.3070618,0.16629644,0.42527327,0.08526481,0.9906221,1.5812112,0.07043602,0.14490272,0.41405708,0.12605207,0.14102042,12.436691,0.31995764,0.15883358,0.22573623,0.26585808,0.7713212,0.1725137,0.31551,0.68995416,0.1697135,0.8979202,0.46697822,0.31804863,0.4686908,0.23686217,6.1494484,1.6463661,0.46479142,0.6781249,1.3862387,0.7513277,1.0666192,0.6300322,0.75123364,0.25234574,0.53003126
2845_E_008,BRC 2845 BRC 2497,Full ROI,,,HW0110125,2845_E 008,BRC 2845 BRC 2497,AD-CAA,AmyloidFree,Capillaries,0.43460888,0.9588567,0.26594496,3.352877,1.7290541,0.18744943,0.42011136,0.11064869,0.0888323,0.5289766,0.27843687,0.45863214,0.059804264,0.74315095,1.1389548,0.061656263,0.13548714,0.37334943,0.11210216,0.16705161,8.290056,0.088615835,0.09165574,0.11250134,0.084945984,0.16578817,0.21649343,0.48646888,0.71311337,0.21806021,0.49488378,0.20439155,0.25518015,0.28689486,0.18327169,1.4019532,0.9370648,0.42634115,0.63851166,0.8915104,0.86434394,1.1936615,0.7749507,0.96565706,0.2707327,0.7620534
2845_F_001,BRC 2845 BRC 2497,Full ROI,,,HW0110125,2845_F,BRC 2845 BRC 2497,AD-CAA,AmyloidFree,Parenchyma,0.60602367,0.9491055,0.26491907,2.1770391,1.2523186,0.4040169,0.37544248,0.091587305,0.097716086,0.1823896,0.16104543,0.2673039,0.06493896,0.32174325,0.32058567,0.06859258,0.110050574,0.09588761,0.09122782,0.16154861,6.958272,0.10729853,0.25773358,0.10858868,0.34770668,0.13587615,0.19262658,0.24498515,0.3689062,0.20030425,0.23266228,0.13362764,0.20063782,0.124409705,0.21731336,3.0843575,0.74787027,0.5494433,0.5943412,3.615168,0.42756033,0.45722273,0.3370768,0.99448556,0.11867909,0.21862195
2845_F_002,BRC 2845 BRC 2497,Full ROI,,,HW0110125,2845_F 002,BRC 2845 BRC 2497,AD-CAA,AmyloidFree,Parenchyma,0.22684443,1.4414886,0.31081885,3.134207,0.4499472,0.26099336,2.354741,0.08679649,0.18605958,0.21017456,0.41069135,1.0370923,0.079304375,1.1280507,1.131198,0.14722669,0.7575289,0.32309866,0.3356624,0.7154692,12.164168,0.10441524,0.6500987,0.11855203,0.3770534,0.22228482,0.22911434,1.8614208,0.9595518,0.40680325,0.7945246,0.1484921,0.23740396,0.12617752,0.34948358,2.7081861,1.0550597,0.8558924,0.7513066,1.4494172,1.0262115,1.2994481,0.33164632,0.90869623,0.14185391,0.5046426
2845_F_003,BRC 2845 BRC 2497,Full ROI,,,HW0110125,2845_F 003,BRC 2845 BRC 2497,AD-CAA,AmyloidFree,Parenchyma,1.8575524,0.6816239,0.814247,3.516589,2.376874,0.41631112,0.55408114,0.23789626,0.1743012,0.37575614,0.64851576,0.60506314,0.1605089,0.7125696,0.5898317,0.14050226,0.23078075,0.23902443,0.21260549,0.3170638,16.067598,0.2513036,0.24315988,1.0508903,0.7530958,0.2605435,0.4591809,0.54387385,0.8461925,0.818535,2.4032419,0.38419166,0.44191593,0.8294449,0.62891936,8.324325,1.0025672,0.6971987,0.55160064,2.5880265,1.7085525,1.4341154,0.18736239,0.6784186,0.19400254,0.4049736
2845_F_004,BRC 2845 BRC 2497,Full ROI,,,HW0110125,2845_F 004,BRC 2845 BRC 2497,AD-CAA,AmyloidFree,Parenchyma,1.3157554,0.60613006,0.47741324,2.85006,0.6239246,0.3343159,1.0662789,0.13861354,0.11629184,0.26568112,0.18760674,0.59760916,0.10860936,1.3128198,1.4296387,0.11818287,0.66355324,0.87751883,0.5165882,0.40559202,12.364959,0.20436294,0.29511446,0.56926465,0.18917143,0.19857785,0.22051248,0.2826123,0.42497286,0.34399343,1.3386017,0.7575382,0.43542305,0.88071793,0.62557894,1.8524659,0.72572976,1.2074447,0.71766907,1.9805477,0.7338504,1.7919012,0.42794633,0.91359794,0.34105757,0.31673777
2845_F_005,BRC 2845 BRC 2497,Full ROI,,,HW0110125,2845_F 005,BRC 2845 BRC 2497,AD-CAA,AmyloidFree,Parenchyma,0.18971498,2.6236756,0.07100727,7.351872,0.10367008,0.13145748,6.5665708,0.034703467,0.10756912,0.13586749,0.08152967,0.18679628,0.04368362,8.115664,6.190027,0.067106545,0.72725964,0.671604,0.24678789,5.21331,19.788755,0.08511426,0.23813474,0.13373122,0.19657755,0.14062725,0.18730552,0.47413397,1.4080093,0.08066609,0.9455077,0.037626464,0.054646276,0.039206956,0.064097285,0.26660463,0.17232265,0.24658066,0.3103363,0.13138758,0.08061989,0.53424674,0.1432731,1.3689147,0.049939822,0.08047453
2845_F_006,BRC 2845 BRC 2497,Full ROI,,,HW0110125,2845_F 006,BRC 2845 BRC 2497,AD-CAA,AmyloidFree,Parenchyma,1.2585775,0.58993393,0.4585178,2.9326062,0.631556,0.18597934,3.1785643,0.15175033,0.25645375,0.42906165,0.4377149,0.7142673,0.1515697,2.686985,1.6996863,0.3193346,1.0239826,0.636786,0.45798314,0.28289002,13.886655,0.1302912,0.26708964,0.1877182,0.17449927,0.31355307,0.20963402,0.54383326,0.44170135,0.32428616,2.0854747,0.28050354,0.3707799,0.32782307,0.43090773,5.9448247,2.5530083,0.9855813,1.5266625,1.3113936,1.1811017,1.5393816,0.15517534,0.6379039,0.3556952,0.37291756
2845_F_007,BRC 2845 BRC 2497,Full ROI,,,HW0110125,2845_F 007,BRC 2845 BRC 2497,AD-CAA,AmyloidFree,Parenchyma,0.6624311,0.5928472,0.3216512,10.554531,0.73055094,0.3509961,3.0332365,0.066661134,0.173663,0.21016191,0.17828037,0.52057153,0.075497545,2.357102,1.8504691,0.10839031,1.1100057,0.704045,0.36250293,0.2890965,11.447492,0.07038971,0.24326894,0.20529349,0.24415728,0.15558258,0.14217229,0.17180663,0.33007848,0.17836942,2.273392,0.40050414,0.3670752,0.30261883,0.3188255,1.6835518,0.5929215,0.9835795,0.4416999,0.8676616,0.4578199,1.1330767,0.23953535,0.67390215,0.12462859,0.16133115
2845_F_008,BRC 2845 BRC 2497,Full ROI,,,HW0110125,2845_F 008,BRC 2845 BRC 2497,AD-CAA,AmyloidFree,Parenchyma,0.23042972,0.08144772,0.51793474,0.071342565,0.9271215,0.41992393,0.035563845,0.055130064,0.062122136,0.038993523,0.03496036,0.046635445,0.05389227,0.023201274,0.026500141,0.043289296,0.02650866,0.03041274,0.029957986,0.036128346,9.123853,0.038083356,0.044874206,0.04103747,0.046226498,0.03710849,0.2980045,0.28057963,0.09577483,0.71455795,0.49990386,0.82719535,0.32601103,0.4447407,2.2628093,2.4515817,0.21782263,0.16577724,0.16843207,2.0415666,4.9019794,0.30467615,0.10112735,0.172311,0.6066796,0.23684472
2845_F_009,BRC 2845 BRC 2497,Full ROI,,,HW0110125,2845_F 009,BRC 2845 BRC 2497,AD-CAA,AmyloidFree,Parenchyma,0.21910343,0.39254266,0.19606537,1.9147133,0.36832082,0.14666158,0.71015114,0.07864525,0.10370568,0.15752447,0.14431942,0.3620062,0.06987494,0.8702256,0.6406374,0.1056038,0.26549634,0.1918535,0.11423634,0.22530389,6.3194623,0.11190279,0.28419253,0.38390478,0.2413372,0.13941218,0.06913723,0.088944554,0.27199844,0.11309358,0.5102332,0.07681706,0.13395274,0.075172864,0.185591,1.297078,0.4040764,0.7048809,0.41466248,0.40790236,0.27376303,0.773823,0.10652553,1.7556366,0.16628306,0.12883675
2845_F_010,BRC 2845 BRC 2497,Full ROI,,,HW0110125,2845_F 010,BRC 2845 BRC 2497,AD-CAA,AmyloidFree,Parenchyma,0.32536083,2.0135303,0.24138534,3.9606285,1.2712499,0.45300686,0.88171214,0.093292885,0.20956464,0.31202817,0.30403683,0.35340023,0.09327538,0.5909209,0.69977325,0.16688222,0.5626085,0.97302943,0.22237489,0.56249297,10.937749,0.117528304,0.14153253,0.1798261,0.14453708,0.25814876,0.18889615,0.25615153,0.4980167,0.23002903,0.83031416,0.1587704,0.23603323,0.15780732,0.30852774,1.6829371,0.6998544,0.87138695,0.77226084,1.299518,0.53322846,1.5051733,0.22814406,0.94397354,0.17417198,0.30599734
2509_A_001,BRC 2613 BRC 2509,Full ROI,,,HW0110125,2509_A,BRC 2613 BRC 2509,AD-CAA,Amyloid,Arteries,0.106953524,1.8532321,0.45307514,0.30565867,10.559655,5.4790635,0.16927075,0.27393678,0.20489667,0.22459158,0.13749677,0.21265163,0.3616498,0.09260008,0.124393895,0.25115708,0.13176072,0.09490944,0.14750557,0.102003545,28.921904,0.37635082,0.15714628,0.15618652,0.18899813,0.20454484,1.1945288,1.2900493,0.38918608,1.4243472,6.252727,0.42992336,0.3880605,0.30539012,1.0303433,7.467755,0.55608845,0.49876106,0.36783406,3.8117328,1.5586886,0.90010357,5.910788,0.79560757,1.4718977,1.746119
2509_A_002,BRC 2613 BRC 2509,Full ROI,,,HW0110125,2509_A 002,BRC 2613 BRC 2509,AD-CAA,Amyloid,Arteries,0.17853142,0.78629655,0.9612895,0.3129778,6.9009824,2.927498,0.1717297,0.80961007,0.19714399,0.21103075,0.2070368,0.27481797,0.9402263,0.12889473,0.12663627,0.2854905,0.14344548,0.098306894,0.14162524,0.19805196,35.88779,0.3695154,0.236013,0.46909425,0.3636037,0.41189557,2.1265244,1.823326,0.341895,2.6927881,2.280618,0.6483027,0.8951252,0.41960475,3.9086819,7.9869,0.45341346,0.7302994,0.5360901,4.6838055,4.376231,1.6011689,2.5352373,0.964241,1.509984,2.7842224
2509_A_003,BRC 2613 BRC 2509,Full ROI,,,HW0110125,2509_A 003,BRC 2613 BRC 2509,AD-CAA,Amyloid,Arteries,0.3470356,2.1217585,0.15855582,3.5191705,0.15275122,1.6811584,1.4004748,0.07519987,0.08844119,0.27432263,0.15060021,0.34916553,0.054950375,3.2712767,4.7655387,0.0668294,0.21277827,0.21448612,0.10538857,0.1561309,13.693107,0.13028762,0.12946473,0.099896245,0.15612663,0.31581527,0.13648878,0.15547137,0.5294931,0.14190862,2.134151,0.08463097,0.13449854,0.09404165,0.14657208,1.2893149,0.8680455,0.45579484,0.66329354,0.8971047,0.34533218,0.8293727,0.29296398,0.855241,0.18832748,0.17787595
2509_C_001,BRC 2613 BRC 2509,Full ROI,,,HW0110125,2509_C,BRC 2613 BRC 2509,AD-CAA,Amyloid,Parenchyma,0.41340885,0.8072685,0.7682382,0.27462214,3.1581154,0.6337311,0.10050442,0.1809449,0.08662548,0.10471717,0.1197025,0.10251307,0.15842769,0.0650058,0.06313304,0.080637366,0.0521428,0.07541091,0.07238993,0.102802195,13.5166645,0.074762784,0.07356653,0.06240612,0.0604114,0.09366604,0.26855138,0.11237149,0.16962227,0.56416106,2.3308752,0.37543264,0.33667776,0.21810363,3.6292043,1.3926923,0.2686853,0.4640436,0.3765992,5.343483,1.1705358,0.7751583,0.472371,0.3067029,0.26826084,0.7196895
2509_C_002,BRC 2613 BRC 2509,Full ROI,,,HW0110125,2509_C 002,BRC 2613 BRC 2509,AD-CAA,Amyloid,Parenchyma,0.19800635,0.52322876,0.07184759,5.1038632,0.097880356,0.22848159,3.253106,0.0371495,0.095479056,0.08144159,0.081442304,0.2522168,0.04236509,3.7217073,2.0777013,0.06183185,0.43230218,0.13101408,0.18669969,0.8889146,10.16497,0.06717154,0.1212339,0.061927572,0.11936035,0.114232585,0.09989334,0.13537847,0.7647778,0.070944,0.6762547,0.03628903,0.05437171,0.041853957,0.06956042,0.1699361,0.23773664,0.2913354,0.18045224,0.13148965,0.09970563,0.5777224,0.31930602,0.9126846,0.08926883,0.07050843
2509_C_003,BRC 2613 BRC 2509,Full ROI,,,HW0110125,2509_C 003,BRC 2613 BRC 2509,AD-CAA,Amyloid,Parenchyma,0.20766559,2.1229937,0.09181433,8.626246,0.07108417,0.68230426,5.0210004,0.036408857,0.09779834,0.12993789,0.09658712,0.27601978,0.04187117,5.3941507,4.468165,0.06481803,0.70927674,0.58237845,0.1762371,3.1327133,18.916334,0.07705546,0.121502146,0.2291846,0.3587088,0.19092104,0.1860483,0.7813583,1.7235527,0.11587678,1.0328428,0.07198446,0.09193982,0.07938383,0.10613659,0.6472249,0.31972677,0.32487378,0.35041085,0.2979928,0.1408498,1.3246058,0.17772026,0.9831892,0.10366719,0.12884183
2509_C_004,BRC 2613 BRC 2509,Full ROI,,,HW0110125,2509_C 004,BRC 2613 BRC 2509,AD-CAA,Amyloid,Parenchyma,0.8486709,0.5833517,0.14780799,3.9929657,0.14973721,0.16927369,0.39408454,0.07746546,0.067650266,0.15331171,0.14703041,0.36008322,0.049606603,2.3692186,2.8719466,0.0468787,0.1298617,0.16080779,0.06885196,0.110569604,11.819823,0.1788109,0.138382,0.10196872,0.14193098,0.3787251,0.14028119,0.25643244,0.70971924,0.13848642,1.8771964,0.3212968,0.19736877,0.44337174,0.08650233,0.89960915,1.1730139,0.35599467,0.29931518,0.69385034,0.21362074,1.4505677,0.2849268,0.69950753,0.15520346,0.15941064
2509_C_005,BRC 2613 BRC 2509,Full ROI,,,HW0110125,2509_C 005,BRC 2613 BRC 2509,AD-CAA,Amyloid,Parenchyma,0.8819242,4.9814167,0.37224004,14.560811,0.4842121,1.6960164,1.7403443,0.1344878,0.166072,0.3855767,0.40643674,0.7911168,0.100585565,4.6950417,6.6872883,0.098092385,0.23811838,0.2023605,0.16725816,0.30190337,27.614113,0.7874708,0.24870422,0.4504375,0.40703976,0.62041247,0.6552056,1.7789652,4.357278,0.3265086,1.1434405,0.27314964,0.25857577,0.37891114,0.31462222,1.7283491,0.7995982,0.87532264,1.2197542,0.6199339,0.40277043,2.5263581,1.9152396,2.1521873,0.29225436,0.45691082
2509_C_006,BRC 2613 BRC 2509,Full ROI,,,HW0110125,2509_C 006,BRC 2613 BRC 2509,AD-CAA,Amyloid,Parenchyma,1.2345042,2.6248224,0.27330938,9.647863,0.23511854,0.33387488,3.0713606,0.067860305,0.1608587,0.1547608,0.14777316,0.5722819,0.075127654,3.2760317,2.6893759,0.11109749,1.0805085,0.34067038,0.24143843,0.5011335,18.155113,0.146294,0.1533538,0.12891188,0.13538942,0.24741343,0.2706524,0.56708044,0.89058787,0.27141604,1.1379555,0.30589876,0.29507938,0.25467753,0.29268157,2.6581671,0.44615808,1.0140296,0.55538446,0.75815564,0.3326844,0.8689145,0.41844073,2.194141,0.19041577,0.2395642
2509_C_007,BRC 2613 BRC 2509,Full ROI,,,HW0110125,2509_C 007,BRC 2613 BRC 2509,AD-CAA,Amyloid,Parenchyma,2.8538923,2.8757868,0.09802648,3.9556708,0.07449262,0.06966854,0.43799183,0.046343848,0.2448934,0.098303966,0.11144813,0.22063062,0.080223486,2.5210304,0.6950223,0.22211993,2.7102127,0.06803247,0.09402219,0.1344604,14.896053,0.121970564,0.23033693,0.08863143,0.12912287,0.19264565,0.1465076,0.19161241,0.44865486,0.09622133,0.9142169,0.24785963,0.14587545,0.6607008,0.073428154,0.2814001,0.31799835,0.1963886,0.21672507,0.17075239,0.11892812,0.88644046,0.2373279,1.0072811,0.08424585,0.10746733
2509_D_001,BRC 2613 BRC 2509,Full ROI,,,HW0110125,2509_D,BRC 2613 BRC 2509,AD-CAA,AmyloidFree,Arteries,1.1770545,1.2312746,1.3583883,0.32700026,6.36637,5.825531,0.17859717,0.50266635,0.1225658,0.15932605,0.23010708,0.24757227,0.45922145,0.14467123,0.12583897,0.13205115,0.11664147,0.11336613,0.13917354,0.15508448,26.327435,0.18572782,0.08481721,0.110890605,0.12034074,0.11738394,0.35462803,1.6263738,0.48605916,0.94370854,2.629347,0.640058,0.5740991,0.32021987,2.3728416,6.3764815,0.5424901,0.5549085,0.2780783,6.1311903,2.9946854,0.55667424,1.5464118,0.27798763,1.9340639,2.4757876
2509_D_002,BRC 2613 BRC 2509,Full ROI,,,HW0110125,2509_D 002,BRC 2613 BRC 2509,AD-CAA,AmyloidFree,Arteries,0.24645908,0.58311045,0.88201094,0.21748067,3.7504213,1.5426646,0.094482094,0.21353419,0.07671912,0.09499747,0.079977095,0.079917945,0.1646898,0.049683537,0.05752003,0.094005026,0.059516795,0.08660869,0.07938916,0.08179403,16.966974,0.12552038,0.09497474,0.17619136,0.14056218,0.116694406,0.2970845,0.30956885,0.16337897,0.90706956,1.4066132,0.40321088,0.3378126,0.29620835,2.6132622,8.108813,0.2700014,0.33770648,0.35347724,4.2214937,1.983432,0.42402732,0.9008731,0.30223998,1.6222951,1.0583705
2509_D_003,BRC 2613 BRC 2509,Full ROI,,,HW0110125,2509_D 003,BRC 2613 BRC 2509,AD-CAA,AmyloidFree,Arteries,0.09614421,0.11662854,0.24704707,0.09513694,0.21270256,3.6751554,0.05021166,0.064558834,0.07148748,0.049119193,0.049308933,0.06335817,0.06460627,0.034006204,0.038079295,0.04960444,0.03690422,0.03212574,0.036652356,0.051068705,10.958325,0.093415946,0.18197677,0.06404,0.117413,0.075050354,0.32168406,0.34453595,0.11575928,0.7775696,0.93546295,0.6101599,0.26020023,0.37900808,1.2600695,1.1955473,0.27072692,0.21482328,0.372184,1.6022788,1.5650507,0.40428662,1.1879791,0.25072792,0.48734608,1.6086572
2509_D_004,BRC 2613 BRC 2509,Full ROI,,,HW0110125,2509_D 004,BRC 2613 BRC 2509,AD-CAA,AmyloidFree,Arteries,0.17765489,0.8601097,0.69499636,0.27197832,3.84791,0.3026966,0.12612262,0.32595304,0.15952659,0.15549044,0.21335708,0.17420006,0.2130435,0.09242508,0.105506055,0.16199106,0.09545994,0.13215713,0.104743466,0.19102927,15.910009,0.087181814,0.11613987,0.079328805,0.23335895,0.1417152,0.42617825,0.8385351,0.37346768,0.91972286,1.7042631,0.28866756,0.29826897,0.21130504,1.539316,4.1995363,0.4310643,0.382008,0.30215752,7.041479,2.4574585,0.62627053,0.28131655,0.39593315,0.70634604,0.39828315
2509_D_005,BRC 2613 BRC 2509,Full ROI,,,HW0110125,2509_D 005,BRC 2613 BRC 2509,AD-CAA,AmyloidFree,Arteries,0.513912,2.2034295,0.090148695,1.1463913,0.10824804,0.09997883,0.22889534,0.057264507,0.42831674,0.119823456,0.15954699,0.29888615,0.0568507,2.7023408,0.7843011,0.16771683,3.3678656,0.06533402,0.062947854,0.13022402,19.86202,0.2558866,0.6742218,0.19955306,0.25815368,0.21248016,0.20862791,0.8335533,0.51188016,0.07774989,0.9321076,0.9194223,0.13785972,0.36756462,0.054000333,0.17889725,0.25233838,0.14502545,0.38081887,0.12336399,0.07721937,0.5122397,0.2565817,0.5811421,0.11526189,0.119647376
2509_D_006,BRC 2613 BRC 2509,Full ROI,,,HW0110125,2509_D 006,BRC 2613 BRC 2509,AD-CAA,AmyloidFree,Arteries,0.5649769,1.594551,0.099665366,3.799506,0.0812045,2.8023672,0.7252748,0.069091655,0.10661248,0.24742234,0.16620448,0.26916453,0.053930096,3.1111286,2.9824243,0.07603825,0.23369578,0.253539,0.1440269,0.19436689,15.354233,0.1294779,0.35588345,0.1455077,0.22894643,0.18256278,0.18033518,0.87398267,1.3905703,0.10132293,1.7878458,0.10029629,0.09320627,0.08597937,0.07706134,0.3705188,0.38552102,0.18119916,0.2261744,0.26192328,0.15775701,1.801114,1.4034108,1.9489175,0.3944579,0.22347651
2509_D_007,BRC 2613 BRC 2509,Full ROI,,,HW0110125,2509_D 007,BRC 2613 BRC 2509,AD-CAA,AmyloidFree,Arteries,0.20434964,1.1190536,0.078025244,4.8272448,0.06981744,2.9387434,1.6738408,0.043052778,0.09377967,0.10150938,0.08967005,0.19839834,0.045874722,5.9786463,2.2475946,0.06673909,0.3599148,0.42942378,0.11654465,0.3301331,15.252019,0.11637963,0.16322178,0.12946384,0.065799706,0.16224436,0.22761291,0.58204466,2.2283282,0.09300719,0.5404265,0.14541698,0.104992494,0.13651678,0.07575318,0.3592932,0.36788893,0.19872727,0.273427,0.18986377,0.14271891,0.7834741,1.7147808,3.9364407,0.45877934,0.12903851
2509_E_001,BRC 2613 BRC 2509,Full ROI,,,HW0110125,2509_E,BRC 2613 BRC 2509,AD-CAA,AmyloidFree,Capillaries,0.25141954,1.6404113,0.04611312,2.7601445,0.0772622,0.17925909,1.8582952,0.045109168,0.10507448,0.12598921,0.112985395,0.1744328,0.043109886,4.628828,2.702026,0.06399624,0.390224,0.19356558,0.21664931,1.1839633,12.677787,0.059123788,0.17261647,0.06639278,0.24666053,0.097237155,0.12695883,0.3650081,0.74958426,0.04783107,0.9591307,0.17543489,0.063054115,0.17213835,0.035075944,0.06681372,0.12642866,0.10481841,0.14909178,0.06445854,0.050328255,0.3609225,0.25888866,2.9618833,0.08982484,0.05012253
2509_E_002,BRC 2613 BRC 2509,Full ROI,,,HW0110125,2509_E 002,BRC 2613 BRC 2509,AD-CAA,AmyloidFree,Capillaries,0.23762408,1.8420296,0.11893292,12.79333,0.09209585,0.913898,9.8535385,0.06022745,0.18886381,0.29412958,0.14504619,0.55300194,0.06258968,4.9712434,5.498825,0.103748314,0.8851449,1.559619,0.33136386,0.53395027,25.10078,0.13274428,0.16996463,0.34090725,0.26703063,0.21642429,0.19475766,0.68908346,1.5227729,0.14115117,0.82932144,0.14686452,0.19865565,0.14055873,0.14639394,1.4719461,1.383853,0.5822047,0.88530463,0.40692797,0.39071843,1.7271961,0.30449528,1.2171023,0.19185051,0.16537891
2509_E_003,BRC 2613 BRC 2509,Full ROI,,,HW0110125,2509_E 003,BRC 2613 BRC 2509,AD-CAA,AmyloidFree,Capillaries,1.4997065,3.9841993,0.33202377,11.734696,0.33541903,2.6386693,3.3851163,0.09508853,0.24548493,0.2239973,0.16974783,0.8071966,0.09967893,3.6554313,4.468832,0.13279021,1.5417095,0.98415935,0.4476968,3.8896964,32.073463,0.44518402,0.7320836,0.5923802,0.37544295,0.3951354,0.38140127,0.77325225,1.3788342,0.32535076,2.7386642,0.2717887,0.30866724,0.23052418,0.30676165,7.014914,0.93265295,1.0101916,0.89034015,1.7322016,0.5345981,3.1162932,0.7248295,1.4263124,0.20154516,0.66570216
2509_E_004,BRC 2613 BRC 2509,Full ROI,,,HW0110125,2509_E 004,BRC 2613 BRC 2509,AD-CAA,AmyloidFree,Capillaries,1.9113246,1.7399677,0.24349086,8.138288,0.12787645,0.48561618,2.8088677,0.072281055,0.18791345,0.22193693,0.20749524,0.61419064,0.08784289,7.261942,5.831577,0.115821674,0.68745714,0.3906645,0.3156528,1.5751624,26.127953,0.6312847,0.24081045,0.29989478,0.13632746,0.35518754,0.36118585,0.32376382,2.2685895,0.23324524,1.3492678,0.23744483,0.2353681,0.23438048,0.2067638,3.095956,0.8071339,0.6135692,0.990506,0.39704964,0.3607171,2.5267062,1.1219262,1.1125668,0.2935218,0.32834902
2509_E_005,BRC 2613 BRC 2509,Full ROI,,,HW0110125,2509_E 005,BRC 2613 BRC 2509,AD-CAA,AmyloidFree,Capillaries,3.7420287,2.6927357,0.095042445,2.2723525,0.07521671,0.079152204,0.34245002,0.052595817,0.5161641,0.13062742,0.17000842,0.19343653,0.054170016,1.6998273,0.5239573,0.23003149,3.1564016,0.11798928,0.08179253,0.18061587,15.406958,0.11844735,1.0827024,0.10550085,0.30097693,0.16358198,0.14998893,0.4809172,0.82537836,0.07972199,0.80466264,0.29428652,0.116782576,0.27629787,0.066187665,0.12273116,0.16934495,0.15132283,0.22131039,0.09780916,0.07206861,0.30871877,0.2260312,0.48423254,0.20056193,0.09884726
2509_F_001,BRC 2613 BRC 2509,Full ROI,,,HW0110125,2509_F,BRC 2613 BRC 2509,AD-CAA,AmyloidFree,Parenchyma,0.392684,2.0542576,0.29091284,3.0320563,2.4840167,0.23648597,0.4874549,0.15228125,0.11557146,0.3032182,0.31850815,0.67210895,0.10865202,1.4123614,0.93142545,0.09102855,0.2265452,0.65997416,0.120310076,0.21069966,13.318849,0.10602751,0.085443154,0.13659215,0.10646901,0.27939567,0.31234542,0.20470786,1.031773,0.22621343,2.1976142,0.19324557,0.27402377,0.20319664,0.2352105,1.5853156,1.0852655,0.492395,0.79094326,0.8656026,0.3948721,0.8024526,0.18693556,1.1764998,0.14170237,0.2244059
2509_F_002,BRC 2613 BRC 2509,Full ROI,,,HW0110125,2509_F 002,BRC 2613 BRC 2509,AD-CAA,AmyloidFree,Parenchyma,0.98023367,1.8622762,1.2854843,1.4690636,5.056207,0.69273394,0.61822027,0.28196612,0.23674756,0.34724036,0.5117302,0.85591584,0.3220199,0.47684222,0.3343898,0.2534255,0.26546642,0.3779435,0.42469326,0.31599897,23.333775,0.27046642,0.10801784,0.21854725,0.0730706,0.38795972,0.57241637,1.3219708,0.83717245,0.6760313,2.3147023,0.6178775,0.7360863,0.63326055,0.9472878,5.9773145,1.5285317,1.33273,0.6530303,3.6892433,0.94197327,2.3405483,0.68909013,1.3849161,0.28400835,0.63050616
2509_F_003,BRC 2613 BRC 2509,Full ROI,,,HW0110125,2509_F 003,BRC 2613 BRC 2509,AD-CAA,AmyloidFree,Parenchyma,1.7534399,1.080863,1.5746019,2.8019173,6.2630367,0.5073062,0.7134305,0.5004289,0.3564535,0.44066513,0.35742837,0.62490004,0.62724817,0.7541016,0.7988186,0.24494891,0.5419262,0.3861175,0.47946748,0.41185832,29.581223,0.24386434,0.5852679,0.3401944,0.22985041,0.49410662,0.8445661,0.85558736,0.6695954,0.9640661,3.061001,1.1544845,0.9252796,0.70117176,1.0863951,7.64756,1.2489139,1.0846784,1.150107,5.939339,2.1394064,1.897447,0.5631037,1.0190849,0.41288453,1.0555813
2509_F_004,BRC 2613 BRC 2509,Full ROI,,,HW0110125,2509_F 004,BRC 2613 BRC 2509,AD-CAA,AmyloidFree,Parenchyma,1.3621807,1.9910159,0.47725847,5.187635,1.3957119,0.20731767,2.9057798,0.17329827,0.31307355,0.37252778,0.45394647,0.8557413,0.1685978,3.5416598,2.025431,0.22240467,0.7791114,0.7470163,0.55438167,0.36550128,24.235409,0.20152955,0.23153543,0.15761738,0.2931648,0.21716473,0.4908515,1.1113092,2.3030813,0.42317227,1.2631407,0.3265036,0.37508345,0.3689137,0.42766622,6.3945184,1.4214932,0.8559062,2.5153794,1.5734187,1.0997995,1.800035,0.21535622,2.1747534,0.28281668,0.33864227
2509_F_005,BRC 2613 BRC 2509,Full ROI,,,HW0110125,2509_F 005,BRC 2613 BRC 2509,AD-CAA,AmyloidFree,Parenchyma,0.5002681,1.0295986,0.6247833,1.522137,4.365,1.2582897,0.49339503,0.36717334,0.34429485,0.32915545,0.2724829,0.44838578,0.27690852,0.31882602,0.46908417,0.29852456,0.44210836,0.56562454,0.47532257,0.6115489,19.858463,0.20883076,0.16788632,0.37588978,0.1351134,0.2375012,0.1883228,0.2209755,0.3585815,0.30636317,1.4994535,0.5566195,0.50438243,1.056618,0.47827175,4.2071023,1.1887479,0.652349,1.9966843,3.0277834,0.7728394,2.248952,0.36716595,1.7942368,0.62072194,0.46191
2509_F_006,BRC 2613 BRC 2509,Full ROI,,,HW0110125,2509_F 006,BRC 2613 BRC 2509,AD-CAA,AmyloidFree,Parenchyma,1.9443743,1.4845344,0.52501565,3.2511382,0.7217715,0.22021942,0.6723261,0.13660233,0.20422757,0.38886237,0.42287228,0.3514196,0.116080485,0.76900417,0.63239855,0.24505444,0.4671962,0.42255723,0.18581164,0.18987477,14.349398,0.12131223,0.2563927,0.13096961,0.24340238,0.2797044,0.25038368,0.29534206,0.5656445,0.34602907,1.1233389,0.17200486,0.26211804,0.25293446,0.42989996,2.2049172,0.61572945,0.9026292,0.56158173,2.449895,0.6329584,0.94531435,1.4680814,0.8012002,0.123603776,0.3762135
2509_F_007,BRC 2613 BRC 2509,Full ROI,,,HW0110125,2509_F 007,BRC 2613 BRC 2509,AD-CAA,AmyloidFree,Parenchyma,0.49202147,2.5764284,0.6773571,1.6644801,4.750577,0.38681194,0.6897584,0.24306314,0.36923242,0.37845162,0.35253596,0.769916,0.26105526,0.9923424,1.218996,0.2735158,0.40273136,0.65531206,0.32631722,0.31003928,21.007399,0.17159912,0.20803528,0.1938761,0.20346014,0.25942454,0.51962185,0.4659432,0.64306307,0.79802966,1.7629514,0.25238562,0.444235,0.25811258,0.661858,5.423946,0.7009195,1.1485542,1.4368051,2.3626323,0.8871866,1.9752189,0.1702111,0.48895347,0.25463277,0.36663145
2613_B_001,BRC 2613 BRC 2509,Full ROI,,,HW0110125,2613_B,BRC 2613 BRC 2509,AD-CAA,Amyloid,Capillaries,0.018623738,0.02734619,0.021798328,0.027329927,0.02085136,0.05248019,0.030226246,0.054479063,0.06456528,0.04734555,0.055980988,0.030345142,0.053699788,0.04292195,0.034815513,0.05841219,0.04963143,0.0359784,0.03943183,0.031993315,3.45379,0.044492394,0.030246316,0.037353285,0.033650506,0.047790855,0.06027938,0.039377525,0.049815744,0.024439782,0.46952382,0.023253893,0.022659007,0.025874043,0.017745575,0.02210009,0.028664403,0.025326034,0.03866298,0.021999775,0.019734506,0.03486541,0.032153018,0.04217126,0.052323993,0.033655826
2613_B_002,BRC 2613 BRC 2509,Full ROI,,,HW0110125,2613_B 002,BRC 2613 BRC 2509,AD-CAA,Amyloid,Capillaries,0.018568197,0.014609772,0.020588515,0.01966704,0.01823931,0.035902686,0.022958256,0.037369452,0.0470539,0.032344606,0.029621406,0.029704567,0.04000841,0.028458143,0.029291058,0.03911473,0.036503013,0.036481813,0.034636226,0.03342473,3.2792666,0.044924565,0.029134745,0.044032037,0.031915482,0.036632318,0.06847928,0.037360195,0.04077477,0.027953135,0.25756782,0.030345345,0.02508355,0.033314392,0.020854244,0.019012908,0.030508261,0.022121256,0.039353427,0.020044208,0.018613243,0.044820864,0.028741164,0.031512637,0.047226924,0.03123703
2613_B_003,BRC 2613 BRC 2509,Full ROI,,,HW0110125,2613_B 003,BRC 2613 BRC 2509,AD-CAA,Amyloid,Capillaries,0.0064714863,0.006054964,0.006486779,0.006735949,0.006293681,0.010026001,0.0068905205,0.008649158,0.009370415,0.008122916,0.0082835695,0.0076031485,0.008799811,0.007929409,0.007703094,0.008711393,0.00809356,0.007742006,0.0081624,0.0074593513,0.100345105,0.009024783,0.008289516,0.008046697,0.008415754,0.0081302095,0.011098212,0.009454469,0.009040556,0.007080783,0.027351445,0.008032624,0.007097949,0.008020927,0.0056496845,0.005845589,0.007009611,0.0060960613,0.010391058,0.0075145476,0.005706164,0.011108281,0.010169709,0.010903479,0.012028477,0.009491273
2613_B_004,BRC 2613 BRC 2509,Full ROI,,,HW0110125,2613_B 004,BRC 2613 BRC 2509,AD-CAA,Amyloid,Capillaries,0.020454895,0.023658888,0.056863688,0.025407856,0.054957584,0.049145114,0.01943897,0.025785696,0.027869089,0.020565929,0.01886396,0.028048113,0.025012119,0.016977299,0.018622862,0.021526573,0.019077463,0.016826235,0.01856038,0.022917442,3.8218782,0.02171221,0.023348363,0.01957241,0.022018906,0.019562712,0.06117054,0.06253692,0.042532757,0.19596305,0.2818569,0.03166858,0.042911872,0.029254913,0.36834025,0.22948332,0.17096739,0.0699429,0.15052411,0.4258818,1.2908405,0.17695901,0.034268957,0.05406856,0.04839513,0.08712765
2613_B_005,BRC 2613 BRC 2509,Full ROI,,,HW0110125,2613_B 005,BRC 2613 BRC 2509,AD-CAA,Amyloid,Capillaries,0.011565969,0.012278065,0.0137032205,0.011473445,0.016689602,0.013701509,0.009494867,0.011167381,0.012778514,0.0111025255,0.010775159,0.011595208,0.010967172,0.011307308,0.011396041,0.010858588,0.010946362,0.009808055,0.010567505,0.010130964,0.5661082,0.011985074,0.011779592,0.011297258,0.012014782,0.010934963,0.016220212,0.014935579,0.014634412,0.015077986,0.05044639,0.010645761,0.012515453,0.010513379,0.0147511745,0.016313866,0.018758956,0.012430753,0.023023497,0.015455214,0.017159674,0.023428572,0.014416248,0.022324499,0.015458118,0.01715044
2613_B_006,BRC 2613 BRC 2509,Full ROI,,,HW0110125,2613_B 006,BRC 2613 BRC 2509,AD-CAA,Amyloid,Capillaries,0.037578743,0.05523948,0.021563327,0.029853828,0.06932634,0.023814801,0.014859116,0.016542494,0.019623235,0.017286805,0.016470836,0.015182626,0.018563917,0.015833423,0.015312596,0.018516464,0.017999424,0.01525895,0.016914176,0.0160589,1.7713336,0.016922323,0.016250761,0.01689579,0.016111339,0.0165251,0.026548158,0.020578127,0.02622511,0.014594906,0.08744853,0.017120011,0.014234623,0.01870699,0.011242004,0.013887319,0.019310577,0.013825891,0.026251959,0.0153538035,0.013706167,0.025558485,0.026822388,0.040416725,0.036611073,0.020247871
2613_C_001,BRC 2613 BRC 2509,Full ROI,,,HW0110125,2613_C,BRC 2613 BRC 2509,AD-CAA,Amyloid,Parenchyma,0.09336518,0.28869918,0.29612792,0.08241674,0.3840435,0.13503525,0.054509997,0.09720213,0.1544169,0.0634753,0.0620121,0.089181125,0.09720234,0.048971433,0.05910241,0.110057056,0.091451585,0.06596105,0.07048916,0.055101994,9.843242,0.08265443,0.066888876,0.1314472,0.058010776,0.064582355,0.14792919,0.07891002,0.1067861,0.3139642,1.4460511,0.109471664,0.14767589,0.10683329,0.60395277,0.6044759,0.49699512,0.14366637,0.78938603,0.6290233,5.4439745,0.41080996,0.13869905,0.14576001,0.19448403,0.4360182
2613_C_002,BRC 2613 BRC 2509,Full ROI,,,HW0110125,2613_C 002,BRC 2613 BRC 2509,AD-CAA,Amyloid,Parenchyma,0.056049902,0.14224419,0.15025122,0.06020448,0.18825532,0.056657583,0.034631625,0.039940257,0.053133003,0.036153827,0.033594064,0.043183357,0.03314996,0.025792237,0.028552877,0.036185898,0.031633213,0.030215187,0.029127084,0.037680138,5.1946383,0.045951713,0.051828243,0.037261624,0.03620761,0.04540654,0.12012022,0.099807136,0.077813335,0.33918214,0.20509088,0.046116024,0.082990594,0.043850575,0.58328307,0.21597031,0.20744696,0.13505898,0.37384093,0.5285951,0.72337145,0.12710664,0.071531914,0.09754328,0.0809459,0.10039957
2613_C_003,BRC 2613 BRC 2509,Full ROI,,,HW0110125,2613_C 003,BRC 2613 BRC 2509,AD-CAA,Amyloid,Parenchyma,0.028077692,0.028106103,0.043134745,0.04733645,0.03764291,0.08438365,0.06764151,0.12915513,0.19831067,0.076073155,0.107466966,0.10095039,0.18129988,0.089887865,0.071411416,0.22329359,0.19839852,0.09249696,0.114093766,0.0769962,9.323959,0.09093469,0.09612841,0.084795155,0.09607432,0.09979153,0.16320328,0.09108469,0.089076445,0.08376365,1.758659,0.056898147,0.07201661,0.06442276,0.0729574,0.053956874,0.079093,0.07820937,0.12760887,0.05965821,0.060546234,0.07862725,0.063517995,0.09027361,0.12603527,0.07861623
2613_C_004,BRC 2613 BRC 2509,Full ROI,,,HW0110125,2613_C 004,BRC 2613 BRC 2509,AD-CAA,Amyloid,Parenchyma,0.02758724,0.023930816,0.084653996,0.029559238,0.052553814,0.09320927,0.030426918,0.1210602,0.10245467,0.046606768,0.052604146,0.056507476,0.11279258,0.027331876,0.031276416,0.061436214,0.037622947,0.027033372,0.04150083,0.045297425,9.444081,0.05368516,0.072958164,0.04153581,0.07058428,0.04295685,0.39591095,0.091621086,0.07237721,0.7224302,1.2840112,0.11901784,0.16031203,0.107234396,1.1349387,0.10032736,0.14950173,0.13328527,0.5663565,0.19359906,0.33706608,0.083602265,0.04202838,0.0787947,0.10464113,0.20638563
2613_C_005,BRC 2613 BRC 2509,Full ROI,,,HW0110125,2613_C 005,BRC 2613 BRC 2509,AD-CAA,Amyloid,Parenchyma,0.12654299,0.5887109,0.124054246,0.2402912,0.22054558,0.078762904,0.14720672,0.16678342,0.13810347,0.18777376,0.20622616,0.21515673,0.12565821,0.27475974,0.2956685,0.12337139,0.17068191,0.11743825,0.18157837,0.10023433,10.86661,0.16582768,0.27423805,0.10663648,0.3283913,0.1985289,0.21393844,0.13981451,0.32744136,0.11331287,0.8076768,0.11014198,0.12938215,0.13278711,0.08742956,0.11215763,0.2326273,0.16922878,0.3751905,0.14694881,0.10854501,0.26139054,0.11326433,0.26735613,0.11336005,0.123373955
2613_C_006,BRC 2613 BRC 2509,Full ROI,,,HW0110125,2613_C 006,BRC 2613 BRC 2509,AD-CAA,Amyloid,Parenchyma,0.17765385,1.0107524,0.106700644,0.23849264,0.21549502,0.22296754,0.18155248,0.14581765,0.21734539,0.28170875,0.2009214,0.17984615,0.15433721,0.4886885,0.6262541,0.16958526,0.41882572,0.1710661,0.26293135,0.13286012,10.957335,0.115875065,0.10591397,0.08756808,0.10875768,0.13888608,0.11712083,0.091100566,0.1735991,0.08206281,1.0330044,0.08673847,0.091353275,0.10514981,0.0723715,0.06271926,0.13964917,0.11668722,0.18790591,0.066093,0.07347814,0.16345058,0.0931713,0.66658473,0.074917786,0.09663799
2613_C_007,BRC 2613 BRC 2509,Full ROI,,,HW0110125,2613_C 007,BRC 2613 BRC 2509,AD-CAA,Amyloid,Parenchyma,0.17085126,0.5099626,0.1320086,0.16313319,0.15006086,0.36451638,0.114716016,0.1613877,0.28192127,0.14432508,0.14452542,0.13949372,0.17462856,0.18382013,0.20407711,0.1973221,0.32988268,0.10263404,0.15776916,0.11323911,13.255367,0.14112453,0.25522226,0.14686416,0.19909002,0.17551467,0.29552567,0.411794,0.15368901,0.12398851,1.6182046,0.19806395,0.14158113,0.23562786,0.088064834,0.0923665,0.179474,0.10022362,0.3501205,0.10583468,0.13135819,0.16056925,0.09945169,0.28418663,0.085676625,0.10142108
2613_D_001,BRC 2613 BRC 2509,Full ROI,,,HW0110125,2613_D,BRC 2613 BRC 2509,AD-CAA,AmyloidFree,Arteries,0.22116165,0.24169777,0.13973218,0.29435065,0.111168504,0.2891073,0.30848712,0.17000167,0.31875432,0.1970097,0.3450852,0.33133054,0.14734201,0.54233813,0.3997542,0.2831511,0.4282789,0.14666359,0.55424935,0.35508478,12.161353,0.1169683,0.14133544,0.10400591,0.11673598,0.13746776,0.47535607,0.33598858,0.661799,0.16702974,1.1199104,0.13675147,0.151987,0.17764434,0.11288292,0.12089244,0.17339078,0.18684238,0.27190375,0.14219818,0.11451973,0.23057468,0.20161411,0.7617946,0.1487173,0.2503753
2613_D_002,BRC 2613 BRC 2509,Full ROI,,,HW0110125,2613_D 002,BRC 2613 BRC 2509,AD-CAA,AmyloidFree,Arteries,0.16733246,0.071000226,0.34662244,0.0801516,0.2640336,0.2872915,0.046399303,0.10368222,0.12360484,0.058789656,0.06736648,0.062492058,0.13176085,0.043748543,0.03732622,0.09098695,0.052292805,0.046205554,0.045935225,0.050977726,9.88996,0.2503676,0.08344972,0.13706957,0.075730175,0.085384525,0.40453893,0.20721745,0.10765228,1.392164,2.339157,0.08951821,0.16369413,0.14182542,1.1798298,0.24972853,0.49804956,0.18292059,0.24791253,0.507225,2.7157521,0.2169068,0.16758944,0.1443802,0.47986603,0.8636471
2613_D_003,BRC 2613 BRC 2509,Full ROI,,,HW0110125,2613_D 003,BRC 2613 BRC 2509,AD-CAA,AmyloidFree,Arteries,0.11772953,0.98130995,0.10868037,0.8017274,0.06386607,0.5483612,0.67136383,0.059028577,0.09768573,0.15481383,0.15795863,0.37372744,0.06719788,1.51913,0.85613704,0.084230825,0.31985295,0.27567875,0.16492622,0.51588815,11.149723,0.27713764,0.16096042,0.15268674,0.09033336,0.22069117,0.12282594,0.2829153,0.98493326,0.15386416,1.6539084,0.11283446,0.1560207,0.11856921,0.1677077,0.30905515,0.43850824,0.32978505,0.46351656,0.27265546,0.32320508,1.6367186,0.14586368,0.46018958,0.15509214,0.12775294
2613_D_004,BRC 2613 BRC 2509,Full ROI,,,HW0110125,2613_D 004,BRC 2613 BRC 2509,AD-CAA,AmyloidFree,Arteries,0.058390953,0.16036855,0.37931204,0.07598124,0.536001,0.46318737,0.04819995,0.18211904,0.123817265,0.075406626,0.06633403,0.082736984,0.17765114,0.04282232,0.049889624,0.106065385,0.06359682,0.050613172,0.051864054,0.046883952,19.221367,0.10298925,0.2907602,0.17560335,0.09155102,0.08335885,0.66487396,0.4445738,0.114133574,1.5611598,1.7632157,0.6051035,0.36767918,0.4659308,4.437762,0.7012792,0.7583003,0.23664674,0.6260771,0.8472732,13.36251,0.2707019,0.91274184,0.1280365,0.49607366,1.3637079
2613_D_005,BRC 2613 BRC 2509,Full ROI,,,HW0110125,2613_D 005,BRC 2613 BRC 2509,AD-CAA,AmyloidFree,Arteries,0.046612058,0.033600256,0.11314779,0.03767985,0.078420974,0.46807,0.032791767,0.076902635,0.14311449,0.045692585,0.050623443,0.04574063,0.07759961,0.029372271,0.030158028,0.08760316,0.045191053,0.035477232,0.035736226,0.039839473,10.425607,0.04336638,0.055876248,0.04329818,0.036558453,0.04106188,0.3424876,0.1361529,0.06664635,0.45555884,2.1219368,0.049662743,0.07610351,0.052537654,0.6228516,0.17706545,0.15305741,0.09613043,0.2882476,0.13368742,5.0183873,0.124351725,0.2657173,0.112840325,0.34069672,1.1528091
2613_F_001,BRC 2613 BRC 2509,Full ROI,,,HW0110125,2613_F,BRC 2613 BRC 2509,AD-CAA,AmyloidFree,Parenchyma,0.023894573,0.017343214,0.05971103,0.023836847,0.02868181,0.055158332,0.030807806,0.12678972,0.08393998,0.04848815,0.05576532,0.06308733,0.15167773,0.029431505,0.031586584,0.071640834,0.0445568,0.03698336,0.048080277,0.04714916,8.2096,0.075669155,0.067003876,0.048226986,0.086894885,0.06669514,0.0985886,0.107414484,0.069060676,0.3344701,1.8163793,0.04581048,0.07345887,0.04116744,1.436963,0.094865136,0.11721838,0.11555633,0.5155761,0.120273136,0.20141123,0.10467584,0.05505018,0.07781465,0.18423639,0.23672439
2613_F_002,BRC 2613 BRC 2509,Full ROI,,,HW0110125,2613_F 002,BRC 2613 BRC 2509,AD-CAA,AmyloidFree,Parenchyma,0.09402053,0.03901243,0.31555262,0.04178197,0.16304138,0.14321478,0.030759903,0.25503454,0.14426148,0.049940348,0.0527688,0.050089676,0.24822319,0.025747154,0.032815147,0.11247414,0.04559147,0.04483125,0.055660754,0.03930207,13.756097,0.06446575,0.11060058,0.08496277,0.11145217,0.07014782,0.45098954,0.07773397,0.08038517,0.85988843,2.4720397,0.19745405,0.2048173,0.2011993,3.1075869,0.084788665,0.10191073,0.12946482,0.31964988,0.13240029,0.25772095,0.1025159,0.05956357,0.06677477,0.1519025,0.1499431
2613_F_003,BRC 2613 BRC 2509,Full ROI,,,HW0110125,2613_F 003,BRC 2613 BRC 2509,AD-CAA,AmyloidFree,Parenchyma,0.063946426,0.04940464,0.17686388,0.061144046,0.1272719,0.17847842,0.06391936,0.12917925,0.16997871,0.094563246,0.1269414,0.08120316,0.10114478,0.04843105,0.055307914,0.13776965,0.07418285,0.06725265,0.062227145,0.06939542,10.2669,0.05303163,0.07577115,0.044758413,0.05656518,0.07440939,0.19600561,0.103964284,0.07646611,0.5327253,1.2951182,0.18804221,0.23030455,0.28097874,2.7495546,0.2640358,0.23580383,0.1710701,1.1346104,0.36414227,1.4259148,0.30621156,0.14422107,0.13178968,0.23798405,0.46622974
2495_A_001,BRC 2495 BRC 2052,Full ROI,,,HW0110125,2495_A,BRC 2495 BRC 2052,AD-CAA,Amyloid,Arteries,0.029255973,0.029113075,0.022098646,0.029761981,0.029359493,0.033949986,0.027185332,0.03442896,0.04051609,0.034326255,0.03265565,0.027207274,0.03869532,0.030276654,0.029176759,0.038076136,0.03568496,0.026667638,0.030398082,0.034090776,3.0030046,0.038880378,0.030797342,0.027364451,0.031092877,0.028395128,0.056946475,0.06178695,0.044633254,0.0248349,0.16926675,0.023839729,0.022735916,0.025671966,0.018808788,0.0188102,0.029451566,0.025474645,0.033808906,0.021410348,0.016245415,0.03339982,0.04239612,0.049398858,0.049726166,0.029639624
2495_B_001,BRC 2495 BRC 2052,Full ROI,,,HW0110125,2495_B,BRC 2495 BRC 2052,AD-CAA,Amyloid,Capillaries,0.014111832,0.012687417,0.013455392,0.01442148,0.012920829,0.021913806,0.015413249,0.019644847,0.020331249,0.018000582,0.018281147,0.015990183,0.019432668,0.017035605,0.0171217,0.018813174,0.018091572,0.016768893,0.017708037,0.015093552,0.90135163,0.020465618,0.018467618,0.018097483,0.0186491,0.01906849,0.023824427,0.018728225,0.019378323,0.015749523,0.07861794,0.017643962,0.0132825915,0.015549159,0.01258273,0.0155874565,0.018091917,0.012839886,0.026822759,0.0164573,0.015308164,0.025899136,0.023736004,0.027564066,0.029321529,0.022045612
2495_C_001,BRC 2495 BRC 2052,Full ROI,,,HW0110125,2495_C,BRC 2495 BRC 2052,AD-CAA,Amyloid,Parenchyma,0.9907301,1.3905222,0.17784105,1.8747399,0.22617379,0.31714746,0.79374665,0.09563733,0.5119185,0.22670269,0.29021248,0.44491762,0.14735271,2.0020604,0.7151326,0.406357,2.21987,0.20030385,0.18401007,0.23737897,20.468927,0.11950044,0.5104549,0.1252889,0.25841376,0.25230354,0.44021067,0.47481817,1.5819987,0.17868079,1.2526733,0.25897726,0.19318138,0.3608373,0.121402994,0.34737602,0.7667661,0.33232602,0.4508843,0.3209118,0.36553213,1.1380502,0.42267373,1.8717407,0.16355702,0.1538133
2495_C_002,BRC 2495 BRC 2052,Full ROI,,,HW0110125,2495_C 002,BRC 2495 BRC 2052,AD-CAA,Amyloid,Parenchyma,0.2897042,1.0127437,0.17393355,0.55306566,0.22359207,0.39591476,0.47215986,0.13452835,0.45209244,0.29655373,0.39393222,0.32925066,0.1974344,1.2444644,0.45388478,0.4247964,1.3047314,0.26467425,0.20297745,0.23964177,18.580404,0.2934958,0.469956,0.26193357,0.51216847,0.30547437,0.5241071,0.27951944,1.6126989,0.19844526,2.1811666,0.1359352,0.17421013,0.18959682,0.12585972,0.30878255,0.45593506,0.23398714,0.56925076,0.3048462,0.26478338,0.6087082,0.3763693,0.39536554,0.24821886,0.23849119
2495_C_003,BRC 2495 BRC 2052,Full ROI,,,HW0110125,2495_C 003,BRC 2495 BRC 2052,AD-CAA,Amyloid,Parenchyma,1.5472256,4.4935284,0.44767857,1.1071723,0.34491643,0.35591438,0.62765384,0.5039988,3.787475,0.6169242,1.0915667,1.2294909,0.60756445,1.9320418,1.0100619,1.0739691,3.3292983,0.31806076,0.36796016,0.4351465,64.18456,1.3081753,1.4445966,0.45104626,0.927743,1.2637862,2.4446287,3.2834036,2.6469908,0.64648503,3.7962449,0.39509425,0.44708806,0.47067747,0.3835528,0.67838603,1.471303,0.5881127,2.076004,0.5214994,0.62224984,1.4098768,0.8959826,1.7533981,1.6007869,0.8691041
2495_F_001,BRC 2495 BRC 2052,Full ROI,,,HW0110125,2495_F,BRC 2495 BRC 2052,AD-CAA,AmyloidFree,Parenchyma,0.017818436,0.018345822,0.020286571,0.020830084,0.026022948,0.036159042,0.018307745,0.023902886,0.025699273,0.022598146,0.022508826,0.019988215,0.022563824,0.020060042,0.019396378,0.02279867,0.020391498,0.02017325,0.01996473,0.020533489,1.8712912,0.020343913,0.022784369,0.021628445,0.021627795,0.020896524,0.033157457,0.032607794,0.031432122,0.021915112,0.1338452,0.020222161,0.01997591,0.021464383,0.018099416,0.016962491,0.028958209,0.018428417,0.030603223,0.020467917,0.022969233,0.03003251,0.030081943,0.0447248,0.040646754,0.027316567
