ROI_ID,Scan Name,Segment (Name/ Label),Segment Tags,Custom Segment Name,LOT_Human_NGS_Whole_Transcriptome_Atlas_RNA_1_0,GeoMx_ROI_ID,Scan_ID,disease_status,pathology,region,Astrocytes1,Astrocytes2,Astrocytes3,Astrocytes4,Astrocytes5,Endothelial,ExNeuron1,ExNeuron10,ExNeuron11,ExNeuron12,ExNeuron13,ExNeuron14,ExNeuron2,ExNeuron3,ExNeuron4,ExNeuron5,ExNeuron6,ExNeuron7,ExNeuron8,ExNeuron9,Fibroblast,InhNeuron1,InhNeuron2,InhNeuron3,InhNeuron4,InhNeuron5,Microglia1,Microglia2,Microglia3,Microglia4,Microglia5,OPC1,OPC2,OPC3,Oligodendrocytes1,Oligodendrocytes2,Oligodendrocytes3,Oligodendrocytes4,Oligodendrocytes5,Oligodendrocytes6,Oligodendrocytes7,Oligodendrocytes8,Pericytes,SMC,VLMC1,VLMC2
2534_A_001,BRC 2534 BRC 2732,Full ROI,,,HW0110125,2534_A,BRC 2534 BRC 2732,AD-CAA,Amyloid,Arteries,0.004795353,0.012434183,0.0047506588,0.0110778175,0.008416409,0.11856281,0.009125522,0.0035799607,0.005732467,0.0063191247,0.006247378,0.008336343,0.0038845008,0.018056743,0.013970396,0.0043435507,0.009815683,0.0065459977,0.0050323852,0.0052304505,0.45182925,0.0050268346,0.0050317803,0.005047122,0.005467936,0.0072364057,0.008042983,0.017555578,0.014586154,0.0052451724,0.027015315,0.004275902,0.0046947724,0.0041749044,0.0035534971,0.010830176,0.008327483,0.0077220895,0.010771529,0.007584154,0.005361885,0.013538306,0.014013376,0.065956496,0.010092666,0.010760455
2534_A_002,BRC 2534 BRC 2732,Full ROI,,,HW0110125,2534_A 002,BRC 2534 BRC 2732,AD-CAA,Amyloid,Arteries,0.007038727,0.008366901,0.005034529,0.008434983,0.012850778,0.006992527,0.004893612,0.006121007,0.006169914,0.0049985726,0.0052689305,0.004879648,0.005700087,0.0044464194,0.0047082193,0.005631973,0.005361775,0.0049828053,0.0045141946,0.0040129935,0.65021104,0.0072891926,0.0069105937,0.006296163,0.005387608,0.006813223,0.007393876,0.006552901,0.0095382305,0.0040970645,0.07948461,0.0058790157,0.004772846,0.007375882,0.0037296612,0.0036446275,0.008836727,0.0062804176,0.010481203,0.0045519057,0.004182615,0.0074740425,0.0036361122,0.010087124,0.004400296,0.004284391
2534_A_003,BRC 2534 BRC 2732,Full ROI,,,HW0110125,2534_A 003,BRC 2534 BRC 2732,AD-CAA,Amyloid,Arteries,0.006695307,0.0070123463,0.005413265,0.006166165,0.008010933,0.0059822053,0.0049022487,0.00709233,0.0065646027,0.0063556144,0.0064378497,0.0057834904,0.0066768634,0.005826747,0.0060596443,0.005736447,0.0058142296,0.005926867,0.005992895,0.0052894526,0.70000064,0.0061822957,0.005492662,0.0057165846,0.0061146533,0.0062797777,0.0071289763,0.0058976323,0.007763093,0.004491295,0.027751746,0.0052868123,0.0044936235,0.005123791,0.0036595508,0.003949348,0.006408743,0.005342963,0.008807213,0.0049281074,0.0037528768,0.008233405,0.008150694,0.009494062,0.009047457,0.0067625814
2534_A_004,BRC 2534 BRC 2732,Full ROI,,,HW0110125,2534_A 004,BRC 2534 BRC 2732,AD-CAA,Amyloid,Arteries,0.0061825714,0.010108313,0.0039270055,0.0063304366,0.006481029,0.01064423,0.003838163,0.004511294,0.0050789635,0.0042229,0.0040486236,0.0039525423,0.004593717,0.0038950024,0.0042544976,0.004088107,0.004148196,0.003903054,0.0038820673,0.0038051212,0.70408595,0.005616948,0.004623727,0.004904249,0.005329782,0.004946716,0.008958261,0.005586837,0.00904967,0.0035477844,0.053772822,0.005894762,0.004228301,0.0055665993,0.002575821,0.002866484,0.005125704,0.0048441463,0.0076714465,0.0034747561,0.0030199585,0.0064608087,0.009379806,0.012684431,0.008027237,0.00586101
2534_A_005,BRC 2534 BRC 2732,Full ROI,,,HW0110125,2534_A 005,BRC 2534 BRC 2732,AD-CAA,Amyloid,Arteries,0.0022690438,0.005276879,0.005588186,0.003754546,0.004279831,0.045397647,0.0032445346,0.004127275,0.0038880436,0.003134956,0.0035833353,0.003432243,0.0039808685,0.0021552946,0.0022885492,0.0030406592,0.0022373276,0.0021123409,0.0026187068,0.0037593506,0.51285815,0.0017704677,0.0019687582,0.0026657633,0.0016783207,0.0020833164,0.010748435,0.0041240337,0.010836553,0.011263916,0.09589877,0.003716333,0.0060226982,0.004028776,0.009906295,0.010176845,0.010899512,0.0122361975,0.011272039,0.041339245,0.011757116,0.010734406,0.020343153,0.00794902,0.06415766,0.009394567
2534_A_006,BRC 2534 BRC 2732,Full ROI,,,HW0110125,2534_A 006,BRC 2534 BRC 2732,AD-CAA,Amyloid,Arteries,0.0011919317,0.0016019495,0.0032353757,0.0023453145,0.001842867,0.06755505,0.0022193904,0.0041641886,0.0039690156,0.0020335817,0.002584474,0.0035088637,0.0035234438,0.001601441,0.0016578529,0.002382973,0.0017639344,0.0014086172,0.0018988632,0.002827036,0.47663364,0.0044092094,0.004563981,0.0028714952,0.0029162557,0.0027550221,0.018309131,0.0064451676,0.008521641,0.015851537,0.0954438,0.010466357,0.0077566933,0.012308835,0.013722876,0.004740781,0.010692821,0.017178196,0.036582287,0.011953255,0.012049474,0.008052398,0.033705313,0.015242959,0.039640397,0.013870353
2534_A_007,BRC 2534 BRC 2732,Full ROI,,,HW0110125,2534_A 007,BRC 2534 BRC 2732,AD-CAA,Amyloid,Arteries,0.0028408903,0.003990252,0.0040039,0.0030269786,0.003963267,0.08972019,0.00229397,0.004554546,0.002733813,0.0022755142,0.0036024412,0.0030377663,0.0025843896,0.0015516904,0.0014780582,0.002049901,0.0016601912,0.0016209173,0.0020089708,0.0027907502,0.445982,0.0023471967,0.0038553511,0.0018166137,0.0013023834,0.0027295488,0.024561334,0.011901767,0.0067237057,0.008464067,0.08800784,0.0040226732,0.004064787,0.003543194,0.0064353724,0.009484072,0.007659604,0.0069274153,0.006421419,0.017973047,0.009216185,0.012750224,0.086534426,0.0053106137,0.07331295,0.0068638376
2534_A_008,BRC 2534 BRC 2732,Full ROI,,,HW0110125,2534_A 008,BRC 2534 BRC 2732,AD-CAA,Amyloid,Arteries,0.0011465242,0.0010919796,0.0034159243,0.001937397,0.0021611403,0.03364085,0.0017595412,0.004941714,0.0046435487,0.001981882,0.0033747687,0.0026470148,0.0055418755,0.0010639443,0.0010510725,0.002775593,0.0012352992,0.0015769415,0.0013107744,0.003780326,0.49873206,0.005204828,0.0063966042,0.002698934,0.0020042448,0.0029160792,0.022254573,0.010202662,0.006638971,0.019252464,0.09844701,0.007189804,0.006883666,0.005819173,0.016816527,0.0028650498,0.011326786,0.021385442,0.06522627,0.018412499,0.010716239,0.016469907,0.02483521,0.014327084,0.006328376,0.015571423
2534_A_009,BRC 2534 BRC 2732,Full ROI,,,HW0110125,2534_A 009,BRC 2534 BRC 2732,AD-CAA,Amyloid,Arteries,0.000886293,0.0038715473,0.0012025238,0.00039600514,0.0008626763,0.27472374,0.00097465154,0.0011821751,0.0044196183,0.0025351616,0.0025848546,0.0009153173,0.0011108426,0.005075282,0.0029036826,0.0024227584,0.0043554036,0.0006674853,0.0010585829,0.0007516335,0.36752206,0.0015306242,0.0012134383,0.0011091373,0.0012480671,0.0012486754,0.050570518,0.009274775,0.0009202598,0.002019618,0.028336665,0.0016528432,0.00090231956,0.0014501492,0.0029544216,0.011169463,0.00044600325,0.00039891296,0.00048050986,0.00051943876,0.0015876952,0.0025161582,0.087886274,0.00079665054,0.067241535,0.042103585
2534_A_010,BRC 2534 BRC 2732,Full ROI,,,HW0110125,2534_A 010,BRC 2534 BRC 2732,AD-CAA,Amyloid,Arteries,0.0014604051,0.0016532941,0.0041013244,0.0027579847,0.0026319225,0.0045544063,0.0021067648,0.005230756,0.0023926415,0.002350978,0.002786282,0.0032976982,0.002734504,0.0014676364,0.001499093,0.0016295143,0.0012562057,0.0020107012,0.001444289,0.0028986658,0.4644946,0.00361917,0.006353172,0.0029974405,0.005869516,0.0035507253,0.022199322,0.005676415,0.008355162,0.028078534,0.08320026,0.009464333,0.010864094,0.0086148055,0.028714294,0.005092483,0.011710056,0.036841575,0.057629928,0.035967767,0.050372686,0.019461887,0.015021234,0.008554369,0.008307981,0.008723096
2534_B_001,BRC 2534 BRC 2732,Full ROI,,,HW0110125,2534_B,BRC 2534 BRC 2732,AD-CAA,Amyloid,Capillaries,0.01314449,0.07802262,0.0032491256,0.044129416,0.007300293,0.006038656,0.030598966,0.0024701955,0.0035749825,0.0075217304,0.00561373,0.0065979897,0.0024176138,0.14056103,0.104789525,0.0029802576,0.007965273,0.018622164,0.005243134,0.0060473825,0.35450858,0.0030879837,0.0036420247,0.0039554643,0.003189146,0.004818992,0.003656945,0.0044612414,0.00713485,0.0023583272,0.013795001,0.0017874545,0.0022884011,0.0017903856,0.0019105835,0.010999617,0.006685307,0.003342246,0.0058558206,0.004008047,0.0044847853,0.021340897,0.004364286,0.020991115,0.0044692284,0.0041846414
2534_C_001,BRC 2534 BRC 2732,Full ROI,,,HW0110125,2534_C,BRC 2534 BRC 2732,AD-CAA,Amyloid,Parenchyma,0.0042391284,0.0046442687,0.0073034726,0.0039946996,0.0070747645,0.032101255,0.0029927206,0.0021521768,0.0028027333,0.0026445386,0.0026473906,0.00383153,0.0019526621,0.002700272,0.002646487,0.0018993075,0.0022874838,0.0026584645,0.0019226959,0.002734279,0.32494244,0.002184278,0.0024757483,0.0026769666,0.0025413209,0.0028526417,0.015608797,0.02965406,0.008013408,0.022931011,0.0680335,0.0055009807,0.0049772784,0.005839056,0.037026953,0.16734743,0.014312873,0.007758083,0.007146936,0.055173475,0.07381057,0.01966071,0.0042849947,0.0065234387,0.006483082,0.0070096357
2534_C_002,BRC 2534 BRC 2732,Full ROI,,,HW0110125,2534_C 002,BRC 2534 BRC 2732,AD-CAA,Amyloid,Parenchyma,0.0073063266,0.051810313,0.0028373394,0.007201592,0.0059359674,0.02402185,0.026143653,0.00073939894,0.009767947,0.0039678076,0.003797526,0.005211676,0.00086776644,0.124359794,0.042275377,0.0029478562,0.019646669,0.012476377,0.0026527455,0.0035737283,0.35445446,0.0014400131,0.0032724508,0.0018990639,0.0026314089,0.0018687268,0.015734985,0.024327114,0.008776069,0.003267669,0.008854977,0.0013977196,0.0020447373,0.001938091,0.0034062855,0.14760628,0.0030143058,0.0015527206,0.002176188,0.0025524946,0.0069727204,0.02306856,0.0055580176,0.0075406753,0.0021633513,0.0049391603
2534_C_003,BRC 2534 BRC 2732,Full ROI,,,HW0110125,2534_C 003,BRC 2534 BRC 2732,AD-CAA,Amyloid,Parenchyma,0.01088819,0.03258554,0.0040404922,0.0064891065,0.003956961,0.013640544,0.035064436,0.0010613699,0.0059391037,0.0065393504,0.004388406,0.007440146,0.0012434341,0.13048312,0.041408867,0.004087397,0.016273592,0.041423406,0.0044301483,0.0046672844,0.36024272,0.0015609224,0.0037632152,0.0015296004,0.001929803,0.0028564825,0.004667271,0.0176462,0.0066086883,0.0041903136,0.012678082,0.0014591948,0.0024903042,0.0018375114,0.004975339,0.12055747,0.0057399482,0.002440101,0.0046287165,0.003954715,0.00887601,0.026655868,0.0041142604,0.0078016664,0.0039673583,0.0067773014
2534_C_004,BRC 2534 BRC 2732,Full ROI,,,HW0110125,2534_C 004,BRC 2534 BRC 2732,AD-CAA,Amyloid,Parenchyma,0.0035905233,0.019770706,0.0043697045,0.01821974,0.003822888,0.008369894,0.0213737,0.0020945396,0.0044899876,0.005965852,0.007269949,0.018013086,0.0018676373,0.08918453,0.04418696,0.0028066197,0.011769986,0.015285238,0.0043215333,0.0062966445,0.4044667,0.002846579,0.004977788,0.0034657528,0.0031331945,0.0060983635,0.0045196516,0.007881359,0.010026739,0.00591735,0.03266744,0.0030404082,0.005208472,0.0029196248,0.0062265787,0.07078739,0.020911241,0.0105064865,0.012077922,0.0112371035,0.015500823,0.034334,0.0037691724,0.0133580435,0.0039625685,0.007089472
2534_C_005,BRC 2534 BRC 2732,Full ROI,,,HW0110125,2534_C 005,BRC 2534 BRC 2732,AD-CAA,Amyloid,Parenchyma,0.0014076739,0.0015520676,0.0033924084,0.0031813718,0.002118933,0.011585827,0.0034056813,0.0040131793,0.0037324731,0.003323196,0.0029338263,0.0056810556,0.003309284,0.003009591,0.0035422996,0.002574748,0.0030234796,0.003962065,0.0023759936,0.0027736924,0.48691776,0.004067207,0.004140015,0.0056536435,0.0027074353,0.00918817,0.03585131,0.0056540202,0.010162134,0.034042347,0.086228445,0.0039053336,0.0058499263,0.004216942,0.030823879,0.009327376,0.018853454,0.032680914,0.02685119,0.034033988,0.02663667,0.022285951,0.0040761754,0.0098111145,0.0047236574,0.010412167
2534_C_006,BRC 2534 BRC 2732,Full ROI,,,HW0110125,2534_C 006,BRC 2534 BRC 2732,AD-CAA,Amyloid,Parenchyma,0.011875268,0.014116019,0.005501594,0.010561434,0.022053668,0.0077658356,0.0051001175,0.0074504022,0.005800402,0.005953576,0.0053866473,0.0047678393,0.006820541,0.00483573,0.005280451,0.0053714826,0.004687142,0.0045409948,0.0053019472,0.0047664274,0.5478383,0.004978663,0.004347674,0.0051906514,0.004538362,0.005165575,0.018624142,0.010561955,0.014471019,0.0046268413,0.13938558,0.0047337734,0.0043467046,0.005239797,0.002789781,0.004005357,0.007061157,0.0053192643,0.0074023404,0.005238779,0.0037726252,0.0064398497,0.007820503,0.014690293,0.008564826,0.004908576
2534_C_007,BRC 2534 BRC 2732,Full ROI,,,HW0110125,2534_C 007,BRC 2534 BRC 2732,AD-CAA,Amyloid,Parenchyma,0.008600522,0.008824421,0.0076946737,0.0085165175,0.010766095,0.013235203,0.0055383025,0.005316842,0.0063417754,0.0047367834,0.004820882,0.0062647383,0.0051438804,0.004476151,0.0047852104,0.0054166075,0.0052249297,0.005339189,0.004971887,0.005350373,0.5981974,0.0059691695,0.005412009,0.006000374,0.006022588,0.0051256446,0.005383651,0.005422014,0.009236706,0.006139669,0.08146345,0.0045641507,0.0054704896,0.0049016844,0.006359157,0.007779305,0.010784638,0.008438984,0.022782896,0.0069604656,0.006527759,0.013200619,0.008690857,0.010444461,0.009134918,0.0082218945
2534_C_008,BRC 2534 BRC 2732,Full ROI,,,HW0110125,2534_C 008,BRC 2534 BRC 2732,AD-CAA,Amyloid,Parenchyma,0.0022102376,0.0015248602,0.0052324133,0.0034768349,0.0038692025,0.003935193,0.003350032,0.00511524,0.0038480754,0.0028250336,0.0024880029,0.0045483494,0.0050913575,0.00218825,0.0026324752,0.0031093422,0.0022898193,0.0027529655,0.003141051,0.0037144662,0.50063646,0.002451911,0.0051162103,0.003149691,0.003816366,0.003823338,0.012069986,0.004348896,0.0099161435,0.017096033,0.08793207,0.006724492,0.0087708365,0.005814401,0.018437788,0.008559144,0.025756564,0.043874994,0.07829247,0.020398846,0.013469975,0.019873708,0.0027699017,0.010015822,0.01467458,0.004866143
2534_D_001,BRC 2534 BRC 2732,Full ROI,,,HW0110125,2534_D,BRC 2534 BRC 2732,AD-CAA,AmyloidFree,Arteries,0.001499374,0.0024857633,0.0052925246,0.0022690948,0.0028696,0.021931509,0.0017743768,0.013103922,0.0046808384,0.003014858,0.0021173754,0.0024257156,0.005087031,0.0011808033,0.0015257425,0.0020717788,0.0013069011,0.0010236698,0.00084532355,0.0017103672,0.452429,0.0022868635,0.009433249,0.0017537503,0.00192427,0.0023007412,0.020024693,0.0053190542,0.003985729,0.02458628,0.08328366,0.006604172,0.0073969383,0.007325177,0.025923945,0.018074505,0.013880517,0.018203106,0.02688578,0.07368178,0.04176075,0.012614222,0.01223171,0.008714927,0.029760031,0.011398446
2534_D_002,BRC 2534 BRC 2732,Full ROI,,,HW0110125,2534_D 002,BRC 2534 BRC 2732,AD-CAA,AmyloidFree,Arteries,0.0011967254,0.0010311485,0.0030922676,0.0021447747,0.0014664488,0.037579354,0.0015596837,0.008873652,0.0030263374,0.0019517216,0.0027406467,0.002698798,0.0067113577,0.0010510758,0.0011353923,0.0024691813,0.0013348826,0.0015870142,0.0015718143,0.002285933,0.47230333,0.0027138016,0.0034296964,0.0048688604,0.0016143683,0.002125253,0.011881533,0.008571918,0.004396709,0.03443694,0.08284938,0.010746409,0.00790613,0.005505863,0.018637475,0.0062399046,0.012003117,0.02690682,0.051980272,0.027359074,0.07799156,0.0057247025,0.005390089,0.0064009046,0.011928663,0.010579036
2534_D_003,BRC 2534 BRC 2732,Full ROI,,,HW0110125,2534_D 003,BRC 2534 BRC 2732,AD-CAA,AmyloidFree,Arteries,0.0014721482,0.0029446671,0.0035079857,0.0011181504,0.0037110976,0.16712686,0.0012285949,0.005675767,0.0062055807,0.0022592156,0.0021479044,0.0021752378,0.005999548,0.0013126459,0.0014271472,0.004127553,0.0027874245,0.0009009783,0.0009963961,0.0010516344,0.48054674,0.0035598816,0.002514759,0.0021356854,0.004298646,0.001686674,0.029134238,0.0047832844,0.001853365,0.0059537464,0.080977865,0.0092619825,0.003875822,0.004147054,0.010327808,0.0047519985,0.0014577174,0.0028006986,0.004220941,0.002128927,0.005201211,0.007327233,0.061703805,0.004042507,0.032095198,0.011035643
2534_D_004,BRC 2534 BRC 2732,Full ROI,,,HW0110125,2534_D 004,BRC 2534 BRC 2732,AD-CAA,AmyloidFree,Arteries,0.002043988,0.006013139,0.0063689016,0.0022708636,0.0043713464,0.06419502,0.0017833412,0.007179151,0.011460464,0.0024778787,0.0021685672,0.002940376,0.0048766206,0.0012735074,0.0016054255,0.0051137027,0.0027178517,0.00092657725,0.0012823972,0.0012696548,0.47606882,0.004872173,0.0026840237,0.00493136,0.0028649152,0.0018616808,0.024946082,0.007259482,0.0059167715,0.014038846,0.08922825,0.006150067,0.006581816,0.0065230317,0.01979735,0.016152807,0.0071669174,0.0074425396,0.0059346366,0.014606381,0.040139396,0.008662468,0.035271488,0.01002399,0.027065,0.021470908
2534_D_005,BRC 2534 BRC 2732,Full ROI,,,HW0110125,2534_D 005,BRC 2534 BRC 2732,AD-CAA,AmyloidFree,Arteries,0.0021422612,0.003644442,0.004795935,0.0042844987,0.0030031214,0.01261683,0.0035887389,0.002373826,0.003884748,0.002382499,0.0023996592,0.0036958568,0.002485915,0.0022051933,0.0022568968,0.0033278952,0.0032359536,0.0023880443,0.0021719488,0.0034983288,0.4517477,0.0033191575,0.004624001,0.0027344062,0.010292389,0.0028114298,0.008577511,0.012729609,0.0066304267,0.014507857,0.1259453,0.006042347,0.009153899,0.008435065,0.020174101,0.017861594,0.012938889,0.019344859,0.028834995,0.037339214,0.019082226,0.0153073305,0.01728314,0.023328243,0.030248009,0.02032372
2534_D_006,BRC 2534 BRC 2732,Full ROI,,,HW0110125,2534_D 006,BRC 2534 BRC 2732,AD-CAA,AmyloidFree,Arteries,0.0012934579,0.0019785974,0.0033768904,0.0018622973,0.0020317326,0.088826224,0.0028220192,0.004410037,0.0048307753,0.0033401332,0.0033448748,0.0036413795,0.0047905804,0.0022380275,0.0020678497,0.004848732,0.0025211861,0.0019571306,0.002290887,0.003159021,0.40101197,0.003570323,0.006815276,0.0020204799,0.0038206247,0.0026085612,0.021572448,0.02726321,0.0059123766,0.016990988,0.049274758,0.0033284712,0.0039726854,0.0034275667,0.05064913,0.047727354,0.0034467946,0.004814397,0.0066046594,0.015806569,0.10764115,0.028482633,0.014144677,0.0045285253,0.004262076,0.0146704735
2534_D_007,BRC 2534 BRC 2732,Full ROI,,,HW0110125,2534_D 007,BRC 2534 BRC 2732,AD-CAA,AmyloidFree,Arteries,0.0016016841,0.001418896,0.0059750387,0.002423236,0.007582431,0.0038691352,0.0018379999,0.0048725246,0.005847632,0.0027907975,0.0031127492,0.0031055291,0.006205042,0.0011878923,0.0011695329,0.0034433848,0.0013874024,0.0012881528,0.0019168739,0.0018913312,0.43408266,0.0035397757,0.0059284563,0.003750801,0.003824804,0.0042517213,0.008611208,0.013677714,0.008867826,0.042633492,0.057238337,0.01691103,0.0147025315,0.013079329,0.08456621,0.012028258,0.012419076,0.008923758,0.014832186,0.07706372,0.060053006,0.010591328,0.0022856507,0.004217848,0.006615945,0.012376136
2534_D_008,BRC 2534 BRC 2732,Full ROI,,,HW0110125,2534_D 008,BRC 2534 BRC 2732,AD-CAA,AmyloidFree,Arteries,0.0022498446,0.001979095,0.0038089668,0.004199751,0.0030550428,0.06343404,0.004964435,0.0036925932,0.0062407963,0.004934726,0.0035493693,0.0043647,0.003917066,0.0032875822,0.00406695,0.0053079333,0.0045879246,0.0046973755,0.003102165,0.004530081,0.49304008,0.0048866156,0.007882723,0.00507888,0.0042617847,0.005157822,0.01257149,0.017258042,0.0099951,0.009974884,0.10139646,0.007328674,0.0068848818,0.007521044,0.010773391,0.008589452,0.016086696,0.01917514,0.017836355,0.010609113,0.01076379,0.016435327,0.018966857,0.014642064,0.013058965,0.009853883
2534_E_001,BRC 2534 BRC 2732,Full ROI,,,HW0110125,2534_E,BRC 2534 BRC 2732,AD-CAA,AmyloidFree,Capillaries,0.02736824,0.07956228,0.0013203896,0.015904201,0.0038144107,0.025786208,0.07455298,0.00064942194,0.003540774,0.0056107747,0.0029310263,0.0026434727,0.00076014816,0.1659518,0.08128964,0.0021809635,0.016050015,0.024087867,0.0042065107,0.0021223568,0.37008137,0.002000342,0.0036505095,0.0016543743,0.0025713549,0.0020917084,0.0027793436,0.0069911005,0.0066004475,0.0012056646,0.011791959,0.00096121104,0.0010158056,0.001151182,0.0009792863,0.006488066,0.0027728397,0.0010538427,0.0017645238,0.0012403573,0.0025740382,0.018743962,0.002420651,0.0035790012,0.0014623837,0.0020411797
2534_E_002,BRC 2534 BRC 2732,Full ROI,,,HW0110125,2534_E 002,BRC 2534 BRC 2732,AD-CAA,AmyloidFree,Capillaries,0.0015543042,0.0010765416,0.0045708665,0.0023162372,0.0024524948,0.0018761415,0.001586775,0.003916733,0.0069666267,0.0017145119,0.001567742,0.002177554,0.005386103,0.00089617615,0.001115569,0.003458551,0.0015763617,0.0014392065,0.0014621911,0.0017213104,0.4645919,0.0038683251,0.004795657,0.008250104,0.003954848,0.0036901543,0.007084029,0.0071744667,0.0048610144,0.028708491,0.08023613,0.009755919,0.008686154,0.007082225,0.08104302,0.005666471,0.009770827,0.028953156,0.043833535,0.0810764,0.02018406,0.016481925,0.002668557,0.007612952,0.006709334,0.0044283364
2534_E_003,BRC 2534 BRC 2732,Full ROI,,,HW0110125,2534_E 003,BRC 2534 BRC 2732,AD-CAA,AmyloidFree,Capillaries,0.00090709876,0.00072902226,0.0031525902,0.002213191,0.0026136467,0.017372489,0.0016310508,0.007834557,0.007402399,0.0024970162,0.002287535,0.0034021826,0.008568881,0.0007936358,0.0010758874,0.004115426,0.0013126312,0.0012393906,0.0013674889,0.00250682,0.4919106,0.002543696,0.0067544105,0.0055650547,0.0028922171,0.0043329014,0.013930329,0.007903446,0.00918355,0.011228439,0.068282515,0.0055792704,0.006977332,0.0056266394,0.008766888,0.0025191384,0.013315221,0.10768129,0.050364193,0.057516564,0.007331836,0.0067843385,0.0037393048,0.013366492,0.010058549,0.0028227903
2534_E_004,BRC 2534 BRC 2732,Full ROI,,,HW0110125,2534_E 004,BRC 2534 BRC 2732,AD-CAA,AmyloidFree,Capillaries,0.0026055828,0.003202274,0.009787771,0.0024790806,0.0049571865,0.017529203,0.0022946026,0.0044950866,0.0041752555,0.0047521354,0.004796012,0.0047703143,0.005208546,0.0033404932,0.0041478476,0.0029171004,0.0030998746,0.0053914012,0.0023041666,0.0022567606,0.4143378,0.0042034853,0.005946792,0.002950547,0.002387166,0.0041707754,0.009843531,0.015960086,0.003829753,0.03373652,0.01980702,0.0032440503,0.0071053216,0.0043839207,0.086758435,0.04534787,0.006754703,0.008277596,0.008869152,0.0196908,0.14427201,0.020613816,0.005557937,0.0049762763,0.0072076195,0.015256272
2534_F_001,BRC 2534 BRC 2732,Full ROI,,,HW0110125,2534_F,BRC 2534 BRC 2732,AD-CAA,AmyloidFree,Parenchyma,0.0017037273,0.0017447831,0.0071099764,0.00199378,0.005436592,0.0031967524,0.0014708535,0.00923324,0.0042642374,0.0018288143,0.0032682994,0.0031027829,0.006679236,0.0008867312,0.00092516345,0.0033742327,0.0013974167,0.0012249984,0.0012812155,0.0027694402,0.47396505,0.007558042,0.0040246258,0.0044059567,0.0025494,0.004381472,0.015705734,0.0047037723,0.0059935083,0.039249178,0.084945545,0.0061568823,0.008841167,0.0061593647,0.06394285,0.0067244032,0.027314309,0.019108733,0.026999574,0.059714664,0.02427965,0.010670788,0.004234726,0.0063646687,0.011701571,0.0074120346
2534_F_002,BRC 2534 BRC 2732,Full ROI,,,HW0110125,2534_F 002,BRC 2534 BRC 2732,AD-CAA,AmyloidFree,Parenchyma,0.0013318287,0.0015413817,0.003164653,0.0024559768,0.001980349,0.0064683203,0.0041072504,0.0034164744,0.008037939,0.0034156556,0.005525066,0.006796368,0.0031993007,0.0038356928,0.00352475,0.004674607,0.0036663697,0.0031623885,0.002531511,0.003722398,0.41768652,0.0032543535,0.0043486157,0.0035960395,0.0035936586,0.005167895,0.0081607755,0.008868455,0.005346282,0.024669133,0.08063939,0.0058858898,0.0068374486,0.0060298904,0.09453814,0.023103194,0.0106755,0.015693052,0.010959179,0.056402836,0.07562719,0.02141846,0.0058640502,0.010240706,0.0035838566,0.011251199
2534_F_003,BRC 2534 BRC 2732,Full ROI,,,HW0110125,2534_F 003,BRC 2534 BRC 2732,AD-CAA,AmyloidFree,Parenchyma,0.0024937,0.0042941296,0.0073512597,0.0030412,0.014907256,0.007089336,0.0025092873,0.01015364,0.0037317516,0.0045594387,0.0073969373,0.006588441,0.0030114232,0.005452728,0.0059745936,0.0023130223,0.0039282017,0.0017863982,0.0017270861,0.0028850967,0.40664595,0.0024584185,0.00328357,0.0024848427,0.0037404909,0.0066298186,0.020510184,0.02301678,0.004210616,0.020107247,0.04897182,0.0057923174,0.0077497624,0.0050872695,0.042000085,0.047326382,0.008602969,0.006193217,0.006469706,0.022322373,0.15042605,0.024184361,0.006365135,0.0051467195,0.0044674687,0.014611577
2534_F_004,BRC 2534 BRC 2732,Full ROI,,,HW0110125,2534_F 004,BRC 2534 BRC 2732,AD-CAA,AmyloidFree,Parenchyma,0.0016242099,0.0015202145,0.0030671572,0.0035249703,0.0016761485,0.0042073666,0.0028128684,0.0038384092,0.0035879998,0.0025743535,0.002516548,0.0035551623,0.0037913686,0.0015325475,0.0018872449,0.0036370875,0.0024362397,0.0021492427,0.0018507659,0.0029927741,0.47197196,0.0022679921,0.006924275,0.0029912218,0.0032643299,0.003297934,0.03326563,0.02128746,0.0098724775,0.023463782,0.08696329,0.0053689503,0.007100898,0.0059331153,0.014686361,0.006565755,0.025652079,0.046422653,0.0558061,0.05303784,0.011934318,0.007260277,0.014422524,0.0141808055,0.0066707665,0.0046045803
2534_F_005,BRC 2534 BRC 2732,Full ROI,,,HW0110125,2534_F 005,BRC 2534 BRC 2732,AD-CAA,AmyloidFree,Parenchyma,0.0027999901,0.0011792792,0.009315661,0.0023782987,0.012516335,0.0022195827,0.0018084837,0.009718308,0.0048630424,0.0019062983,0.0033209573,0.0033724175,0.008079858,0.0012342685,0.0013420082,0.0036695867,0.0019610089,0.0010791504,0.0013361803,0.0023514556,0.45706058,0.0015416857,0.0045011095,0.0020482102,0.002788813,0.002503292,0.025655057,0.008271513,0.0045777606,0.025177965,0.08491365,0.017230311,0.008703033,0.0068603624,0.08410278,0.0076593007,0.01114046,0.015349542,0.020492306,0.061449043,0.028379578,0.02033514,0.004782909,0.0054664593,0.0057011065,0.0068558715
2534_F_006,BRC 2534 BRC 2732,Full ROI,,,HW0110125,2534_F 006,BRC 2534 BRC 2732,AD-CAA,AmyloidFree,Parenchyma,0.0046278522,0.0117874965,0.0072114575,0.0043443595,0.00612639,0.006557345,0.006225762,0.0023850533,0.0055787866,0.0093826605,0.011768668,0.007143036,0.0018731597,0.019252142,0.01577568,0.0032302581,0.005933111,0.012883209,0.003031704,0.002659603,0.34487128,0.0025358459,0.0054140035,0.003831234,0.0028879708,0.005890058,0.019047474,0.01932244,0.005243255,0.017915597,0.012859951,0.0025010076,0.0039810413,0.0032497155,0.033455435,0.1634846,0.00515175,0.00392794,0.0039643412,0.009547635,0.12491713,0.03614365,0.0035099094,0.0038019293,0.0061329813,0.008634087
2534_F_007,BRC 2534 BRC 2732,Full ROI,,,HW0110125,2534_F 007,BRC 2534 BRC 2732,AD-CAA,AmyloidFree,Parenchyma,0.0019426567,0.0014997106,0.0040829955,0.0033649597,0.0026791128,0.0136489915,0.0025419786,0.0032251368,0.0034701652,0.0023325856,0.0023878058,0.00380007,0.0031034295,0.0016316001,0.0019218706,0.0025189577,0.0020677007,0.001894987,0.0017662123,0.0023708192,0.50495076,0.003524338,0.00623559,0.004811601,0.003096187,0.0032345145,0.02241144,0.0061923014,0.0088346815,0.0201605,0.11497539,0.012488731,0.010022216,0.010373693,0.037813827,0.00714961,0.01080519,0.026608793,0.029172832,0.026875578,0.013115252,0.017145712,0.012899477,0.010819014,0.0054423404,0.008588673
2845_A_001,BRC 2845 BRC 2497,Full ROI,,,HW0110125,2845_A,BRC 2845 BRC 2497,AD-CAA,Amyloid,Arteries,0.044214364,0.09094621,0.0084775025,0.014407783,0.029165905,0.028430823,0.0041800765,0.00350655,0.0053522186,0.0039401744,0.004352828,0.0052036145,0.0033231145,0.004802525,0.0047235284,0.0036507866,0.0044209943,0.0034421328,0.0033504784,0.003955608,0.48511866,0.0036587648,0.0044747707,0.004220222,0.004330602,0.0044258814,0.01769498,0.018948229,0.013252018,0.0061629354,0.026118485,0.0058690743,0.0056004715,0.005958698,0.004472279,0.007736755,0.0074476255,0.0055676834,0.009589848,0.007724708,0.005499002,0.013578337,0.016375145,0.022168305,0.009976363,0.01018295
2845_A_002,BRC 2845 BRC 2497,Full ROI,,,HW0110125,2845_A 002,BRC 2845 BRC 2497,AD-CAA,Amyloid,Arteries,0.013799619,0.025351048,0.0022848356,0.007542054,0.0037910668,0.018269898,0.005902177,0.004166413,0.0026225552,0.016390514,0.0075838263,0.004300493,0.0024463371,0.10969518,0.16502705,0.0021633713,0.0041206884,0.003986965,0.0029106915,0.002761926,0.48115507,0.005489097,0.0046505346,0.0035866238,0.0057879197,0.0057923016,0.003883549,0.004521009,0.007347722,0.0015999051,0.017788336,0.0019353312,0.0017767047,0.0019004296,0.0013820411,0.0018773559,0.0026126117,0.002320042,0.0041679926,0.00144958,0.0015198928,0.00451289,0.008827099,0.012268604,0.0038865872,0.0028440242
2845_A_003,BRC 2845 BRC 2497,Full ROI,,,HW0110125,2845_A 003,BRC 2845 BRC 2497,AD-CAA,Amyloid,Arteries,0.017243367,0.019412385,0.0029454303,0.017567497,0.0046138763,0.005566516,0.01593724,0.0037255653,0.013048248,0.005989969,0.00799913,0.0062228567,0.006084449,0.07427774,0.017642489,0.010054127,0.08692607,0.0045164707,0.009621914,0.006655132,0.47829533,0.0075482237,0.0052080536,0.006416321,0.0074393046,0.005697237,0.008253735,0.00803427,0.016363898,0.0023503702,0.035623323,0.005087902,0.0031263742,0.005299042,0.0017315709,0.002993512,0.004641834,0.003409313,0.005337103,0.002439824,0.0021192702,0.009654672,0.010894647,0.015577632,0.006879786,0.003527003
2845_A_004,BRC 2845 BRC 2497,Full ROI,,,HW0110125,2845_A 004,BRC 2845 BRC 2497,AD-CAA,Amyloid,Arteries,0.0059786965,0.014616695,0.001880651,0.009364803,0.007269211,0.014094034,0.008615312,0.0026361502,0.014664149,0.0062327357,0.006253288,0.0053822557,0.0039895717,0.08612593,0.0352923,0.007815594,0.10337296,0.0050563817,0.004958064,0.0041821417,0.5089284,0.0068269796,0.008328421,0.0047972025,0.005845219,0.0069078435,0.0059395866,0.0068189907,0.0118621215,0.0014604683,0.026170973,0.0034527383,0.002219741,0.003327613,0.00097103807,0.001493375,0.002248243,0.0027661277,0.0037764816,0.0012869928,0.0009445313,0.005139953,0.013329049,0.010637458,0.0041296133,0.002609912
2845_A_005,BRC 2845 BRC 2497,Full ROI,,,HW0110125,2845_A 005,BRC 2845 BRC 2497,AD-CAA,Amyloid,Arteries,0.013441308,0.063199855,0.0032335874,0.008553396,0.005238027,0.017764736,0.0072022122,0.00283063,0.014298456,0.0046662614,0.0070479745,0.0050840573,0.003972803,0.04793178,0.010018875,0.009353225,0.07388557,0.0040126154,0.0039569815,0.0032416338,0.4567644,0.0055185435,0.007338805,0.0022846437,0.009706027,0.0055488716,0.011828356,0.013400185,0.011612586,0.0022690264,0.04196424,0.004004416,0.0025406121,0.0046795355,0.0022101738,0.002996456,0.0031117226,0.0027183571,0.0042809993,0.0018127856,0.002229321,0.0067852642,0.061420634,0.011320571,0.008391636,0.004327767
2845_A_006,BRC 2845 BRC 2497,Full ROI,,,HW0110125,2845_A 006,BRC 2845 BRC 2497,AD-CAA,Amyloid,Arteries,0.018132703,0.031522747,0.0024154743,0.01042039,0.0026505385,0.019460436,0.010042943,0.0029597352,0.0066996105,0.0061457087,0.005312403,0.006257446,0.004737411,0.08510282,0.031887043,0.008941819,0.03809341,0.0032178056,0.0047192043,0.0047070277,0.48122635,0.031018313,0.04152447,0.0050678994,0.0049847793,0.013336879,0.005084133,0.007368357,0.010405855,0.0021170883,0.017104229,0.0045128074,0.002634562,0.0049265935,0.0015342911,0.0031904106,0.0037290256,0.0027096723,0.0044381446,0.0018645786,0.0017075458,0.009055767,0.007256528,0.017005596,0.008574926,0.004194481
2845_A_007,BRC 2845 BRC 2497,Full ROI,,,HW0110125,2845_A 007,BRC 2845 BRC 2497,AD-CAA,Amyloid,Arteries,0.004241184,0.031261772,0.002689351,0.004937181,0.0015898175,0.03673486,0.04167627,0.0014460506,0.0042033424,0.0058427826,0.0040246355,0.005738421,0.0016672321,0.12848814,0.10377949,0.0029433528,0.02084639,0.008907961,0.011355953,0.017537719,0.41612136,0.005343995,0.003382228,0.0064838273,0.0023902163,0.00718908,0.0038956248,0.002505221,0.0046011596,0.0022772818,0.019441761,0.0025865517,0.0024717874,0.0016123721,0.0034248312,0.0074765435,0.0026183794,0.003314218,0.0028197875,0.0018999039,0.0023430309,0.010565179,0.016005727,0.0103009315,0.0127076525,0.0063095167
2845_A_008,BRC 2845 BRC 2497,Full ROI,,,HW0110125,2845_A 008,BRC 2845 BRC 2497,AD-CAA,Amyloid,Arteries,0.008770506,0.02205162,0.001679665,0.008316829,0.0031444312,0.006087574,0.0055715647,0.0032104892,0.018824462,0.005143037,0.006104077,0.003725041,0.0035703073,0.029340122,0.008909257,0.017479138,0.16997032,0.002997602,0.0053212293,0.00837861,0.49602053,0.004671956,0.010382664,0.004129927,0.005517074,0.004345449,0.004010345,0.002890354,0.008356149,0.0011797019,0.068584554,0.002235244,0.0015069698,0.003544789,0.0008735077,0.0011230968,0.0023891113,0.0016142408,0.0034053437,0.0011282631,0.0010823908,0.002858543,0.012733718,0.010259427,0.0043777456,0.0021831344
2845_A_009,BRC 2845 BRC 2497,Full ROI,,,HW0110125,2845_A 009,BRC 2845 BRC 2497,AD-CAA,Amyloid,Arteries,0.012193782,0.017368546,0.0026910317,0.010922123,0.005409815,0.0756748,0.005252351,0.004287593,0.009702581,0.0054003424,0.005670706,0.0045119924,0.005521926,0.005386065,0.0051287236,0.0101498505,0.008742472,0.0038348231,0.0041943886,0.00616219,0.48137614,0.009363166,0.034638863,0.02113261,0.013712049,0.00726014,0.005460498,0.00614988,0.008176818,0.0024089152,0.089390375,0.0054199975,0.0030276119,0.0067625414,0.0016314937,0.002159455,0.00402473,0.002506504,0.004641342,0.0026844798,0.0018525206,0.0059159645,0.031301465,0.02587032,0.010983508,0.0039424826
2845_A_010,BRC 2845 BRC 2497,Full ROI,,,HW0110125,2845_A1,BRC 2845 BRC 2497,AD-CAA,Amyloid,Arteries,0.0056403857,0.010487387,0.005373603,0.0026298794,0.00529982,0.12989065,0.0037266074,0.010355177,0.0046228133,0.008400499,0.005272625,0.0046940194,0.012369446,0.014861242,0.0315077,0.006186666,0.014426532,0.0029672645,0.0043222476,0.001954642,0.41627914,0.01734158,0.0037978846,0.0050904523,0.004653001,0.007576972,0.0023105317,0.001966503,0.0020527754,0.0027093042,0.014591914,0.0051546674,0.0040351176,0.004132762,0.005726615,0.010384128,0.0024539197,0.0022914947,0.0026476085,0.0022704608,0.0040213675,0.008015925,0.14840376,0.0068950495,0.0045213085,0.025686473
2845_A_011,BRC 2845 BRC 2497,Full ROI,,,HW0110125,2845_A2,BRC 2845 BRC 2497,AD-CAA,Amyloid,Arteries,0.01871394,0.014958276,0.0029503794,0.01036544,0.006753606,0.028888438,0.0072433646,0.0038190924,0.015377999,0.011710919,0.010278513,0.0056498977,0.0049772034,0.029343966,0.014778685,0.01767176,0.076366134,0.0027020015,0.0042712814,0.006101447,0.4996085,0.0072207768,0.008459103,0.0037671993,0.005297973,0.0058055096,0.0044626365,0.0038177907,0.007058684,0.0018372356,0.02026881,0.0018267573,0.0019282005,0.0022909055,0.0016465996,0.0022067318,0.0038975717,0.0030918948,0.0037566193,0.0020678258,0.0018848612,0.0059986445,0.08310333,0.015739175,0.006723186,0.0033110392
2845_A_012,BRC 2845 BRC 2497,Full ROI,,,HW0110125,2845_A3,BRC 2845 BRC 2497,AD-CAA,Amyloid,Arteries,0.0053583784,0.00756446,0.0049242787,0.005839116,0.008204149,0.013231027,0.0042099226,0.0059773554,0.007217355,0.0055120834,0.0055421437,0.0056589795,0.0059385537,0.004958794,0.004965918,0.0053281025,0.0053884513,0.004857804,0.0049568103,0.005402071,0.6460994,0.0064469455,0.007647872,0.0056046443,0.0082520405,0.005775606,0.011004974,0.009767952,0.009387695,0.0049683154,0.049872905,0.0066021304,0.005037902,0.006893096,0.0034445247,0.0039502485,0.00679317,0.0049276375,0.009795382,0.0046272003,0.004255161,0.008499063,0.013594091,0.014482438,0.013124871,0.008109028
2845_B_001,BRC 2845 BRC 2497,Full ROI,,,HW0110125,2845_B,BRC 2845 BRC 2497,AD-CAA,Amyloid,Capillaries,0.051743902,0.022956925,0.024591597,0.008383025,0.021769946,0.0039331745,0.0062618777,0.006706438,0.004387492,0.009487536,0.007013333,0.010615198,0.004846338,0.009259704,0.016349735,0.00507065,0.008188733,0.031078521,0.005319929,0.00324863,0.37425402,0.006430391,0.004947977,0.021636367,0.004098745,0.0066007823,0.003547859,0.0043784548,0.003554059,0.008555055,0.016244285,0.0051994594,0.007847537,0.0043088114,0.02473587,0.10742515,0.0070092552,0.0071240854,0.010536942,0.01784521,0.016071556,0.039843276,0.0054506836,0.008585438,0.0064422474,0.016113913
2845_B_002,BRC 2845 BRC 2497,Full ROI,,,HW0110125,2845_B 002,BRC 2845 BRC 2497,AD-CAA,Amyloid,Capillaries,0.02682348,0.08658312,0.0029237054,0.018213226,0.0030345242,0.007869654,0.007076511,0.003591856,0.0025955944,0.0117432205,0.0066845156,0.005169513,0.002265685,0.14055903,0.17133135,0.0021087143,0.0033085844,0.004049047,0.002745994,0.002873146,0.3721465,0.0059783375,0.003869786,0.0034303365,0.0033959108,0.0068315496,0.004119831,0.0048209694,0.007727358,0.0021975723,0.008932521,0.0022172474,0.0021896178,0.002189849,0.0019121782,0.0032061029,0.0031070525,0.0025368358,0.004103367,0.0023729734,0.0023735012,0.014855766,0.004703359,0.012586453,0.0034113922,0.0032331513
2845_B_003,BRC 2845 BRC 2497,Full ROI,,,HW0110125,2845_B1,BRC 2845 BRC 2497,AD-CAA,Amyloid,Capillaries,0.0100769205,0.011548041,0.0040021576,0.0081430115,0.006482146,0.008911721,0.008224762,0.0061737024,0.029314082,0.007253222,0.010922057,0.008239962,0.00871485,0.018397499,0.009989604,0.02184081,0.07085901,0.007171171,0.009619579,0.010929397,0.5110613,0.007997076,0.010994537,0.0063347346,0.009523946,0.006981846,0.006260507,0.0050716805,0.007901681,0.0029307124,0.03479016,0.0040483274,0.003515156,0.0050047315,0.002354796,0.0030621071,0.0043737697,0.0035265756,0.008278153,0.0028440503,0.0021662728,0.007895049,0.028648995,0.01678143,0.014827788,0.0060108607
2845_B_004,BRC 2845 BRC 2497,Full ROI,,,HW0110125,2845_B2,BRC 2845 BRC 2497,AD-CAA,Amyloid,Capillaries,0.0048010866,0.0068724845,0.0050876387,0.0047086384,0.006541399,0.022221534,0.0033951523,0.004842782,0.005708794,0.004077965,0.0044509866,0.0046635866,0.0048155845,0.0037610435,0.0036347425,0.0048216637,0.004162518,0.003950756,0.004057202,0.004297924,0.6928567,0.005217052,0.004806344,0.0046834494,0.005498319,0.004599563,0.00554579,0.005387356,0.005117517,0.005722206,0.03121018,0.0049916236,0.0045544645,0.0057197344,0.0047563617,0.003945481,0.0057671447,0.0046829777,0.009148559,0.004572508,0.004222757,0.008354627,0.016306615,0.010823642,0.02003221,0.010603246
2845_B_005,BRC 2845 BRC 2497,Full ROI,,,HW0110125,2845_B3,BRC 2845 BRC 2497,AD-CAA,Amyloid,Capillaries,0.024955949,0.015199429,0.018736422,0.017511664,0.014439515,0.0051572192,0.013789263,0.0047640554,0.01181173,0.009436665,0.008413178,0.013563971,0.005987887,0.021441722,0.02024675,0.008029524,0.014863111,0.014121758,0.008731097,0.011213635,0.33308777,0.0037431454,0.0045194,0.0054546036,0.0062608737,0.006404539,0.011106254,0.006530607,0.008574813,0.014718064,0.037343763,0.0040299827,0.007887457,0.0042411014,0.015113365,0.08287315,0.02169495,0.01192709,0.030752147,0.019487796,0.027055439,0.0381604,0.003750084,0.01520358,0.0068168337,0.010848315
2845_C_001,BRC 2845 BRC 2497,Full ROI,,,HW0110125,2845_C,BRC 2845 BRC 2497,AD-CAA,Amyloid,Parenchyma,0.043264206,0.027833724,0.0034897926,0.018293487,0.00319139,0.009353848,0.010223167,0.0032716347,0.003435859,0.0080000125,0.0063962745,0.008305566,0.004027207,0.20127591,0.05918302,0.0030873395,0.0061230045,0.0033690482,0.0035591316,0.0037470139,0.4184732,0.008630793,0.0037349407,0.0043218457,0.0040222956,0.008767703,0.0033360308,0.003980442,0.005091214,0.0025600917,0.010508741,0.0071425564,0.0043746745,0.0059159235,0.0026046496,0.0046313074,0.006439978,0.004046991,0.006357196,0.0029116469,0.0028587342,0.011231751,0.0080149835,0.0217664,0.004694442,0.004150803
2845_C_002,BRC 2845 BRC 2497,Full ROI,,,HW0110125,2845_C 002,BRC 2845 BRC 2497,AD-CAA,Amyloid,Parenchyma,0.03133292,0.029925764,0.008806886,0.008309916,0.019283693,0.0014479108,0.020658601,0.002337284,0.0067050685,0.012829495,0.009030299,0.01398446,0.00198171,0.0611799,0.043307897,0.0042547006,0.011851088,0.039802544,0.0068187336,0.007261465,0.3306801,0.0039841286,0.005418956,0.004214403,0.0077232,0.00430486,0.003493679,0.0096353255,0.0035983936,0.004688412,0.016208464,0.0032695776,0.004184246,0.0024417448,0.010205326,0.1903952,0.0034365628,0.0030558596,0.0038015249,0.00455442,0.0045716213,0.028370019,0.0009857513,0.0017651429,0.0017399851,0.002162692
2845_C_003,BRC 2845 BRC 2497,Full ROI,,,HW0110125,2845_C 003,BRC 2845 BRC 2497,AD-CAA,Amyloid,Parenchyma,0.046020485,0.033669967,0.011820766,0.01687185,0.006843533,0.006784627,0.023147056,0.0031530932,0.0038737308,0.012106303,0.0049221744,0.014635567,0.0036980629,0.05588653,0.055282652,0.003237249,0.014986638,0.013251116,0.01013339,0.0053851493,0.39693615,0.011360211,0.007372145,0.0061374498,0.006713975,0.0046963803,0.005781345,0.0087981075,0.006210567,0.007117542,0.022785474,0.0043688617,0.0072932458,0.0042984756,0.015262078,0.036771156,0.0072019906,0.0053933193,0.010812809,0.009964972,0.011165948,0.029772403,0.007127838,0.006350047,0.004068685,0.010528863
2845_C_004,BRC 2845 BRC 2497,Full ROI,,,HW0110125,2845_C 004,BRC 2845 BRC 2497,AD-CAA,Amyloid,Parenchyma,0.0076431967,0.021382,0.013185763,0.0066679944,0.01107049,0.0047465134,0.009333898,0.005187208,0.010156717,0.0076502124,0.010025631,0.017651146,0.0044186367,0.040805344,0.028363546,0.0059371428,0.023639528,0.024651503,0.010739293,0.004911891,0.37861332,0.0053239805,0.0051843086,0.0047752853,0.006398683,0.0068928725,0.005763569,0.031428557,0.0040888702,0.019665366,0.024538094,0.002028621,0.004842952,0.0017161061,0.023878444,0.084382035,0.0068392404,0.007053849,0.012356875,0.0146308085,0.013734388,0.037044488,0.0045401915,0.0057150987,0.0044280244,0.015968267
2845_C_005,BRC 2845 BRC 2497,Full ROI,,,HW0110125,2845_C 005,BRC 2845 BRC 2497,AD-CAA,Amyloid,Parenchyma,0.016434494,0.009089546,0.01349124,0.005978317,0.069841936,0.0054550683,0.0075146914,0.0059495615,0.005284216,0.0086092,0.005092158,0.005690608,0.0070095267,0.008288433,0.011692148,0.0060382606,0.01882797,0.012543293,0.008316996,0.006127871,0.35490093,0.0030421931,0.0039977236,0.00268168,0.004501781,0.0031186654,0.0030434271,0.0037903297,0.0034381177,0.0062506148,0.030080989,0.0030535015,0.004934645,0.0021656014,0.016663259,0.23997611,0.005162218,0.0050360365,0.0052265045,0.010710067,0.017052358,0.012979028,0.002098838,0.0053007468,0.006219639,0.007299504
2845_C_006,BRC 2845 BRC 2497,Full ROI,,,HW0110125,2845_C 006,BRC 2845 BRC 2497,AD-CAA,Amyloid,Parenchyma,0.0028900944,0.024515495,0.0026576787,0.007820571,0.001905108,0.0012433048,0.15647882,0.0011619893,0.0033862856,0.0060764733,0.004884597,0.009699404,0.0013136513,0.12797594,0.056805667,0.0029853648,0.021816846,0.008417774,0.021474263,0.008257359,0.35041556,0.003232642,0.003614933,0.0022262158,0.004098946,0.0029616635,0.0018184962,0.0033919357,0.0027018664,0.002662086,0.012147799,0.0017468825,0.0028554928,0.0020597356,0.005310949,0.07096618,0.004899881,0.0040803626,0.004845861,0.0051204767,0.005063285,0.01935602,0.002165873,0.0046213986,0.0020931186,0.0037756648
2845_C_007,BRC 2845 BRC 2497,Full ROI,,,HW0110125,2845_C 007,BRC 2845 BRC 2497,AD-CAA,Amyloid,Parenchyma,0.0068676844,0.03166855,0.0035652784,0.005272233,0.0015314689,0.0011280786,0.025091685,0.00087913725,0.004609263,0.0048226905,0.0039161374,0.008662292,0.0011507957,0.13616362,0.12293078,0.002489079,0.017382057,0.010905283,0.006535313,0.06257646,0.4074493,0.002584688,0.0039812042,0.005354095,0.0055282614,0.0027775515,0.002050552,0.0059667327,0.011356788,0.0035857528,0.0062477393,0.0014754584,0.0026486043,0.0013416696,0.0045769415,0.025048615,0.004645329,0.003344431,0.006049274,0.0026683891,0.0045854533,0.017824085,0.0021474317,0.0040223957,0.0020609626,0.002530377
2845_D_001,BRC 2845 BRC 2497,Full ROI,,,HW0110125,2845_D,BRC 2845 BRC 2497,AD-CAA,AmyloidFree,Arteries,0.006910158,0.022856738,0.00418112,0.0084060775,0.0018962753,0.027124338,0.0092245005,0.0039599324,0.003981993,0.009946535,0.0079346495,0.008755832,0.0033939043,0.15443976,0.14331019,0.0032284216,0.0069956155,0.0031995086,0.0037041903,0.0026519047,0.40599018,0.006763966,0.004856149,0.0028420312,0.004405838,0.0063525364,0.0045594596,0.0073296684,0.008010838,0.004507173,0.013699879,0.004710829,0.0048671514,0.005296204,0.0042049913,0.010109416,0.006245974,0.0057278574,0.008675874,0.0033581264,0.004504932,0.012335239,0.0058743735,0.0067114276,0.00442401,0.007534198
2845_D_002,BRC 2845 BRC 2497,Full ROI,,,HW0110125,2845_D 002,BRC 2845 BRC 2497,AD-CAA,AmyloidFree,Arteries,0.010401219,0.045693036,0.005915085,0.020768091,0.006692059,0.003580442,0.08652667,0.0020162563,0.004911843,0.0066456627,0.0065876674,0.008996694,0.002073168,0.13821937,0.04825609,0.0039315973,0.039889794,0.01837127,0.009897455,0.013596464,0.33781913,0.0022025025,0.0035104207,0.0023461855,0.0029844367,0.003306166,0.0045138965,0.005617124,0.0100153,0.0051284013,0.008494119,0.0016280701,0.003238592,0.0016467595,0.0076748547,0.04474454,0.0056281006,0.005845263,0.0050932257,0.0054431446,0.006193326,0.025925903,0.004005472,0.0046923286,0.0027337065,0.0065989997
2845_D_003,BRC 2845 BRC 2497,Full ROI,,,HW0110125,2845_D 003,BRC 2845 BRC 2497,AD-CAA,AmyloidFree,Arteries,0.0059492523,0.004832735,0.028006412,0.0015485806,0.018403454,0.016907435,0.0010404115,0.005975289,0.003856494,0.0020308837,0.0022340354,0.0022191084,0.006084553,0.0009540044,0.0011247249,0.003623326,0.0014721171,0.0013898473,0.001501471,0.0011002378,0.38568386,0.0041594063,0.0019987156,0.0026542728,0.0027914806,0.0020594245,0.012361499,0.0045669395,0.0019748977,0.030249283,0.03259469,0.0081708925,0.0065250495,0.0060546864,0.12668145,0.07941568,0.004093624,0.0029960342,0.0032491703,0.017219482,0.06802234,0.0049626287,0.018324714,0.0024168068,0.021744842,0.03877369
2845_D_004,BRC 2845 BRC 2497,Full ROI,,,HW0110125,2845_D 004,BRC 2845 BRC 2497,AD-CAA,AmyloidFree,Arteries,0.0038260827,0.007882462,0.010938485,0.0020385045,0.047416355,0.058619708,0.0012938983,0.0018213707,0.0031895107,0.0012028908,0.0017745424,0.0017206362,0.0024010376,0.0010401204,0.00088546856,0.0029419046,0.0014736906,0.0009392967,0.0010871245,0.0014842758,0.36448798,0.0022029555,0.001764807,0.0025083364,0.0018078194,0.001472998,0.00701999,0.0054568243,0.0025367583,0.018445741,0.052811857,0.009794505,0.007732278,0.013031158,0.09713311,0.04537229,0.0041989377,0.004775316,0.0035773811,0.018141264,0.08410283,0.006422175,0.020755095,0.004374172,0.038758226,0.02733783
2845_D_005,BRC 2845 BRC 2497,Full ROI,,,HW0110125,2845_D 005,BRC 2845 BRC 2497,AD-CAA,AmyloidFree,Arteries,0.0050002164,0.034592457,0.0024170747,0.005186576,0.0023887055,0.01992085,0.0054447185,0.007851885,0.0047701937,0.01445457,0.018327316,0.006238194,0.0029453975,0.10847183,0.09093593,0.0036118699,0.007202317,0.0066674585,0.0032577028,0.0030203215,0.44394714,0.007126002,0.0039584213,0.0026527985,0.003402172,0.005340563,0.0076267757,0.003997376,0.0059991856,0.0023058867,0.015415433,0.013172496,0.003557084,0.011220704,0.0017686881,0.00329698,0.0031022287,0.0022719745,0.0051294845,0.002129095,0.0019176119,0.0054453183,0.050064083,0.016728953,0.021654887,0.0040630093
2845_D_006,BRC 2845 BRC 2497,Full ROI,,,HW0110125,2845_D 006,BRC 2845 BRC 2497,AD-CAA,AmyloidFree,Arteries,0.0021300735,0.0050507146,0.0026599106,0.0031479516,0.0018348504,0.048107143,0.0119068315,0.002544535,0.004016609,0.007792306,0.0047714706,0.006174619,0.0035723383,0.10115912,0.121487245,0.0032750985,0.020218223,0.0082651,0.0050650532,0.006168007,0.45430183,0.0095873205,0.007175438,0.0051475842,0.00776459,0.007950166,0.007658758,0.007048531,0.0071140784,0.0034644476,0.0099067055,0.005605274,0.003180324,0.0058617136,0.0033506823,0.0055908207,0.0036496134,0.0032124596,0.0034738062,0.0020701955,0.00233311,0.009910197,0.020351889,0.013555001,0.011516274,0.009871909
2845_D_007,BRC 2845 BRC 2497,Full ROI,,,HW0110125,2845_D 007,BRC 2845 BRC 2497,AD-CAA,AmyloidFree,Arteries,0.006688692,0.039227374,0.0049027917,0.016289117,0.0075805834,0.021285359,0.056111354,0.002500844,0.0046202773,0.009605846,0.007837368,0.008768421,0.0020596527,0.07628428,0.045901984,0.0046523693,0.029347615,0.007918215,0.012328855,0.0043119243,0.3732905,0.0021150177,0.002989442,0.0015440033,0.0044845655,0.0037837985,0.0025312265,0.008031673,0.00505315,0.0048877033,0.0149199385,0.006209968,0.0059862984,0.006128045,0.007981321,0.074375436,0.0064729154,0.0060545583,0.006151665,0.0055237785,0.006823612,0.046305634,0.0042533595,0.015674518,0.003570581,0.0066343504
2845_D_008,BRC 2845 BRC 2497,Full ROI,,,HW0110125,2845_D 008,BRC 2845 BRC 2497,AD-CAA,AmyloidFree,Arteries,0.0016241665,0.002376386,0.013071712,0.0016264784,0.035946403,0.013607095,0.0012672781,0.019288506,0.0044608666,0.0027161792,0.0034147745,0.0031134516,0.005588833,0.0011695403,0.0012457275,0.0026588936,0.0016939372,0.00162214,0.0014305835,0.0016078809,0.46825194,0.004221614,0.0031710423,0.002570574,0.0047935676,0.0026789228,0.015877504,0.0045020287,0.0030496782,0.026699724,0.025772989,0.021203406,0.012302715,0.009770974,0.04834409,0.015887514,0.0040363255,0.005048286,0.0072392616,0.020590724,0.0100861285,0.0056160465,0.080252565,0.014715364,0.03769724,0.026088936
2845_D_009,BRC 2845 BRC 2497,Full ROI,,,HW0110125,2845_D 009,BRC 2845 BRC 2497,AD-CAA,AmyloidFree,Arteries,0.0017985345,0.0040821717,0.019103106,0.00088084623,0.04963213,0.0072741294,0.00063819106,0.005426877,0.0028706125,0.0011289569,0.001466341,0.001368415,0.01012072,0.000549491,0.0005234086,0.002741939,0.0007802336,0.00037045745,0.00078107766,0.0010238878,0.3708743,0.002697801,0.0022798018,0.0017070727,0.0017945438,0.001011816,0.002871096,0.0032592067,0.000989986,0.020644302,0.031324446,0.016095815,0.008035956,0.007016313,0.16333188,0.10198732,0.0020040174,0.001837639,0.0037873883,0.015161245,0.04538244,0.005428324,0.003957467,0.0017292745,0.01769019,0.054538786
2845_E_001,BRC 2845 BRC 2497,Full ROI,,,HW0110125,2845_E,BRC 2845 BRC 2497,AD-CAA,AmyloidFree,Capillaries,0.005860983,0.056118857,0.0028545605,0.007589895,0.0015585701,0.0012465077,0.040519733,0.0012204752,0.00336283,0.003935356,0.0025529373,0.0050652754,0.0011867769,0.1531221,0.09573831,0.002051999,0.03277044,0.029561013,0.011949941,0.011605142,0.3818083,0.018200021,0.0033794416,0.00283368,0.0061863135,0.0026981572,0.0020219157,0.0057885125,0.0041607446,0.0029580393,0.003575171,0.0016876629,0.0025578118,0.0014595306,0.004702913,0.031176416,0.0028369012,0.003003561,0.004224931,0.0023963912,0.0031116842,0.01756984,0.005120041,0.007058735,0.003343056,0.0062684314
2845_E_002,BRC 2845 BRC 2497,Full ROI,,,HW0110125,2845_E 002,BRC 2845 BRC 2497,AD-CAA,AmyloidFree,Capillaries,0.04997819,0.07208467,0.0021369674,0.012920979,0.0017172673,0.0026117458,0.009087557,0.0020739143,0.0024108319,0.0045259157,0.0029981737,0.0033576055,0.0031245023,0.22591706,0.067101225,0.0027776232,0.006790777,0.0026772735,0.002888113,0.002703513,0.43214405,0.0099929,0.0048850914,0.0042541237,0.0033555145,0.00503559,0.0021790378,0.0022769922,0.005343226,0.0014597137,0.007089363,0.0015147624,0.0016641441,0.0015856179,0.00156842,0.002997589,0.0031522547,0.0020813667,0.0027196314,0.002016852,0.0017452351,0.0060973363,0.00344792,0.0064314916,0.0023759354,0.0027019002
2845_E_003,BRC 2845 BRC 2497,Full ROI,,,HW0110125,2845_E 003,BRC 2845 BRC 2497,AD-CAA,AmyloidFree,Capillaries,0.010784428,0.052998282,0.021824205,0.0052619623,0.02974841,0.0044247913,0.0045312787,0.0060984176,0.0025177628,0.0062560104,0.0052377665,0.0076118456,0.0032115267,0.01575413,0.017746963,0.002030811,0.00444965,0.004849825,0.0030524186,0.0037295243,0.3377211,0.0036985003,0.00410184,0.0052875825,0.00220526,0.018085403,0.0065696198,0.008824889,0.0040650163,0.00876497,0.014411835,0.031398028,0.0116551155,0.011501535,0.065389104,0.15351094,0.0048290696,0.0044533745,0.004963692,0.009562199,0.02651873,0.017713182,0.005377621,0.0030638995,0.0130211655,0.011186222
2845_E_004,BRC 2845 BRC 2497,Full ROI,,,HW0110125,2845_E 004,BRC 2845 BRC 2497,AD-CAA,AmyloidFree,Capillaries,0.013222263,0.032080557,0.012434798,0.007001188,0.022356601,0.005522825,0.011077963,0.0070066084,0.0043886825,0.012264199,0.023832403,0.010837541,0.003705773,0.03514467,0.019454647,0.0043776836,0.009349023,0.015076669,0.008667355,0.004889969,0.34228918,0.0032961934,0.0052004717,0.0047319834,0.017350206,0.004311999,0.001920721,0.0038246857,0.0029074557,0.0042242706,0.009792634,0.0057664495,0.0068135634,0.004411134,0.01941091,0.21051975,0.003679388,0.0034565765,0.0035866762,0.0065702135,0.014611057,0.030526025,0.008834662,0.0058907517,0.0038097021,0.00957195
2845_E_005,BRC 2845 BRC 2497,Full ROI,,,HW0110125,2845_E 005,BRC 2845 BRC 2497,AD-CAA,AmyloidFree,Capillaries,0.013442548,0.0111659225,0.013819277,0.020015024,0.04096157,0.016565248,0.010899698,0.005245889,0.0074912948,0.014461743,0.011753882,0.008992881,0.0031309328,0.010674077,0.017417476,0.005101257,0.006426924,0.009751456,0.004015955,0.004702371,0.35939404,0.00331847,0.00432455,0.0038138719,0.002998208,0.007129324,0.010711264,0.016009761,0.009087074,0.01817275,0.027460331,0.007150848,0.009747973,0.0068487916,0.017064812,0.090493746,0.011203776,0.014178595,0.007920772,0.03774782,0.017540973,0.058728386,0.0046369326,0.0061751804,0.0063076797,0.0057987208
2845_E_006,BRC 2845 BRC 2497,Full ROI,,,HW0110125,2845_E 006,BRC 2845 BRC 2497,AD-CAA,AmyloidFree,Capillaries,0.019368913,0.010774423,0.019935291,0.009330118,0.03260263,0.014754293,0.006431768,0.005801966,0.004737788,0.0076046907,0.0063314135,0.0054027406,0.004818674,0.005112831,0.006007315,0.006577148,0.0061317123,0.00537466,0.004594335,0.0044264756,0.38142452,0.0035937005,0.004921283,0.0036391024,0.0053131008,0.0044728997,0.0040218337,0.0051135467,0.005266888,0.01041889,0.030376704,0.009372371,0.011520674,0.01570268,0.039119285,0.10206348,0.008959416,0.009858445,0.011278515,0.049689326,0.034523133,0.032266527,0.00635292,0.007830143,0.004079335,0.01270211
2845_E_007,BRC 2845 BRC 2497,Full ROI,,,HW0110125,2845_E 007,BRC 2845 BRC 2497,AD-CAA,AmyloidFree,Capillaries,0.046420142,0.027993098,0.00894853,0.0077143563,0.07154051,0.0018490615,0.0069990405,0.0032660237,0.002772396,0.008812211,0.004375263,0.007885737,0.0022193089,0.03254591,0.044384662,0.002050908,0.004482071,0.0102930525,0.0035503525,0.0029883112,0.34540972,0.009628156,0.0036543927,0.005615145,0.006814805,0.01399967,0.002519193,0.0044475948,0.004547235,0.0031798275,0.017788498,0.010266831,0.0057410323,0.008167754,0.00965895,0.1722483,0.005922419,0.0028992854,0.0060004685,0.0047836574,0.0070194905,0.018924883,0.0047661336,0.0052933535,0.0045690797,0.0150432605
2845_E_008,BRC 2845 BRC 2497,Full ROI,,,HW0110125,2845_E 008,BRC 2845 BRC 2497,AD-CAA,AmyloidFree,Capillaries,0.02521316,0.044736598,0.0130283525,0.011808039,0.04973473,0.0045887795,0.010346692,0.004310547,0.003666275,0.021050274,0.01062429,0.012653597,0.0022683279,0.034003492,0.052074876,0.0025140273,0.0063932887,0.014361073,0.004647954,0.0047116624,0.3503934,0.0036063062,0.0032542848,0.003916326,0.0034679102,0.005229591,0.0060278997,0.012752531,0.006927267,0.007787241,0.012748428,0.006903326,0.008657734,0.008476279,0.009124161,0.08257134,0.0074078026,0.0051501775,0.00715449,0.0069335066,0.016735485,0.029411923,0.010091964,0.010120359,0.00679513,0.035619054
2845_F_001,BRC 2845 BRC 2497,Full ROI,,,HW0110125,2845_F,BRC 2845 BRC 2497,AD-CAA,AmyloidFree,Parenchyma,0.032453198,0.0466184,0.015768917,0.016213983,0.032382436,0.011037406,0.0095903175,0.0037360056,0.0050061657,0.009496214,0.008332136,0.012416713,0.0028590828,0.020084035,0.019385442,0.0032667986,0.0058048437,0.0040859217,0.0046312385,0.0061504175,0.32053417,0.0047067823,0.009737707,0.0036914982,0.015979135,0.005181785,0.005207868,0.0057531404,0.005310371,0.008429734,0.008101223,0.004886649,0.008307259,0.0037107852,0.018277004,0.19899815,0.008848523,0.0061316937,0.007768474,0.020916149,0.009075862,0.017873546,0.0066287247,0.009084839,0.0040350254,0.013504218
2845_F_002,BRC 2845 BRC 2497,Full ROI,,,HW0110125,2845_F 002,BRC 2845 BRC 2497,AD-CAA,AmyloidFree,Parenchyma,0.007543055,0.044327084,0.009880317,0.010531947,0.0075966464,0.004161185,0.033004824,0.002319708,0.005859741,0.006265589,0.011128133,0.017977908,0.002104773,0.04021214,0.03619024,0.004659855,0.02560339,0.008405516,0.010897471,0.01398562,0.36484367,0.0031067866,0.01579652,0.0030276696,0.010441544,0.005227302,0.0043466836,0.037618358,0.0054225847,0.011257478,0.011796725,0.0037933008,0.005686613,0.00278715,0.018733751,0.10771257,0.005265406,0.0050525116,0.0051379893,0.0062906407,0.013149961,0.026833596,0.0032696626,0.00487419,0.002840926,0.013031304
2845_F_003,BRC 2845 BRC 2497,Full ROI,,,HW0110125,2845_F 003,BRC 2845 BRC 2497,AD-CAA,AmyloidFree,Parenchyma,0.046663348,0.013373817,0.019120814,0.00811735,0.029300557,0.0045989095,0.006513698,0.0047212173,0.0040745595,0.008299717,0.014291504,0.010487648,0.0034620895,0.018199649,0.014492457,0.0032444985,0.006037954,0.004661613,0.0046976786,0.0046485616,0.35379097,0.0053344765,0.0038216417,0.019936748,0.015724674,0.004518019,0.0063517643,0.0072571677,0.0051972494,0.012516261,0.03580092,0.007857883,0.007119558,0.01085343,0.024171649,0.17963167,0.0047590802,0.0037481398,0.004011113,0.006359239,0.0136490185,0.023057967,0.0016253942,0.0041922275,0.002561489,0.0071446057
2845_F_004,BRC 2845 BRC 2497,Full ROI,,,HW0110125,2845_F 004,BRC 2845 BRC 2497,AD-CAA,AmyloidFree,Parenchyma,0.041012567,0.01773576,0.015235546,0.011556267,0.0103689395,0.005508747,0.01496246,0.0036987066,0.003383438,0.007250098,0.005126271,0.012568602,0.0028354323,0.041214015,0.04266571,0.003513967,0.021887247,0.021727556,0.014492516,0.0077899857,0.36515868,0.0056242407,0.007049171,0.013779976,0.0050969394,0.004885581,0.003244428,0.003903904,0.0039691366,0.0077196932,0.016311977,0.021089893,0.01033708,0.01613681,0.034373105,0.068630554,0.005491026,0.0070959674,0.0068797325,0.009699659,0.01001225,0.04089519,0.005006817,0.008096831,0.0061303084,0.0088472245
2845_F_005,BRC 2845 BRC 2497,Full ROI,,,HW0110125,2845_F 005,BRC 2845 BRC 2497,AD-CAA,AmyloidFree,Parenchyma,0.0075607942,0.06026974,0.0015535657,0.009521516,0.0017155417,0.0013543072,0.03822466,0.00071260775,0.0027919149,0.0033830737,0.0017220596,0.0027370797,0.0009186378,0.16769652,0.1146863,0.0018431763,0.022344131,0.014653272,0.0077890595,0.07872741,0.3969869,0.0018432386,0.0044334894,0.002408656,0.00385676,0.002317837,0.0022613574,0.005757104,0.004068479,0.0012304728,0.0064704795,0.0006924347,0.0009825773,0.00064401864,0.0013687771,0.0044332584,0.0014329975,0.0016506497,0.0020547048,0.0011705956,0.0010470912,0.0054021426,0.0013648084,0.003751297,0.0007075466,0.0014569977
2845_F_006,BRC 2845 BRC 2497,Full ROI,,,HW0110125,2845_F 006,BRC 2845 BRC 2497,AD-CAA,AmyloidFree,Parenchyma,0.029751603,0.0135438,0.013290944,0.011124986,0.009476357,0.0023367116,0.022568487,0.003542158,0.0060298676,0.010238474,0.00904711,0.013530801,0.003676591,0.063567,0.03853558,0.008139259,0.02755669,0.012210159,0.012235566,0.0050860257,0.3430447,0.0032111523,0.0054184557,0.003949167,0.003960473,0.0066342363,0.002537506,0.0072991406,0.003530714,0.006700468,0.022587793,0.0057499073,0.007871047,0.005746749,0.018333614,0.14651403,0.010752013,0.0059505226,0.009182311,0.007707563,0.01351954,0.025661314,0.0018915792,0.003882097,0.0047206874,0.008155059
2845_F_007,BRC 2845 BRC 2497,Full ROI,,,HW0110125,2845_F 007,BRC 2845 BRC 2497,AD-CAA,AmyloidFree,Parenchyma,0.041228518,0.032388486,0.011265952,0.030531596,0.018989213,0.006255302,0.036993966,0.0017813916,0.0049991733,0.0063951146,0.004661198,0.011341045,0.001990035,0.07342111,0.0546341,0.0031953154,0.037325073,0.017353013,0.012280613,0.0064114337,0.3373321,0.0019785576,0.0063807704,0.0052992417,0.0067245075,0.0036637704,0.002045149,0.0025765845,0.0034297884,0.003969785,0.044416275,0.009050412,0.00849791,0.0061146966,0.011742366,0.06362379,0.0052720313,0.0064917346,0.0050070914,0.006716337,0.007517681,0.024192369,0.0027080693,0.005350408,0.0024777588,0.0039791428
2845_F_008,BRC 2845 BRC 2497,Full ROI,,,HW0110125,2845_F 008,BRC 2845 BRC 2497,AD-CAA,AmyloidFree,Parenchyma,0.0077013657,0.0027703699,0.016617978,0.0023133683,0.024193529,0.009738401,0.0013520127,0.0023558107,0.0027555702,0.0015474507,0.0014095594,0.001883108,0.0023801152,0.000946567,0.0010631935,0.0017971287,0.0010904797,0.0012500385,0.0012150813,0.0014676615,0.37821007,0.0014962555,0.0017189041,0.0015810234,0.0018044912,0.0015560136,0.007821323,0.006797975,0.0029697488,0.018077532,0.019290091,0.028529039,0.012210007,0.015727175,0.12997892,0.085729174,0.007249926,0.0050637084,0.0076359026,0.04143847,0.09826828,0.010788605,0.0027955922,0.0044875536,0.014739078,0.008186343
2845_F_009,BRC 2845 BRC 2497,Full ROI,,,HW0110125,2845_F 009,BRC 2845 BRC 2497,AD-CAA,AmyloidFree,Parenchyma,0.015228231,0.025208939,0.011611973,0.02415524,0.018134007,0.005819747,0.025313832,0.0039199633,0.0054493807,0.008416578,0.007926641,0.016307427,0.0034334364,0.053363424,0.04064969,0.0056852866,0.017414039,0.009547519,0.0061142426,0.010064005,0.35909724,0.0062317187,0.012123551,0.017032748,0.01261545,0.0063877506,0.0026769962,0.003016639,0.0067815953,0.004970768,0.022081645,0.004046648,0.0060961945,0.0037236842,0.010665945,0.08082839,0.0091390805,0.011666291,0.008975153,0.009578973,0.010186028,0.03872831,0.0044404264,0.02188642,0.006252605,0.0070061153
2845_F_010,BRC 2845 BRC 2497,Full ROI,,,HW0110125,2845_F 010,BRC 2845 BRC 2497,AD-CAA,AmyloidFree,Parenchyma,0.015191008,0.06924344,0.008266355,0.016947865,0.034016177,0.009654329,0.018404862,0.0028193954,0.0070083877,0.011141281,0.010126973,0.011294089,0.0029452618,0.02596635,0.025522301,0.005589429,0.022547813,0.029634427,0.0073754503,0.013359413,0.37927377,0.0038230459,0.0046749343,0.005799035,0.0046942956,0.007330755,0.0035953962,0.005233549,0.0053542415,0.0063873436,0.015058036,0.0046728086,0.0066862833,0.004235111,0.01547403,0.08477858,0.00712763,0.008050175,0.0081155775,0.010650168,0.010730333,0.025565565,0.0034610478,0.008343298,0.0038495099,0.009980772
2509_A_001,BRC 2613 BRC 2509,Full ROI,,,HW0110125,2509_A,BRC 2613 BRC 2509,AD-CAA,Amyloid,Arteries,0.0015823216,0.021697922,0.005438751,0.001721544,0.111023955,0.053598583,0.0018113127,0.0046881903,0.0027579481,0.0033311339,0.0021957844,0.0022404478,0.0050897575,0.0013390837,0.001897612,0.0038921698,0.0020054183,0.0012550515,0.002037232,0.0011537119,0.39566168,0.0050821877,0.0018174463,0.0021985779,0.0026783203,0.002552834,0.014171457,0.009814347,0.002162602,0.010230197,0.06620012,0.005127499,0.003432038,0.0027568585,0.017687887,0.10556518,0.0021942554,0.0027865695,0.0021746224,0.006656693,0.01175244,0.0062419525,0.049102195,0.0034011942,0.013792132,0.024000872
2509_A_002,BRC 2613 BRC 2509,Full ROI,,,HW0110125,2509_A 002,BRC 2613 BRC 2509,AD-CAA,Amyloid,Arteries,0.0017891271,0.0074802507,0.011282326,0.0024612804,0.062595434,0.025391417,0.0017066274,0.009224916,0.0021900178,0.0023127897,0.0025517473,0.0031277335,0.012001702,0.0015212926,0.0015632368,0.0030913225,0.0015901591,0.0011077898,0.0014937548,0.0020389615,0.43457675,0.0041561164,0.0025234553,0.005048042,0.0041696546,0.004925231,0.01730239,0.015361073,0.0025450846,0.02685376,0.018776828,0.006155877,0.00946184,0.004625235,0.04703493,0.07292214,0.003757907,0.0065289875,0.005972554,0.0322669,0.03469426,0.016498396,0.02182282,0.006366813,0.014744959,0.024386074
2509_A_003,BRC 2613 BRC 2509,Full ROI,,,HW0110125,2509_A 003,BRC 2613 BRC 2509,AD-CAA,Amyloid,Arteries,0.012641638,0.057951484,0.004728359,0.010166725,0.0031273733,0.032960817,0.017524907,0.0019123545,0.0024159837,0.0076659927,0.0038943186,0.0071203,0.0014887715,0.095960245,0.12894611,0.0019404228,0.007269998,0.0050625065,0.0030609716,0.00329889,0.3955294,0.0035554357,0.003096922,0.0025815177,0.00464918,0.006553063,0.0021060675,0.0022788465,0.003797064,0.0031860904,0.035124388,0.0020553141,0.0029882356,0.0022019967,0.004877977,0.050095763,0.005675983,0.00443047,0.0054346477,0.00652955,0.005914352,0.02134063,0.00349518,0.0055363015,0.0033650827,0.0044623245
2509_C_001,BRC 2613 BRC 2509,Full ROI,,,HW0110125,2509_C,BRC 2613 BRC 2509,AD-CAA,Amyloid,Parenchyma,0.011921968,0.018965691,0.02291511,0.004420685,0.064184174,0.009128842,0.0027682926,0.0057127303,0.0022993537,0.0029075344,0.0035276473,0.002750948,0.0044366387,0.0018840594,0.0018552034,0.0022084876,0.0015261474,0.0021010325,0.0020038108,0.0027598988,0.4018954,0.0020028236,0.0019413851,0.0017173964,0.0016751199,0.0026062047,0.0042927926,0.0019504519,0.0028452943,0.0077932924,0.06482318,0.008638958,0.007366511,0.0046863607,0.13155347,0.045150705,0.004191652,0.006047884,0.0066898228,0.03610625,0.01951199,0.031793203,0.0061908453,0.0043745534,0.0058667012,0.018009447
2509_C_002,BRC 2613 BRC 2509,Full ROI,,,HW0110125,2509_C 002,BRC 2613 BRC 2509,AD-CAA,Amyloid,Parenchyma,0.016627954,0.036721837,0.0032845628,0.02037477,0.0035707324,0.005407227,0.060941603,0.0014428524,0.0039939536,0.0035846725,0.003098573,0.0074088518,0.0016426112,0.15445615,0.079073444,0.0027190326,0.022335889,0.0049501183,0.008682296,0.024625724,0.42461935,0.002554567,0.0042298557,0.0023587763,0.004273281,0.003631067,0.0023604475,0.0033262693,0.0060810475,0.0023798821,0.011521017,0.0012477917,0.0018559658,0.001405857,0.0029341702,0.0064029545,0.004384563,0.0045204144,0.0036434515,0.0026904088,0.0026427757,0.016263932,0.0054940484,0.008761414,0.0025148578,0.0029590698
2509_C_003,BRC 2613 BRC 2509,Full ROI,,,HW0110125,2509_C 003,BRC 2613 BRC 2509,AD-CAA,Amyloid,Parenchyma,0.008797424,0.06374466,0.0023684753,0.010025224,0.0013515732,0.007931032,0.027870169,0.00079275604,0.0029489263,0.0036085208,0.0023475043,0.0046022427,0.0008973085,0.12782957,0.09532439,0.0016309376,0.021768862,0.014181648,0.005615938,0.053735334,0.41857153,0.0017771263,0.0023765103,0.004376273,0.007879506,0.00325883,0.002671183,0.011454956,0.0056447187,0.002362006,0.011142597,0.0013038102,0.0017906566,0.0013078782,0.0026226712,0.014083507,0.0029095453,0.002312895,0.0033605662,0.0024531782,0.0020113618,0.025283268,0.00161188,0.00524073,0.0016622308,0.0031580837
2509_C_004,BRC 2613 BRC 2509,Full ROI,,,HW0110125,2509_C 004,BRC 2613 BRC 2509,AD-CAA,Amyloid,Parenchyma,0.040450703,0.022352282,0.0050483407,0.014323844,0.0037474134,0.0045238016,0.009683245,0.0022981807,0.0024766105,0.0053154784,0.004967166,0.008153983,0.0015316862,0.08414092,0.10129635,0.0016129632,0.0050351876,0.005117984,0.002217508,0.002973289,0.42067447,0.005950086,0.0041785557,0.003270954,0.005120942,0.0089036375,0.0034417687,0.005416507,0.006048656,0.0037305972,0.037615992,0.010558027,0.0059299297,0.0105067445,0.0035378023,0.06369953,0.008022746,0.0052481475,0.0034524866,0.0067501455,0.005124881,0.026628977,0.004550868,0.0060366765,0.0035344297,0.0047994787
2509_C_005,BRC 2613 BRC 2509,Full ROI,,,HW0110125,2509_C 005,BRC 2613 BRC 2509,AD-CAA,Amyloid,Parenchyma,0.028855542,0.07976492,0.0060439003,0.0070945276,0.004779327,0.018118178,0.0104889935,0.0018270178,0.003525362,0.0063312883,0.0058195917,0.007978622,0.0014173139,0.07504998,0.09828047,0.0016626051,0.004665952,0.0025783642,0.0029580253,0.0033339711,0.42171314,0.012576638,0.0031791034,0.0053870073,0.005838601,0.006618983,0.008860307,0.024949009,0.008320902,0.00454223,0.009050115,0.0035053883,0.0031436211,0.0033711263,0.0062053367,0.035378758,0.0022264875,0.0023656148,0.003682256,0.0021751025,0.0029777188,0.023153316,0.010367703,0.0056153196,0.0031859549,0.011036361
2509_C_006,BRC 2613 BRC 2509,Full ROI,,,HW0110125,2509_C 006,BRC 2613 BRC 2509,AD-CAA,Amyloid,Parenchyma,0.035408165,0.06437252,0.0071563725,0.030425029,0.004358675,0.0044171824,0.026055193,0.0014229895,0.003901014,0.0033687197,0.003097324,0.013592712,0.001547126,0.075406596,0.060377285,0.0025214383,0.027054265,0.0071196235,0.0054967017,0.008369795,0.40765262,0.0030499115,0.0028555032,0.0022622957,0.0031947081,0.0045783333,0.0031199933,0.006772955,0.0071788146,0.005568774,0.016213387,0.004870894,0.0060940874,0.003981166,0.0068931077,0.05093194,0.0055124033,0.007564685,0.0072476943,0.0075636953,0.004246743,0.015301146,0.005148775,0.01739098,0.0034200803,0.0059165447
2509_C_007,BRC 2613 BRC 2509,Full ROI,,,HW0110125,2509_C 007,BRC 2613 BRC 2509,AD-CAA,Amyloid,Parenchyma,0.0849971,0.081454694,0.0026448797,0.013860762,0.0015458746,0.0013774952,0.008165484,0.0013445001,0.0058102463,0.0027511152,0.0030519257,0.005277109,0.0021455325,0.07884352,0.019442536,0.006138333,0.080933504,0.001935462,0.002686446,0.0030449396,0.457512,0.003590996,0.0058588246,0.0025677057,0.0036875939,0.004778633,0.002417473,0.0029157402,0.004158804,0.0021122424,0.016904877,0.0067651914,0.0036512383,0.014263752,0.002084778,0.007028905,0.0044825575,0.0027922431,0.0038433752,0.0024151062,0.0023091715,0.019243717,0.0032272341,0.009099392,0.0019822982,0.0028546762
2509_D_001,BRC 2613 BRC 2509,Full ROI,,,HW0110125,2509_D,BRC 2613 BRC 2509,AD-CAA,AmyloidFree,Arteries,0.018402109,0.016396396,0.017936328,0.001959804,0.066067524,0.064354755,0.0021373576,0.008831484,0.0020303028,0.0024742736,0.0038330762,0.002814164,0.007126653,0.0024031338,0.0019969072,0.002239168,0.0019259087,0.0016857886,0.0020220082,0.0020927102,0.40894678,0.0028476156,0.0011188465,0.0016257759,0.0017991556,0.0016669242,0.0038638783,0.014661567,0.0031613323,0.008606337,0.02884511,0.0084163025,0.0059594796,0.0034146635,0.069052346,0.10230804,0.0028004332,0.0026390564,0.0020326106,0.007853025,0.016246593,0.005335198,0.009433276,0.001931409,0.021488229,0.035216138
2509_D_002,BRC 2613 BRC 2509,Full ROI,,,HW0110125,2509_D 002,BRC 2613 BRC 2509,AD-CAA,AmyloidFree,Arteries,0.004964987,0.011250239,0.024860822,0.002513972,0.056673083,0.023948373,0.0017181512,0.0054880227,0.0018491708,0.0022543494,0.0018743172,0.0018099151,0.00408249,0.0012245199,0.0014153059,0.002353833,0.0014549231,0.0018814914,0.001884628,0.0016817823,0.40399656,0.002951954,0.0021059515,0.003800188,0.0032351478,0.0026648883,0.0039979354,0.0035807258,0.0019140926,0.013507479,0.021221124,0.008298279,0.006592652,0.00532333,0.078347474,0.15660067,0.003521833,0.0038933186,0.0043451185,0.02065363,0.018520033,0.012234484,0.007339245,0.0033766532,0.026458396,0.026334489
2509_D_003,BRC 2613 BRC 2509,Full ROI,,,HW0110125,2509_D 003,BRC 2613 BRC 2509,AD-CAA,AmyloidFree,Arteries,0.0028015,0.0033469973,0.007165773,0.0026404231,0.0055397283,0.10368469,0.0017016475,0.0025559664,0.0024625573,0.0018018378,0.0018155768,0.002358669,0.0024026853,0.0012479041,0.001439607,0.0018113116,0.0013031149,0.0011764939,0.0013633611,0.0017634667,0.4194391,0.0035747164,0.006369472,0.0024673264,0.0040273946,0.0027607689,0.0083439285,0.0073893867,0.0030516863,0.022995926,0.029947223,0.018804703,0.008964344,0.010293204,0.044376753,0.036215045,0.008554246,0.0071502724,0.011523923,0.033117924,0.051163413,0.014582522,0.033325158,0.007362422,0.014519445,0.03929633
2509_D_004,BRC 2613 BRC 2509,Full ROI,,,HW0110125,2509_D 004,BRC 2613 BRC 2509,AD-CAA,AmyloidFree,Arteries,0.0040618307,0.017891169,0.018499013,0.0033884777,0.06904229,0.0046480345,0.0025165773,0.0076720556,0.004365197,0.004061577,0.0048585343,0.004133853,0.0048803817,0.0025637338,0.0025887587,0.0038339342,0.0025129367,0.003048395,0.0023867108,0.004181201,0.39810613,0.0021808192,0.002393436,0.0016900275,0.0058655096,0.002972148,0.0065137586,0.00975396,0.005026071,0.018748423,0.03443179,0.006017154,0.0058840383,0.0038905314,0.06827776,0.13075481,0.0061903135,0.004367114,0.005124555,0.03300608,0.026716227,0.02001878,0.0032738433,0.004563684,0.012093661,0.011004757
2509_D_005,BRC 2613 BRC 2509,Full ROI,,,HW0110125,2509_D 005,BRC 2613 BRC 2509,AD-CAA,AmyloidFree,Arteries,0.009909135,0.05033418,0.0018051119,0.021729171,0.0024310944,0.0020593095,0.004420917,0.001359425,0.009585388,0.0031910667,0.004064231,0.0053593223,0.0015192877,0.06972141,0.018135516,0.00406137,0.086920194,0.0016582566,0.0015883356,0.0030804332,0.53427553,0.0060181953,0.015398192,0.0050144405,0.0065343487,0.00515875,0.0039650835,0.013678822,0.009046113,0.0015754924,0.01912696,0.01849203,0.002652731,0.008904955,0.00095629017,0.0026783547,0.0042222454,0.0027644052,0.005584022,0.0018787867,0.0014937171,0.009904782,0.004417987,0.008859714,0.0024140947,0.0020507458
2509_D_006,BRC 2613 BRC 2509,Full ROI,,,HW0110125,2509_D 006,BRC 2613 BRC 2509,AD-CAA,AmyloidFree,Arteries,0.017945243,0.045036275,0.0025582614,0.013495344,0.0019875201,0.058845893,0.0098657785,0.001806889,0.0033367649,0.0066557047,0.004124532,0.0055297757,0.0013905973,0.08624787,0.07111808,0.0021197272,0.007393893,0.0060165073,0.003880672,0.0040917764,0.43351895,0.003461867,0.0073666875,0.0036616721,0.0058549913,0.0041759275,0.0038355405,0.015476016,0.010167789,0.0022859406,0.033028204,0.0021582313,0.0019211005,0.0019294708,0.0019424687,0.0080888495,0.0042244536,0.0027481902,0.0033500507,0.00339189,0.0027763217,0.036862884,0.024669303,0.014363213,0.008229363,0.0070634913
2509_D_007,BRC 2613 BRC 2509,Full ROI,,,HW0110125,2509_D 007,BRC 2613 BRC 2509,AD-CAA,AmyloidFree,Arteries,0.00812952,0.042615727,0.0020043023,0.009555428,0.0016071602,0.062461667,0.02115413,0.0010702361,0.0029857415,0.002851657,0.0022977672,0.0039389003,0.0011433839,0.1628909,0.055248324,0.0019052624,0.011909574,0.010050467,0.0032348363,0.0050313068,0.41657344,0.0030425237,0.003859366,0.0028132496,0.0017737797,0.0031724165,0.0048950254,0.012044685,0.009260941,0.0023470551,0.007965525,0.0036349115,0.0022626764,0.0026111891,0.002501666,0.011210537,0.0029733593,0.0021802203,0.0028812643,0.0020886566,0.0029724543,0.014912372,0.036175925,0.01865199,0.0105765015,0.004531927
2509_E_001,BRC 2613 BRC 2509,Full ROI,,,HW0110125,2509_E,BRC 2613 BRC 2509,AD-CAA,AmyloidFree,Capillaries,0.01012674,0.05810699,0.001484111,0.01168347,0.0020136556,0.0042833104,0.03263273,0.0013609382,0.0035712793,0.004473413,0.0036929094,0.004108652,0.0014535319,0.15963617,0.08547437,0.0022002107,0.01591668,0.005784142,0.0078746,0.024019152,0.45357817,0.0019361647,0.005532029,0.002037152,0.0073180995,0.002770477,0.0028564492,0.006292633,0.005998337,0.0012134671,0.015507077,0.004157778,0.001722787,0.00425119,0.0011016114,0.0018287383,0.0020945792,0.0017988479,0.0027055056,0.0011398381,0.0011702462,0.006382981,0.0061693317,0.016366888,0.0024897358,0.0016828569
2509_E_002,BRC 2613 BRC 2509,Full ROI,,,HW0110125,2509_E 002,BRC 2613 BRC 2509,AD-CAA,AmyloidFree,Capillaries,0.0108771585,0.050956618,0.0025307399,0.020591246,0.0014528089,0.009669169,0.05922482,0.0009494938,0.004946422,0.006045299,0.002589553,0.008187818,0.0010449943,0.09376466,0.09054121,0.0021648735,0.020856917,0.026413243,0.008692697,0.0067669433,0.4223006,0.0022456418,0.0025892365,0.0045360974,0.0042618564,0.0028153171,0.002058665,0.0063204314,0.006003646,0.002328157,0.011107086,0.0021648167,0.003017596,0.0020486403,0.0028835735,0.026536638,0.007530908,0.003471916,0.006899852,0.0029340987,0.0038204347,0.030524723,0.0022991435,0.0056752996,0.0023302773,0.0030286275
2509_E_003,BRC 2613 BRC 2509,Full ROI,,,HW0110125,2509_E 003,BRC 2613 BRC 2509,AD-CAA,AmyloidFree,Capillaries,0.029967094,0.050253756,0.0039359997,0.012722817,0.0029820537,0.024856774,0.016967136,0.0011273088,0.0035194154,0.003010739,0.0021757097,0.007819848,0.0011679019,0.05096298,0.05797013,0.0017791691,0.02365792,0.011298515,0.006575676,0.038461518,0.4178707,0.005570966,0.0075851213,0.006498414,0.004397714,0.0041314177,0.0030574587,0.0060543492,0.0039525935,0.0029667586,0.017124416,0.0026031707,0.0029196313,0.0022324182,0.0042140563,0.09285948,0.0035393103,0.0030688695,0.003552033,0.0040244153,0.0034008098,0.029657124,0.0035532815,0.0040203286,0.0016073133,0.00832542
2509_E_004,BRC 2613 BRC 2509,Full ROI,,,HW0110125,2509_E 004,BRC 2613 BRC 2509,AD-CAA,AmyloidFree,Capillaries,0.039013848,0.03185805,0.0039988207,0.0075536086,0.0014119631,0.0045616548,0.014946477,0.0011716752,0.003960214,0.0039859135,0.0033069337,0.006641648,0.0014020364,0.11821079,0.0899075,0.0022004852,0.014730151,0.005930562,0.006666922,0.016938701,0.4429685,0.010808361,0.0033436231,0.0044865552,0.0022491599,0.0041742,0.0040706787,0.0036549312,0.005742564,0.0034960534,0.0117705045,0.0032930907,0.0031680523,0.0026444888,0.0039586714,0.052586295,0.0029532427,0.0027590075,0.0046134745,0.0020275328,0.002959174,0.023916882,0.0060889283,0.0038315614,0.002941163,0.007095302
2509_E_005,BRC 2613 BRC 2509,Full ROI,,,HW0110125,2509_E 005,BRC 2613 BRC 2509,AD-CAA,AmyloidFree,Capillaries,0.09683432,0.070958085,0.0020985976,0.010063502,0.0017957939,0.0014522738,0.0068634446,0.0016805768,0.015390334,0.0040748646,0.0047095045,0.004458954,0.0016878375,0.045772374,0.014496927,0.006938513,0.09062828,0.0031881942,0.0024844434,0.0040178588,0.4840036,0.0034089067,0.024113737,0.0031522687,0.008536731,0.0041067726,0.0036818995,0.0065395175,0.008599602,0.0016442378,0.012768253,0.00631508,0.002440105,0.005879391,0.0015700604,0.0025065213,0.002454525,0.0022410885,0.0033783175,0.0014529558,0.0014863889,0.0061758854,0.0031954725,0.005047288,0.003450139,0.0022565653
2509_F_001,BRC 2613 BRC 2509,Full ROI,,,HW0110125,2509_F,BRC 2613 BRC 2509,AD-CAA,AmyloidFree,Parenchyma,0.012905303,0.0649993,0.010025936,0.016064987,0.057059575,0.004300629,0.009655718,0.004006395,0.0033889862,0.008779044,0.008406524,0.014151905,0.0029499116,0.048728984,0.030022254,0.0030256698,0.007474444,0.017212812,0.0035325878,0.005023575,0.4172124,0.0033631118,0.0024497698,0.0036579976,0.0032151397,0.0069480813,0.005964102,0.003982344,0.008871058,0.005763962,0.04431119,0.0053467266,0.006727893,0.0051802183,0.007941091,0.06348314,0.0067953863,0.0058510453,0.007484735,0.009310185,0.008214196,0.018084215,0.0026806113,0.006687838,0.0029502162,0.00580873
2509_F_002,BRC 2613 BRC 2509,Full ROI,,,HW0110125,2509_F 002,BRC 2613 BRC 2509,AD-CAA,AmyloidFree,Parenchyma,0.016495274,0.029701782,0.018551856,0.006537618,0.063052446,0.0069972337,0.006856462,0.0048518367,0.004629799,0.006287539,0.008899205,0.013101622,0.005458903,0.010013871,0.007375092,0.0046711094,0.004972406,0.005736157,0.0073906863,0.0040073106,0.41410777,0.0047162427,0.0015521992,0.0031888324,0.0012461556,0.0057803574,0.00571557,0.01577115,0.004898813,0.008407777,0.02946568,0.009221262,0.010120187,0.0075974395,0.034118533,0.10735584,0.0070076226,0.005982208,0.005439524,0.011555641,0.0073903836,0.035903305,0.005168954,0.008037509,0.0034637982,0.011199061
2509_F_003,BRC 2613 BRC 2509,Full ROI,,,HW0110125,2509_F 003,BRC 2613 BRC 2509,AD-CAA,AmyloidFree,Parenchyma,0.027259931,0.013831925,0.024840526,0.0078199655,0.057677586,0.0034949197,0.006255568,0.007021491,0.0052264277,0.006419218,0.004509284,0.0077239615,0.007980943,0.011868593,0.012231026,0.0034668567,0.008772379,0.0047607813,0.006011858,0.0038033877,0.41916797,0.0035052965,0.0072050034,0.0041898293,0.0029609937,0.00563238,0.0057683033,0.0059118858,0.0039164266,0.008989982,0.0354798,0.01355844,0.009333982,0.006273103,0.026942007,0.11814693,0.00611531,0.0043703364,0.005808822,0.014110829,0.013473031,0.023015387,0.0033594703,0.0043402486,0.0038904825,0.013557169
2509_F_004,BRC 2613 BRC 2509,Full ROI,,,HW0110125,2509_F 004,BRC 2613 BRC 2509,AD-CAA,AmyloidFree,Parenchyma,0.024983883,0.034832824,0.009492276,0.01298446,0.01780376,0.0024066546,0.018172357,0.0027108432,0.0066980133,0.0066038747,0.007001855,0.01087659,0.0025104994,0.06396974,0.035511885,0.003992727,0.014418882,0.010628515,0.009930006,0.004182057,0.41838336,0.003170521,0.0036500194,0.0022790623,0.005182132,0.0029554768,0.006133246,0.013032127,0.009104985,0.007971463,0.0103403,0.004690215,0.005917416,0.0046591456,0.009645063,0.114675805,0.0067225005,0.0047703814,0.0104915565,0.007265383,0.009877975,0.019089403,0.0019436524,0.009118036,0.0032189582,0.006000171
2509_F_005,BRC 2613 BRC 2509,Full ROI,,,HW0110125,2509_F 005,BRC 2613 BRC 2509,AD-CAA,AmyloidFree,Parenchyma,0.011023392,0.01989295,0.013794043,0.008324682,0.06891494,0.015675914,0.0062833065,0.007528615,0.006928856,0.0070281685,0.005314569,0.009448346,0.0055246507,0.0068769325,0.010369852,0.0062725935,0.009800988,0.010371192,0.009248582,0.009433075,0.42211133,0.0039867256,0.0029591545,0.006767104,0.0028073112,0.0046804743,0.0020832021,0.0023706688,0.0031684048,0.004898519,0.02092297,0.011391901,0.010193652,0.014607737,0.016406622,0.092693135,0.010248226,0.0050194184,0.013202239,0.01672257,0.008486927,0.04091919,0.003994287,0.010956435,0.0096172895,0.010728919
2509_F_006,BRC 2613 BRC 2509,Full ROI,,,HW0110125,2509_F 006,BRC 2613 BRC 2509,AD-CAA,AmyloidFree,Parenchyma,0.05555799,0.03885632,0.01371316,0.019124316,0.01394981,0.0038402297,0.013393002,0.003428026,0.0052751983,0.010759431,0.0112513285,0.009009538,0.0030654778,0.027529476,0.019331494,0.006639434,0.014278075,0.010198849,0.0046569556,0.004119085,0.41536626,0.0030442942,0.0064098593,0.0034514908,0.006511282,0.006472969,0.0044678217,0.004549175,0.005693712,0.0076720123,0.02123181,0.004137312,0.0061980174,0.005127609,0.01448579,0.07961647,0.006760013,0.010999339,0.0072186384,0.019593293,0.010901137,0.019312864,0.017584424,0.010112889,0.0026673323,0.012437096
2509_F_007,BRC 2613 BRC 2509,Full ROI,,,HW0110125,2509_F 007,BRC 2613 BRC 2509,AD-CAA,AmyloidFree,Parenchyma,0.009576962,0.044488158,0.016558083,0.00940685,0.06750024,0.0039634802,0.007479718,0.0048267795,0.0069045085,0.0068920716,0.006343952,0.013215533,0.0051692612,0.020597795,0.023621844,0.005470008,0.008110543,0.010330646,0.0062158243,0.004347164,0.42282796,0.003250748,0.0032338153,0.0033285152,0.0035644954,0.004078595,0.005785411,0.004572739,0.004580528,0.01301529,0.029144559,0.004066483,0.00682818,0.0037200076,0.020297017,0.10135786,0.005038302,0.0069073993,0.011434323,0.011117972,0.009238794,0.026549105,0.0016087265,0.0035910083,0.0032908956,0.0065518413
2613_B_001,BRC 2613 BRC 2509,Full ROI,,,HW0110125,2613_B,BRC 2613 BRC 2509,AD-CAA,Amyloid,Capillaries,0.0033900368,0.0044482686,0.0030987721,0.0046344073,0.0040035676,0.008666051,0.006042407,0.008633888,0.01078035,0.008319838,0.009815974,0.0056917337,0.008824727,0.0077566206,0.006334816,0.009803565,0.008231783,0.006240889,0.0068567703,0.00563243,0.63976336,0.007210865,0.005432624,0.0068523083,0.00572964,0.008935872,0.012018623,0.006399749,0.008390305,0.004276577,0.076992646,0.004461701,0.0038598299,0.004407521,0.0028609245,0.0031738237,0.0058098827,0.0044383463,0.0077983346,0.004012527,0.0031944911,0.007051396,0.006597334,0.0081807105,0.00914087,0.0058028307
2613_B_002,BRC 2613 BRC 2509,Full ROI,,,HW0110125,2613_B 002,BRC 2613 BRC 2509,AD-CAA,Amyloid,Capillaries,0.00346345,0.0028438487,0.003875903,0.003991498,0.0035988428,0.0064584585,0.004692991,0.0071987174,0.008642589,0.00609404,0.0060837166,0.0055138357,0.007470413,0.0056631854,0.0057746093,0.007218227,0.0070167086,0.006675511,0.006216707,0.0067299535,0.685043,0.00863447,0.0060783783,0.008267883,0.006549163,0.007305331,0.012529986,0.006529104,0.0072565703,0.0050117006,0.044858918,0.0058016228,0.004720597,0.006210953,0.0039866245,0.0031336844,0.005586816,0.004400566,0.007505663,0.0038893272,0.003643959,0.008906841,0.0066615967,0.0074031698,0.008872022,0.005988893
2613_B_003,BRC 2613 BRC 2509,Full ROI,,,HW0110125,2613_B 003,BRC 2613 BRC 2509,AD-CAA,Amyloid,Capillaries,0.013536181,0.012839275,0.01340227,0.013517708,0.013334065,0.018876588,0.012977334,0.01748585,0.019293446,0.016085707,0.016860297,0.016130496,0.017608253,0.016098207,0.015458038,0.01728797,0.016540278,0.015302494,0.015963055,0.01555498,0.18933752,0.01770087,0.016947124,0.0160492,0.017066274,0.017196093,0.022118926,0.020539735,0.019049438,0.014669856,0.06375495,0.01613989,0.014704831,0.01771128,0.011480998,0.011173162,0.016614264,0.012569339,0.024734214,0.0117332265,0.0114425,0.027180213,0.023444386,0.02355366,0.027890515,0.021045014
2613_B_004,BRC 2613 BRC 2509,Full ROI,,,HW0110125,2613_B 004,BRC 2613 BRC 2509,AD-CAA,Amyloid,Capillaries,0.0022662925,0.002462746,0.006298626,0.0033256738,0.0050369804,0.0046401517,0.0023323384,0.002945199,0.0032195526,0.0023236752,0.0023415082,0.0032641622,0.0030155606,0.0019543055,0.0021969704,0.0023913113,0.0022365276,0.0019660057,0.0021448848,0.0025006484,0.5044281,0.0024472026,0.0027339286,0.002289765,0.0025844036,0.002542735,0.0070969937,0.005988794,0.004704151,0.01800627,0.052100226,0.0035094926,0.0054014553,0.0035199136,0.029581621,0.023018701,0.02523887,0.009943808,0.032038353,0.05326051,0.09526231,0.029530514,0.0035837034,0.0068871244,0.0053380406,0.0100998655
2613_B_005,BRC 2613 BRC 2509,Full ROI,,,HW0110125,2613_B 005,BRC 2613 BRC 2509,AD-CAA,Amyloid,Capillaries,0.009101031,0.009874621,0.010710585,0.0098526515,0.012103076,0.011380262,0.007753995,0.008879972,0.010927405,0.008958553,0.008970591,0.010740088,0.009146499,0.009273779,0.009305593,0.008829296,0.008947398,0.008247065,0.008674406,0.008741278,0.45446637,0.009909233,0.009873439,0.00910691,0.010316534,0.009349263,0.012902998,0.011903595,0.013360717,0.011923967,0.053750988,0.009017737,0.010344583,0.009202908,0.0097443815,0.012403428,0.013590138,0.010679873,0.02184657,0.012409184,0.0118002705,0.022971382,0.012167694,0.017634429,0.014266043,0.014639173
2613_B_006,BRC 2613 BRC 2509,Full ROI,,,HW0110125,2613_B 006,BRC 2613 BRC 2509,AD-CAA,Amyloid,Capillaries,0.012368611,0.01627284,0.0067719705,0.010578095,0.021406407,0.008108457,0.0058724824,0.0059375814,0.0070614656,0.0059651937,0.0061224834,0.0057945917,0.0061324,0.0057322765,0.0054199845,0.0064428886,0.0060296557,0.005518486,0.005779647,0.0057243635,0.60970765,0.0058265603,0.005776547,0.0061473106,0.0057613016,0.0058672004,0.009944249,0.007950537,0.00926016,0.0053729718,0.047790546,0.006206323,0.005205431,0.0067498577,0.0034448707,0.004664674,0.008336143,0.005351394,0.011387779,0.0051784557,0.0042131674,0.011430433,0.011776017,0.01541426,0.014617473,0.0075787734
2613_C_001,BRC 2613 BRC 2509,Full ROI,,,HW0110125,2613_C,BRC 2613 BRC 2509,AD-CAA,Amyloid,Parenchyma,0.0036754448,0.008219557,0.0104474,0.0028328644,0.011510058,0.0036478518,0.002101653,0.0044124364,0.004953038,0.0025657162,0.00265991,0.003467565,0.00450387,0.002001475,0.0022831976,0.0042440956,0.0035801942,0.0026779252,0.002725834,0.0022989118,0.43947098,0.0032905622,0.0029850507,0.0056121447,0.0022805124,0.002764262,0.004455904,0.0022971386,0.003468777,0.0096327895,0.070377305,0.0040446976,0.0056356746,0.0040500425,0.020812124,0.022226242,0.015880683,0.006547088,0.03482186,0.021069257,0.18701258,0.019216662,0.004059176,0.004612281,0.005920492,0.012646703
2613_C_002,BRC 2613 BRC 2509,Full ROI,,,HW0110125,2613_C 002,BRC 2613 BRC 2509,AD-CAA,Amyloid,Parenchyma,0.004819807,0.009319379,0.010407013,0.005118851,0.014629932,0.0038887556,0.0029576009,0.003556041,0.0045619668,0.003166365,0.003051155,0.004258894,0.0032933862,0.0023002336,0.0026034473,0.0030378317,0.002875992,0.002644498,0.0025911487,0.0036076298,0.50868505,0.0040497975,0.0047157663,0.0035066004,0.0034364169,0.0037668077,0.009404603,0.0068561826,0.0069007175,0.021056203,0.034778584,0.004427993,0.0076034754,0.004279351,0.022785727,0.014722791,0.024532253,0.01664357,0.062440127,0.044721022,0.0521163,0.014891249,0.0061777323,0.009674412,0.0070884977,0.008048862
2613_C_003,BRC 2613 BRC 2509,Full ROI,,,HW0110125,2613_C 003,BRC 2613 BRC 2509,AD-CAA,Amyloid,Parenchyma,0.0015991469,0.0015974885,0.0021610416,0.0031200694,0.0020516377,0.0041926736,0.004653675,0.008190213,0.010508896,0.004675557,0.006604807,0.0059646964,0.011421841,0.005096363,0.004228297,0.012845115,0.011147509,0.0056567164,0.0065029413,0.0051242826,0.6318587,0.0053225523,0.0062175523,0.0054274574,0.0059111863,0.0064885356,0.010069172,0.0046579563,0.0077383267,0.0037313292,0.11953219,0.0032894285,0.003583653,0.0045197555,0.0027218577,0.0023494146,0.006067891,0.0070469873,0.011369839,0.0035204005,0.0030397126,0.0044703824,0.003965812,0.0077330875,0.008215701,0.003808241
2613_C_004,BRC 2613 BRC 2509,Full ROI,,,HW0110125,2613_C 004,BRC 2613 BRC 2509,AD-CAA,Amyloid,Parenchyma,0.0012765847,0.0010812891,0.0030914776,0.0014176888,0.001937808,0.00322396,0.0015231076,0.005195659,0.003975142,0.002135413,0.0023969589,0.0029252782,0.0055367206,0.0013464245,0.0014752367,0.0028399068,0.0017736465,0.0014948515,0.0020462251,0.0022896205,0.55346185,0.002363411,0.0033050072,0.0021061786,0.0030976746,0.0020744118,0.016171278,0.0041997475,0.005298631,0.015093428,0.09247189,0.005535358,0.0070730573,0.00543925,0.012548679,0.0032104931,0.01581234,0.013224704,0.14410506,0.0122607,0.011157669,0.004508145,0.001972544,0.0045496426,0.0051198704,0.0048559345
2613_C_005,BRC 2613 BRC 2509,Full ROI,,,HW0110125,2613_C 005,BRC 2613 BRC 2509,AD-CAA,Amyloid,Parenchyma,0.0054117623,0.019083586,0.004356612,0.015329633,0.010252462,0.0032902192,0.008129941,0.00841292,0.0061244573,0.008161756,0.01065276,0.009354587,0.006912284,0.0130021665,0.012539895,0.005997047,0.0082564615,0.0058521843,0.008402094,0.0053822827,0.5752525,0.0075558973,0.014441679,0.0055426615,0.01505261,0.010384751,0.009231398,0.0050249794,0.017483152,0.003918072,0.043924823,0.004867178,0.004594697,0.006065065,0.0029774439,0.0034382134,0.010851025,0.008821275,0.025018208,0.0062332978,0.004137596,0.010208784,0.0052902647,0.016169544,0.004609624,0.0040002316
2613_C_006,BRC 2613 BRC 2509,Full ROI,,,HW0110125,2613_C 006,BRC 2613 BRC 2509,AD-CAA,Amyloid,Parenchyma,0.007740846,0.039189145,0.003774221,0.015428018,0.010538155,0.008356249,0.010163162,0.006727242,0.009166453,0.013159574,0.0095868325,0.008737664,0.0077047087,0.023586141,0.028525595,0.008012178,0.019473223,0.009049861,0.012156547,0.0066406876,0.56853324,0.005201328,0.0056105116,0.003988373,0.004879223,0.006824714,0.005398053,0.0035933226,0.009617726,0.0028990495,0.036281172,0.0035722607,0.0037592235,0.0056112166,0.0022465927,0.002373385,0.006969177,0.0062652603,0.009153925,0.0028231905,0.0025990047,0.006468106,0.004374852,0.026264895,0.0034774684,0.0034981926
2613_C_007,BRC 2613 BRC 2509,Full ROI,,,HW0110125,2613_C 007,BRC 2613 BRC 2509,AD-CAA,Amyloid,Parenchyma,0.0058717276,0.015072887,0.004321095,0.00971926,0.0069163293,0.012535427,0.005636472,0.006537182,0.011113609,0.0062215063,0.0063641844,0.0061557163,0.00719993,0.008038346,0.0084919045,0.008617562,0.0131666735,0.004567259,0.0065067513,0.005373692,0.6178173,0.0058211037,0.011132489,0.006149703,0.0076318,0.007711991,0.012612707,0.013418242,0.009024358,0.0036744995,0.053498477,0.007512612,0.0051748273,0.011339391,0.0024469467,0.002852498,0.007919381,0.0051771807,0.015337906,0.0039005186,0.0051891813,0.0048932503,0.0040477645,0.0110965,0.0032440866,0.0029477933
2613_D_001,BRC 2613 BRC 2509,Full ROI,,,HW0110125,2613_D,BRC 2613 BRC 2509,AD-CAA,AmyloidFree,Arteries,0.0069129425,0.007545263,0.004358887,0.010658526,0.0040339865,0.009095154,0.013001357,0.006590518,0.011431314,0.008614713,0.013641295,0.011622796,0.0060638404,0.025730217,0.016108736,0.011109676,0.018291911,0.005935028,0.02203008,0.014086433,0.54874015,0.004576698,0.0061932355,0.0043527475,0.004679257,0.0058865007,0.016380297,0.009629873,0.021563524,0.00553425,0.041751746,0.0050594364,0.0051034247,0.0066317087,0.0034576154,0.0038098858,0.006622925,0.0069773113,0.009395119,0.0048313867,0.0040948386,0.0076131234,0.0071612005,0.02130973,0.0049538724,0.006827497
2613_D_002,BRC 2613 BRC 2509,Full ROI,,,HW0110125,2613_D 002,BRC 2613 BRC 2509,AD-CAA,AmyloidFree,Arteries,0.005350166,0.0024328616,0.010266891,0.002551414,0.0077903904,0.008622377,0.001934158,0.00473766,0.0045764046,0.002302494,0.0028327848,0.0026491908,0.0059209173,0.0016970669,0.0015480216,0.003827655,0.0021260856,0.0019389794,0.001959929,0.0021337108,0.44967225,0.009142001,0.0031734395,0.006278696,0.0030687847,0.0036206406,0.017174365,0.007461596,0.0035748552,0.032704715,0.09932563,0.0036970996,0.0058911806,0.0054344423,0.05191476,0.009462475,0.015751967,0.007710527,0.011335434,0.0137548065,0.10888346,0.008762683,0.0058048917,0.004776058,0.015964678,0.018459393
2613_D_003,BRC 2613 BRC 2509,Full ROI,,,HW0110125,2613_D 003,BRC 2613 BRC 2509,AD-CAA,AmyloidFree,Arteries,0.0042194505,0.03450586,0.004125418,0.01327668,0.0020810273,0.017326403,0.023847647,0.0022084832,0.0037720613,0.0060519655,0.0056389365,0.010947221,0.0023978145,0.066485725,0.035633378,0.0031924616,0.014102749,0.009208997,0.0057450924,0.015162522,0.4624939,0.009720273,0.0054738508,0.0052711726,0.0036633932,0.007234054,0.0043489984,0.008406022,0.013852715,0.0057684924,0.050446384,0.0039698016,0.0051048594,0.0040204013,0.007138319,0.013860629,0.0087855635,0.010117369,0.009832288,0.0071787075,0.01242153,0.040395115,0.0037937216,0.007898771,0.004343672,0.004530071
2613_D_004,BRC 2613 BRC 2509,Full ROI,,,HW0110125,2613_D 004,BRC 2613 BRC 2509,AD-CAA,AmyloidFree,Arteries,0.0010907894,0.0024409634,0.0055452725,0.0012032322,0.0066763004,0.005835359,0.0008784861,0.0042856303,0.002397072,0.0016397546,0.0014817814,0.0016079085,0.0042990996,0.0008833014,0.0010288347,0.0023025963,0.001277722,0.00095134106,0.0010152513,0.0009970795,0.41819498,0.0021106468,0.0057823695,0.0036308356,0.0019509912,0.0017519305,0.010853673,0.0055040587,0.0017128115,0.0217336,0.046559986,0.010342572,0.0068268813,0.00825537,0.09748677,0.013130106,0.011313446,0.0036852546,0.016724044,0.009925017,0.20626432,0.0072427997,0.0113608595,0.002027697,0.009240842,0.018550338
2613_D_005,BRC 2613 BRC 2509,Full ROI,,,HW0110125,2613_D 005,BRC 2613 BRC 2509,AD-CAA,AmyloidFree,Arteries,0.0016299776,0.001284062,0.0041236063,0.0013440303,0.0029012267,0.012392575,0.0012995546,0.0031557835,0.004928108,0.0017939615,0.0020991508,0.0021116,0.0033850675,0.0011878489,0.0012606225,0.00331255,0.0016992942,0.0014777405,0.0014476127,0.0017247857,0.48658425,0.0017416186,0.0022693246,0.0018821539,0.0016746722,0.0017730317,0.012782599,0.0043716193,0.0030882685,0.017769365,0.0856151,0.002158587,0.0033918284,0.0023960292,0.019633975,0.0057588574,0.012983788,0.0055588684,0.026482955,0.00892142,0.17814144,0.005529693,0.012621842,0.0054339087,0.013947265,0.022928324
2613_F_001,BRC 2613 BRC 2509,Full ROI,,,HW0110125,2613_F,BRC 2613 BRC 2509,AD-CAA,AmyloidFree,Parenchyma,0.0012152703,0.00094174687,0.0025503805,0.0014211714,0.0017207975,0.0024176042,0.0020545733,0.006846449,0.0036805018,0.0025124243,0.0029329592,0.0035661669,0.0077704717,0.0015737116,0.0017307361,0.0033530812,0.002207363,0.0020365177,0.0024388984,0.002956674,0.5214815,0.003517544,0.0037912743,0.0026853124,0.0042171474,0.0038043156,0.006293188,0.005067652,0.004539011,0.010246926,0.1342833,0.0027916746,0.0036529745,0.0028063306,0.015913153,0.004094145,0.012117776,0.014110231,0.1369303,0.009012009,0.011427886,0.005832921,0.0032499123,0.0055955905,0.00944482,0.0071655395
2613_F_002,BRC 2613 BRC 2509,Full ROI,,,HW0110125,2613_F 002,BRC 2613 BRC 2509,AD-CAA,AmyloidFree,Parenchyma,0.0022309658,0.0011003844,0.0076565593,0.0015264428,0.00477186,0.003582145,0.0012117968,0.00883504,0.0033221364,0.0015503035,0.0016044583,0.0017775575,0.008770737,0.00087828364,0.0010299128,0.003254542,0.0013572153,0.001543079,0.0017076395,0.0014869584,0.5297049,0.0019208769,0.0036432368,0.002768845,0.0032618763,0.0025910535,0.0147469165,0.0021665199,0.003721333,0.017463844,0.12620232,0.006430764,0.007262275,0.008279875,0.025471209,0.0024690593,0.007835013,0.017186157,0.11644277,0.009425943,0.013852597,0.004056607,0.0022369125,0.0029981234,0.0050211647,0.003641822
2613_F_003,BRC 2613 BRC 2509,Full ROI,,,HW0110125,2613_F 003,BRC 2613 BRC 2509,AD-CAA,AmyloidFree,Parenchyma,0.0021232148,0.0018562945,0.0058303596,0.0025175945,0.0043632397,0.006035479,0.0024820801,0.0053004543,0.0057931556,0.0036279378,0.005235828,0.0039594234,0.004329671,0.00198411,0.0022264558,0.005328378,0.0030337549,0.0028433017,0.0026814067,0.002942104,0.48016304,0.002230831,0.003392109,0.001973116,0.0020926036,0.0031712991,0.0076046013,0.0038361624,0.0037952408,0.017005192,0.04702335,0.0069001135,0.009025156,0.011546304,0.07547376,0.00928398,0.015210786,0.011957666,0.09497697,0.02229625,0.05051935,0.013879052,0.0054781307,0.0058627445,0.008540146,0.012267824
2495_A_001,BRC 2495 BRC 2052,Full ROI,,,HW0110125,2495_A,BRC 2495 BRC 2052,AD-CAA,Amyloid,Arteries,0.0062609185,0.0060032997,0.0046351287,0.0066514662,0.0066099144,0.0065568993,0.005842741,0.0067229276,0.008692986,0.0065890257,0.0067155585,0.0063372776,0.00786094,0.006279004,0.0060221404,0.007750581,0.0071151243,0.0057167746,0.0062406342,0.0074633597,0.6567526,0.007391732,0.0063311043,0.0056584873,0.0066641187,0.006072034,0.010997487,0.011932537,0.009274707,0.004973741,0.04278237,0.0055670524,0.004489987,0.0061501297,0.0036056982,0.0039907503,0.0075422125,0.005290967,0.008329849,0.0043461523,0.003924461,0.008565348,0.00941395,0.011256056,0.009974226,0.006655513
2495_B_001,BRC 2495 BRC 2052,Full ROI,,,HW0110125,2495_B,BRC 2495 BRC 2052,AD-CAA,Amyloid,Capillaries,0.007909333,0.007276763,0.0077549107,0.008164369,0.0071517187,0.0119265625,0.0080471495,0.010663542,0.011602285,0.009805677,0.010282772,0.009911166,0.01070999,0.009403742,0.009551005,0.010138048,0.009674489,0.009414892,0.009610069,0.008954572,0.4883601,0.010899527,0.01035019,0.009846041,0.010755779,0.010721517,0.013427096,0.010766534,0.011069844,0.009101035,0.053066097,0.009508677,0.009004733,0.010051298,0.006482354,0.007891304,0.011286579,0.0085174,0.015727,0.008033205,0.007226483,0.017041871,0.014956901,0.017950818,0.017137535,0.0128671
2495_C_001,BRC 2495 BRC 2052,Full ROI,,,HW0110125,2495_C,BRC 2495 BRC 2052,AD-CAA,Amyloid,Parenchyma,0.02451088,0.032273717,0.0038198992,0.016135693,0.0043491754,0.006369546,0.015174731,0.002155257,0.011281567,0.0052667083,0.00692673,0.008405123,0.0032664104,0.052334607,0.017571885,0.009305017,0.05550312,0.0043490934,0.004127866,0.0045098853,0.5270514,0.002814898,0.011122341,0.0026492337,0.005763624,0.005801979,0.008779538,0.008091849,0.011584334,0.003676978,0.023628775,0.0052909814,0.0040712124,0.0063580424,0.0028299214,0.007993326,0.0077664335,0.005057606,0.0064728204,0.004558011,0.0062384275,0.01919252,0.0058016004,0.013583405,0.002889553,0.0032942377
2495_C_002,BRC 2495 BRC 2052,Full ROI,,,HW0110125,2495_C 002,BRC 2495 BRC 2052,AD-CAA,Amyloid,Parenchyma,0.0074133873,0.022366641,0.0042292047,0.009629184,0.0052141882,0.0075275176,0.012141564,0.0034336466,0.010281338,0.007878324,0.010502299,0.0067999046,0.0049115196,0.03501467,0.011811003,0.011182199,0.038687844,0.007015389,0.004962144,0.0055704815,0.53728896,0.007943012,0.011510256,0.0070842435,0.012684183,0.0069052815,0.013795206,0.0061384607,0.019855486,0.004551937,0.056635838,0.0034390832,0.0039106463,0.0042040106,0.0031007463,0.0070638037,0.007153162,0.004792253,0.008710353,0.005607837,0.0059249722,0.011290868,0.0068380726,0.006780955,0.0051100915,0.00510779
2495_C_003,BRC 2495 BRC 2052,Full ROI,,,HW0110125,2495_C 003,BRC 2495 BRC 2052,AD-CAA,Amyloid,Parenchyma,0.0120408,0.029725742,0.0030017053,0.007134139,0.0024596765,0.0020428926,0.00425454,0.0043752263,0.031213414,0.005304554,0.009352969,0.009695925,0.0053779474,0.016432134,0.007833177,0.0095870765,0.026433723,0.002460278,0.0028337154,0.003142491,0.57599646,0.010390179,0.010763877,0.003433181,0.0074633965,0.010715298,0.015107724,0.022191107,0.01701773,0.0036002193,0.03308292,0.0026793827,0.0029142636,0.0036922111,0.0024168796,0.003994002,0.010725268,0.0037071044,0.017210463,0.002831333,0.0035659834,0.010325438,0.0053212596,0.0114165535,0.010108434,0.004627223
2495_F_001,BRC 2495 BRC 2052,Full ROI,,,HW0110125,2495_F,BRC 2495 BRC 2052,AD-CAA,AmyloidFree,Parenchyma,0.0061718216,0.0061637866,0.006399026,0.006873955,0.008205558,0.010930106,0.00645015,0.008099705,0.008934769,0.007449551,0.007898524,0.0075313635,0.008022974,0.006754663,0.006750599,0.0076878886,0.0069630765,0.0067865024,0.0067506256,0.007002112,0.600007,0.0071781464,0.0074652326,0.007042327,0.0075880773,0.006826872,0.01043589,0.008977845,0.0085044475,0.007179764,0.050329067,0.006799734,0.006228755,0.007445678,0.0053692693,0.0058241193,0.009989032,0.00602332,0.011153206,0.0068186508,0.0060100304,0.012137837,0.010025785,0.012988759,0.01424014,0.009584173
